config_hash,git_commit,source_hash,prior_id,data_hash,smoke,solver,axis,level,seed,image_id,sigma_true,sigma_assumed,mask_disagreement,mask_density,psnr,ssim,lpips,residual_assumed,residual_true,residual_gap,artifact
d4edbcc97ec00f079508e13004cf8c0e01806e2a1c89e0eb93c0e8df45158196,3edb09d41378dfae155626fe72b75a2c4bde6a58,cff553233941e75169564d196f318bbdd728713e0809f049f5ada55d92b57e1e,7e25783c0a7c26e9b9f205121679098986989cb4fa109a54923972afe75d60ce,ac6168d8c51a9220ff3b88b5de5c6038c357dcd1c8a36c2a1f201e2293e484e8,False,zero_filled,mask,0,0,0,0.03,0.03,0,0.25,22.6588457485,0.656826713866,0.224726304412,0.0395699553192,0.0395699553192,0,reconstructions/d4edbcc97ec00f079508e13004cf8c0e01806e2a1c89e0eb93c0e8df45158196/zero_filled-mask-0.0-0-0.pt
d4edbcc97ec00f079508e13004cf8c0e01806e2a1c89e0eb93c0e8df45158196,3edb09d41378dfae155626fe72b75a2c4bde6a58,cff553233941e75169564d196f318bbdd728713e0809f049f5ada55d92b57e1e,7e25783c0a7c26e9b9f205121679098986989cb4fa109a54923972afe75d60ce,ac6168d8c51a9220ff3b88b5de5c6038c357dcd1c8a36c2a1f201e2293e484e8,False,tv,mask,0,0,0,0.03,0.03,0,0.25,23.9930577641,0.700592967754,0.111344195902,0.0352379865944,0.0352379865944,0,reconstructions/d4edbcc97ec00f079508e13004cf8c0e01806e2a1c89e0eb93c0e8df45158196/tv-mask-0.0-0-0.pt
d4edbcc97ec00f079508e13004cf8c0e01806e2a1c89e0eb93c0e8df45158196,3edb09d41378dfae155626fe72b75a2c4bde6a58,cff553233941e75169564d196f318bbdd728713e0809f049f5ada55d92b57e1e,7e25783c0a7c26e9b9f205121679098986989cb4fa109a54923972afe75d60ce,ac6168d8c51a9220ff3b88b5de5c6038c357dcd1c8a36c2a1f201e2293e484e8,False,dps,mask,0,0,0,0.03,0.03,0,0.25,7.80993773737,0.0645864155882,0.385093271732,0.617158830166,0.617158830166,0,reconstructions/d4edbcc97ec00f079508e13004cf8c0e01806e2a1c89e0eb93c0e8df45158196/dps-mask-0.0-0-0.pt
d4edbcc97ec00f079508e13004cf8c0e01806e2a1c89e0eb93c0e8df45158196,3edb09d41378dfae155626fe72b75a2c4bde6a58,cff553233941e75169564d196f318bbdd728713e0809f049f5ada55d92b57e1e,7e25783c0a7c26e9b9f205121679098986989cb4fa109a54923972afe75d60ce,ac6168d8c51a9220ff3b88b5de5c6038c357dcd1c8a36c2a1f201e2293e484e8,False,diffpir,mask,0,0,0,0.03,0.03,0,0.25,5.88009445856,0.015850313199,1.04634284973,0.308791011572,0.308791011572,0,reconstructions/d4edbcc97ec00f079508e13004cf8c0e01806e2a1c89e0eb93c0e8df45158196/diffpir-mask-0.0-0-0.pt
d4edbcc97ec00f079508e13004cf8c0e01806e2a1c89e0eb93c0e8df45158196,3edb09d41378dfae155626fe72b75a2c4bde6a58,cff553233941e75169564d196f318bbdd728713e0809f049f5ada55d92b57e1e,7e25783c0a7c26e9b9f205121679098986989cb4fa109a54923972afe75d60ce,ac6168d8c51a9220ff3b88b5de5c6038c357dcd1c8a36c2a1f201e2293e484e8,False,pigdm,mask,0,0,0,0.03,0.03,0,0.25,22.5408296133,0.621646700169,0.149851903319,0.0551456399262,0.0551456399262,0,reconstructions/d4edbcc97ec00f079508e13004cf8c0e01806e2a1c89e0eb93c0e8df45158196/pigdm-mask-0.0-0-0.pt
d4edbcc97ec00f079508e13004cf8c0e01806e2a1c89e0eb93c0e8df45158196,3edb09d41378dfae155626fe72b75a2c4bde6a58,cff553233941e75169564d196f318bbdd728713e0809f049f5ada55d92b57e1e,7e25783c0a7c26e9b9f205121679098986989cb4fa109a54923972afe75d60ce,ac6168d8c51a9220ff3b88b5de5c6038c357dcd1c8a36c2a1f201e2293e484e8,False,zero_filled,mask,0,0,1,0.03,0.03,0,0.25,25.0129313257,0.684842478213,0.489915013313,0.0423987694085,0.0423987694085,0,reconstructions/d4edbcc97ec00f079508e13004cf8c0e01806e2a1c89e0eb93c0e8df45158196/zero_filled-mask-0.0-0-1.pt
d4edbcc97ec00f079508e13004cf8c0e01806e2a1c89e0eb93c0e8df45158196,3edb09d41378dfae155626fe72b75a2c4bde6a58,cff553233941e75169564d196f318bbdd728713e0809f049f5ada55d92b57e1e,7e25783c0a7c26e9b9f205121679098986989cb4fa109a54923972afe75d60ce,ac6168d8c51a9220ff3b88b5de5c6038c357dcd1c8a36c2a1f201e2293e484e8,False,tv,mask,0,0,1,0.03,0.03,0,0.25,26.3332726662,0.653182526401,0.412327110767,0.0488629378378,0.0488629378378,0,reconstructions/d4edbcc97ec00f079508e13004cf8c0e01806e2a1c89e0eb93c0e8df45158196/tv-mask-0.0-0-1.pt
d4edbcc97ec00f079508e13004cf8c0e01806e2a1c89e0eb93c0e8df45158196,3edb09d41378dfae155626fe72b75a2c4bde6a58,cff553233941e75169564d196f318bbdd728713e0809f049f5ada55d92b57e1e,7e25783c0a7c26e9b9f205121679098986989cb4fa109a54923972afe75d60ce,ac6168d8c51a9220ff3b88b5de5c6038c357dcd1c8a36c2a1f201e2293e484e8,False,dps,mask,0,0,1,0.03,0.03,0,0.25,13.0257324903,0.108959325591,0.509145975113,0.415755957365,0.415755957365,0,reconstructions/d4edbcc97ec00f079508e13004cf8c0e01806e2a1c89e0eb93c0e8df45158196/dps-mask-0.0-0-1.pt
d4edbcc97ec00f079508e13004cf8c0e01806e2a1c89e0eb93c0e8df45158196,3edb09d41378dfae155626fe72b75a2c4bde6a58,cff553233941e75169564d196f318bbdd728713e0809f049f5ada55d92b57e1e,7e25783c0a7c26e9b9f205121679098986989cb4fa109a54923972afe75d60ce,ac6168d8c51a9220ff3b88b5de5c6038c357dcd1c8a36c2a1f201e2293e484e8,False,diffpir,mask,0,0,1,0.03,0.03,0,0.25,6.21103988312,0.00772842210199,0.784346103668,0.305061757565,0.305061757565,0,reconstructions/d4edbcc97ec00f079508e13004cf8c0e01806e2a1c89e0eb93c0e8df45158196/diffpir-mask-0.0-0-1.pt
d4edbcc97ec00f079508e13004cf8c0e01806e2a1c89e0eb93c0e8df45158196,3edb09d41378dfae155626fe72b75a2c4bde6a58,cff553233941e75169564d196f318bbdd728713e0809f049f5ada55d92b57e1e,7e25783c0a7c26e9b9f205121679098986989cb4fa109a54923972afe75d60ce,ac6168d8c51a9220ff3b88b5de5c6038c357dcd1c8a36c2a1f201e2293e484e8,False,pigdm,mask,0,0,1,0.03,0.03,0,0.25,24.6584304245,0.543103690274,0.439818650484,0.0696149021387,0.0696149021387,0,reconstructions/d4edbcc97ec00f079508e13004cf8c0e01806e2a1c89e0eb93c0e8df45158196/pigdm-mask-0.0-0-1.pt
d4edbcc97ec00f079508e13004cf8c0e01806e2a1c89e0eb93c0e8df45158196,3edb09d41378dfae155626fe72b75a2c4bde6a58,cff553233941e75169564d196f318bbdd728713e0809f049f5ada55d92b57e1e,7e25783c0a7c26e9b9f205121679098986989cb4fa109a54923972afe75d60ce,ac6168d8c51a9220ff3b88b5de5c6038c357dcd1c8a36c2a1f201e2293e484e8,False,zero_filled,mask,0,0,2,0.03,0.03,0,0.25,19.7140299136,0.564251840883,0.209074571729,0.0821735113859,0.0821735113859,0,reconstructions/d4edbcc97ec00f079508e13004cf8c0e01806e2a1c89e0eb93c0e8df45158196/zero_filled-mask-0.0-0-2.pt
d4edbcc97ec00f079508e13004cf8c0e01806e2a1c89e0eb93c0e8df45158196,3edb09d41378dfae155626fe72b75a2c4bde6a58,cff553233941e75169564d196f318bbdd728713e0809f049f5ada55d92b57e1e,7e25783c0a7c26e9b9f205121679098986989cb4fa109a54923972afe75d60ce,ac6168d8c51a9220ff3b88b5de5c6038c357dcd1c8a36c2a1f201e2293e484e8,False,tv,mask,0,0,2,0.03,0.03,0,0.25,23.3861487909,0.847903183694,0.0454960241914,0.0539273731411,0.0539273731411,0,reconstructions/d4edbcc97ec00f079508e13004cf8c0e01806e2a1c89e0eb93c0e8df45158196/tv-mask-0.0-0-2.pt
d4edbcc97ec00f079508e13004cf8c0e01806e2a1c89e0eb93c0e8df45158196,3edb09d41378dfae155626fe72b75a2c4bde6a58,cff553233941e75169564d196f318bbdd728713e0809f049f5ada55d92b57e1e,7e25783c0a7c26e9b9f205121679098986989cb4fa109a54923972afe75d60ce,ac6168d8c51a9220ff3b88b5de5c6038c357dcd1c8a36c2a1f201e2293e484e8,False,dps,mask,0,0,2,0.03,0.03,0,0.25,11.3987603717,0.185226759458,0.151028990746,0.561881065369,0.561881065369,0,reconstructions/d4edbcc97ec00f079508e13004cf8c0e01806e2a1c89e0eb93c0e8df45158196/dps-mask-0.0-0-2.pt
d4edbcc97ec00f079508e13004cf8c0e01806e2a1c89e0eb93c0e8df45158196,3edb09d41378dfae155626fe72b75a2c4bde6a58,cff553233941e75169564d196f318bbdd728713e0809f049f5ada55d92b57e1e,7e25783c0a7c26e9b9f205121679098986989cb4fa109a54923972afe75d60ce,ac6168d8c51a9220ff3b88b5de5c6038c357dcd1c8a36c2a1f201e2293e484e8,False,diffpir,mask,0,0,2,0.03,0.03,0,0.25,4.4008275768,0.00893580725153,0.950305521488,0.87546813488,0.87546813488,0,reconstructions/d4edbcc97ec00f079508e13004cf8c0e01806e2a1c89e0eb93c0e8df45158196/diffpir-mask-0.0-0-2.pt
d4edbcc97ec00f079508e13004cf8c0e01806e2a1c89e0eb93c0e8df45158196,3edb09d41378dfae155626fe72b75a2c4bde6a58,cff553233941e75169564d196f318bbdd728713e0809f049f5ada55d92b57e1e,7e25783c0a7c26e9b9f205121679098986989cb4fa109a54923972afe75d60ce,ac6168d8c51a9220ff3b88b5de5c6038c357dcd1c8a36c2a1f201e2293e484e8,False,pigdm,mask,0,0,2,0.03,0.03,0,0.25,17.7035515002,0.543636878544,0.114995844662,0.230696409941,0.230696409941,0,reconstructions/d4edbcc97ec00f079508e13004cf8c0e01806e2a1c89e0eb93c0e8df45158196/pigdm-mask-0.0-0-2.pt
d4edbcc97ec00f079508e13004cf8c0e01806e2a1c89e0eb93c0e8df45158196,3edb09d41378dfae155626fe72b75a2c4bde6a58,cff553233941e75169564d196f318bbdd728713e0809f049f5ada55d92b57e1e,7e25783c0a7c26e9b9f205121679098986989cb4fa109a54923972afe75d60ce,ac6168d8c51a9220ff3b88b5de5c6038c357dcd1c8a36c2a1f201e2293e484e8,False,zero_filled,mask,0,0,3,0.03,0.03,0,0.25,21.9416295764,0.599393559549,0.285628318787,0.0469795577228,0.0469795577228,0,reconstructions/d4edbcc97ec00f079508e13004cf8c0e01806e2a1c89e0eb93c0e8df45158196/zero_filled-mask-0.0-0-3.pt
d4edbcc97ec00f079508e13004cf8c0e01806e2a1c89e0eb93c0e8df45158196,3edb09d41378dfae155626fe72b75a2c4bde6a58,cff553233941e75169564d196f318bbdd728713e0809f049f5ada55d92b57e1e,7e25783c0a7c26e9b9f205121679098986989cb4fa109a54923972afe75d60ce,ac6168d8c51a9220ff3b88b5de5c6038c357dcd1c8a36c2a1f201e2293e484e8,False,tv,mask,0,0,3,0.03,0.03,0,0.25,27.067018885,0.7841298705,0.183015942574,0.0369923226535,0.0369923226535,0,reconstructions/d4edbcc97ec00f079508e13004cf8c0e01806e2a1c89e0eb93c0e8df45158196/tv-mask-0.0-0-3.pt
d4edbcc97ec00f079508e13004cf8c0e01806e2a1c89e0eb93c0e8df45158196,3edb09d41378dfae155626fe72b75a2c4bde6a58,cff553233941e75169564d196f318bbdd728713e0809f049f5ada55d92b57e1e,7e25783c0a7c26e9b9f205121679098986989cb4fa109a54923972afe75d60ce,ac6168d8c51a9220ff3b88b5de5c6038c357dcd1c8a36c2a1f201e2293e484e8,False,dps,mask,0,0,3,0.03,0.03,0,0.25,5.5623117989,0.0365989035796,0.593524515629,0.840676605701,0.840676605701,0,reconstructions/d4edbcc97ec00f079508e13004cf8c0e01806e2a1c89e0eb93c0e8df45158196/dps-mask-0.0-0-3.pt
d4edbcc97ec00f079508e13004cf8c0e01806e2a1c89e0eb93c0e8df45158196,3edb09d41378dfae155626fe72b75a2c4bde6a58,cff553233941e75169564d196f318bbdd728713e0809f049f5ada55d92b57e1e,7e25783c0a7c26e9b9f205121679098986989cb4fa109a54923972afe75d60ce,ac6168d8c51a9220ff3b88b5de5c6038c357dcd1c8a36c2a1f201e2293e484e8,False,diffpir,mask,0,0,3,0.03,0.03,0,0.25,5.48254649361,0.00158976634892,1.01739811897,0.384639203548,0.384639203548,0,reconstructions/d4edbcc97ec00f079508e13004cf8c0e01806e2a1c89e0eb93c0e8df45158196/diffpir-mask-0.0-0-3.pt
d4edbcc97ec00f079508e13004cf8c0e01806e2a1c89e0eb93c0e8df45158196,3edb09d41378dfae155626fe72b75a2c4bde6a58,cff553233941e75169564d196f318bbdd728713e0809f049f5ada55d92b57e1e,7e25783c0a7c26e9b9f205121679098986989cb4fa109a54923972afe75d60ce,ac6168d8c51a9220ff3b88b5de5c6038c357dcd1c8a36c2a1f201e2293e484e8,False,pigdm,mask,0,0,3,0.03,0.03,0,0.25,23.2484781075,0.632471364112,0.128317803144,0.0577914491296,0.0577914491296,0,reconstructions/d4edbcc97ec00f079508e13004cf8c0e01806e2a1c89e0eb93c0e8df45158196/pigdm-mask-0.0-0-3.pt
d4edbcc97ec00f079508e13004cf8c0e01806e2a1c89e0eb93c0e8df45158196,3edb09d41378dfae155626fe72b75a2c4bde6a58,cff553233941e75169564d196f318bbdd728713e0809f049f5ada55d92b57e1e,7e25783c0a7c26e9b9f205121679098986989cb4fa109a54923972afe75d60ce,ac6168d8c51a9220ff3b88b5de5c6038c357dcd1c8a36c2a1f201e2293e484e8,False,zero_filled,mask,0,0,4,0.03,0.03,0,0.25,21.6368899123,0.720942373847,0.167351126671,0.0440724603832,0.0440724603832,0,reconstructions/d4edbcc97ec00f079508e13004cf8c0e01806e2a1c89e0eb93c0e8df45158196/zero_filled-mask-0.0-0-4.pt
d4edbcc97ec00f079508e13004cf8c0e01806e2a1c89e0eb93c0e8df45158196,3edb09d41378dfae155626fe72b75a2c4bde6a58,cff553233941e75169564d196f318bbdd728713e0809f049f5ada55d92b57e1e,7e25783c0a7c26e9b9f205121679098986989cb4fa109a54923972afe75d60ce,ac6168d8c51a9220ff3b88b5de5c6038c357dcd1c8a36c2a1f201e2293e484e8,False,tv,mask,0,0,4,0.03,0.03,0,0.25,24.2004617694,0.789078127274,0.0813751146197,0.0327188670635,0.0327188670635,0,reconstructions/d4edbcc97ec00f079508e13004cf8c0e01806e2a1c89e0eb93c0e8df45158196/tv-mask-0.0-0-4.pt
d4edbcc97ec00f079508e13004cf8c0e01806e2a1c89e0eb93c0e8df45158196,3edb09d41378dfae155626fe72b75a2c4bde6a58,cff553233941e75169564d196f318bbdd728713e0809f049f5ada55d92b57e1e,7e25783c0a7c26e9b9f205121679098986989cb4fa109a54923972afe75d60ce,ac6168d8c51a9220ff3b88b5de5c6038c357dcd1c8a36c2a1f201e2293e484e8,False,dps,mask,0,0,4,0.03,0.03,0,0.25,10.9549632134,0.11180096879,0.217266917229,0.405591785908,0.405591785908,0,reconstructions/d4edbcc97ec00f079508e13004cf8c0e01806e2a1c89e0eb93c0e8df45158196/dps-mask-0.0-0-4.pt
d4edbcc97ec00f079508e13004cf8c0e01806e2a1c89e0eb93c0e8df45158196,3edb09d41378dfae155626fe72b75a2c4bde6a58,cff553233941e75169564d196f318bbdd728713e0809f049f5ada55d92b57e1e,7e25783c0a7c26e9b9f205121679098986989cb4fa109a54923972afe75d60ce,ac6168d8c51a9220ff3b88b5de5c6038c357dcd1c8a36c2a1f201e2293e484e8,False,diffpir,mask,0,0,4,0.03,0.03,0,0.25,5.2326529492,0.0193230351891,0.977614700794,0.431409537792,0.431409537792,0,reconstructions/d4edbcc97ec00f079508e13004cf8c0e01806e2a1c89e0eb93c0e8df45158196/diffpir-mask-0.0-0-4.pt
d4edbcc97ec00f079508e13004cf8c0e01806e2a1c89e0eb93c0e8df45158196,3edb09d41378dfae155626fe72b75a2c4bde6a58,cff553233941e75169564d196f318bbdd728713e0809f049f5ada55d92b57e1e,7e25783c0a7c26e9b9f205121679098986989cb4fa109a54923972afe75d60ce,ac6168d8c51a9220ff3b88b5de5c6038c357dcd1c8a36c2a1f201e2293e484e8,False,pigdm,mask,0,0,4,0.03,0.03,0,0.25,23.679930958,0.75562371864,0.0671831071377,0.0465558283031,0.0465558283031,0,reconstructions/d4edbcc97ec00f079508e13004cf8c0e01806e2a1c89e0eb93c0e8df45158196/pigdm-mask-0.0-0-4.pt
d4edbcc97ec00f079508e13004cf8c0e01806e2a1c89e0eb93c0e8df45158196,3edb09d41378dfae155626fe72b75a2c4bde6a58,cff553233941e75169564d196f318bbdd728713e0809f049f5ada55d92b57e1e,7e25783c0a7c26e9b9f205121679098986989cb4fa109a54923972afe75d60ce,ac6168d8c51a9220ff3b88b5de5c6038c357dcd1c8a36c2a1f201e2293e484e8,False,zero_filled,mask,0,0,5,0.03,0.03,0,0.25,22.001199642,0.642262153106,0.365350067616,0.0400173664093,0.0400173664093,0,reconstructions/d4edbcc97ec00f079508e13004cf8c0e01806e2a1c89e0eb93c0e8df45158196/zero_filled-mask-0.0-0-5.pt
d4edbcc97ec00f079508e13004cf8c0e01806e2a1c89e0eb93c0e8df45158196,3edb09d41378dfae155626fe72b75a2c4bde6a58,cff553233941e75169564d196f318bbdd728713e0809f049f5ada55d92b57e1e,7e25783c0a7c26e9b9f205121679098986989cb4fa109a54923972afe75d60ce,ac6168d8c51a9220ff3b88b5de5c6038c357dcd1c8a36c2a1f201e2293e484e8,False,tv,mask,0,0,5,0.03,0.03,0,0.25,23.0841255457,0.634394964779,0.210670739412,0.0374664403498,0.0374664403498,0,reconstructions/d4edbcc97ec00f079508e13004cf8c0e01806e2a1c89e0eb93c0e8df45158196/tv-mask-0.0-0-5.pt
d4edbcc97ec00f079508e13004cf8c0e01806e2a1c89e0eb93c0e8df45158196,3edb09d41378dfae155626fe72b75a2c4bde6a58,cff553233941e75169564d196f318bbdd728713e0809f049f5ada55d92b57e1e,7e25783c0a7c26e9b9f205121679098986989cb4fa109a54923972afe75d60ce,ac6168d8c51a9220ff3b88b5de5c6038c357dcd1c8a36c2a1f201e2293e484e8,False,dps,mask,0,0,5,0.03,0.03,0,0.25,9.72978140185,0.0818735080597,0.656715035439,0.462106645107,0.462106645107,0,reconstructions/d4edbcc97ec00f079508e13004cf8c0e01806e2a1c89e0eb93c0e8df45158196/dps-mask-0.0-0-5.pt
d4edbcc97ec00f079508e13004cf8c0e01806e2a1c89e0eb93c0e8df45158196,3edb09d41378dfae155626fe72b75a2c4bde6a58,cff553233941e75169564d196f318bbdd728713e0809f049f5ada55d92b57e1e,7e25783c0a7c26e9b9f205121679098986989cb4fa109a54923972afe75d60ce,ac6168d8c51a9220ff3b88b5de5c6038c357dcd1c8a36c2a1f201e2293e484e8,False,diffpir,mask,0,0,5,0.03,0.03,0,0.25,5.50478401737,0.0132917236677,0.866613924503,0.356924474239,0.356924474239,0,reconstructions/d4edbcc97ec00f079508e13004cf8c0e01806e2a1c89e0eb93c0e8df45158196/diffpir-mask-0.0-0-5.pt
d4edbcc97ec00f079508e13004cf8c0e01806e2a1c89e0eb93c0e8df45158196,3edb09d41378dfae155626fe72b75a2c4bde6a58,cff553233941e75169564d196f318bbdd728713e0809f049f5ada55d92b57e1e,7e25783c0a7c26e9b9f205121679098986989cb4fa109a54923972afe75d60ce,ac6168d8c51a9220ff3b88b5de5c6038c357dcd1c8a36c2a1f201e2293e484e8,False,pigdm,mask,0,0,5,0.03,0.03,0,0.25,21.8166806631,0.564457758788,0.2049305439,0.0551300048828,0.0551300048828,0,reconstructions/d4edbcc97ec00f079508e13004cf8c0e01806e2a1c89e0eb93c0e8df45158196/pigdm-mask-0.0-0-5.pt
d4edbcc97ec00f079508e13004cf8c0e01806e2a1c89e0eb93c0e8df45158196,3edb09d41378dfae155626fe72b75a2c4bde6a58,cff553233941e75169564d196f318bbdd728713e0809f049f5ada55d92b57e1e,7e25783c0a7c26e9b9f205121679098986989cb4fa109a54923972afe75d60ce,ac6168d8c51a9220ff3b88b5de5c6038c357dcd1c8a36c2a1f201e2293e484e8,False,zero_filled,mask,0,0,6,0.03,0.03,0,0.25,18.072035998,0.509170001742,0.274148732424,0.0898019596934,0.0898019596934,0,reconstructions/d4edbcc97ec00f079508e13004cf8c0e01806e2a1c89e0eb93c0e8df45158196/zero_filled-mask-0.0-0-6.pt
d4edbcc97ec00f079508e13004cf8c0e01806e2a1c89e0eb93c0e8df45158196,3edb09d41378dfae155626fe72b75a2c4bde6a58,cff553233941e75169564d196f318bbdd728713e0809f049f5ada55d92b57e1e,7e25783c0a7c26e9b9f205121679098986989cb4fa109a54923972afe75d60ce,ac6168d8c51a9220ff3b88b5de5c6038c357dcd1c8a36c2a1f201e2293e484e8,False,tv,mask,0,0,6,0.03,0.03,0,0.25,21.8314079802,0.745148188356,0.066240593791,0.0577669888735,0.0577669888735,0,reconstructions/d4edbcc97ec00f079508e13004cf8c0e01806e2a1c89e0eb93c0e8df45158196/tv-mask-0.0-0-6.pt
d4edbcc97ec00f079508e13004cf8c0e01806e2a1c89e0eb93c0e8df45158196,3edb09d41378dfae155626fe72b75a2c4bde6a58,cff553233941e75169564d196f318bbdd728713e0809f049f5ada55d92b57e1e,7e25783c0a7c26e9b9f205121679098986989cb4fa109a54923972afe75d60ce,ac6168d8c51a9220ff3b88b5de5c6038c357dcd1c8a36c2a1f201e2293e484e8,False,dps,mask,0,0,6,0.03,0.03,0,0.25,8.37522144199,0.00896532953977,0.53497838974,0.89525860548,0.89525860548,0,reconstructions/d4edbcc97ec00f079508e13004cf8c0e01806e2a1c89e0eb93c0e8df45158196/dps-mask-0.0-0-6.pt
d4edbcc97ec00f079508e13004cf8c0e01806e2a1c89e0eb93c0e8df45158196,3edb09d41378dfae155626fe72b75a2c4bde6a58,cff553233941e75169564d196f318bbdd728713e0809f049f5ada55d92b57e1e,7e25783c0a7c26e9b9f205121679098986989cb4fa109a54923972afe75d60ce,ac6168d8c51a9220ff3b88b5de5c6038c357dcd1c8a36c2a1f201e2293e484e8,False,diffpir,mask,0,0,6,0.03,0.03,0,0.25,4.23376904483,0.00358648826368,0.877369582653,0.924759268761,0.924759268761,0,reconstructions/d4edbcc97ec00f079508e13004cf8c0e01806e2a1c89e0eb93c0e8df45158196/diffpir-mask-0.0-0-6.pt
d4edbcc97ec00f079508e13004cf8c0e01806e2a1c89e0eb93c0e8df45158196,3edb09d41378dfae155626fe72b75a2c4bde6a58,cff553233941e75169564d196f318bbdd728713e0809f049f5ada55d92b57e1e,7e25783c0a7c26e9b9f205121679098986989cb4fa109a54923972afe75d60ce,ac6168d8c51a9220ff3b88b5de5c6038c357dcd1c8a36c2a1f201e2293e484e8,False,pigdm,mask,0,0,6,0.03,0.03,0,0.25,17.2801954034,0.521357452638,0.136897742748,0.245503783226,0.245503783226,0,reconstructions/d4edbcc97ec00f079508e13004cf8c0e01806e2a1c89e0eb93c0e8df45158196/pigdm-mask-0.0-0-6.pt
d4edbcc97ec00f079508e13004cf8c0e01806e2a1c89e0eb93c0e8df45158196,3edb09d41378dfae155626fe72b75a2c4bde6a58,cff553233941e75169564d196f318bbdd728713e0809f049f5ada55d92b57e1e,7e25783c0a7c26e9b9f205121679098986989cb4fa109a54923972afe75d60ce,ac6168d8c51a9220ff3b88b5de5c6038c357dcd1c8a36c2a1f201e2293e484e8,False,zero_filled,mask,0,0,7,0.03,0.03,0,0.25,20.5633420154,0.58555962536,0.206613197923,0.0729525312781,0.0729525312781,0,reconstructions/d4edbcc97ec00f079508e13004cf8c0e01806e2a1c89e0eb93c0e8df45158196/zero_filled-mask-0.0-0-7.pt
d4edbcc97ec00f079508e13004cf8c0e01806e2a1c89e0eb93c0e8df45158196,3edb09d41378dfae155626fe72b75a2c4bde6a58,cff553233941e75169564d196f318bbdd728713e0809f049f5ada55d92b57e1e,7e25783c0a7c26e9b9f205121679098986989cb4fa109a54923972afe75d60ce,ac6168d8c51a9220ff3b88b5de5c6038c357dcd1c8a36c2a1f201e2293e484e8,False,tv,mask,0,0,7,0.03,0.03,0,0.25,24.3813865241,0.81616764701,0.0538613274693,0.0517907813191,0.0517907813191,0,reconstructions/d4edbcc97ec00f079508e13004cf8c0e01806e2a1c89e0eb93c0e8df45158196/tv-mask-0.0-0-7.pt
d4edbcc97ec00f079508e13004cf8c0e01806e2a1c89e0eb93c0e8df45158196,3edb09d41378dfae155626fe72b75a2c4bde6a58,cff553233941e75169564d196f318bbdd728713e0809f049f5ada55d92b57e1e,7e25783c0a7c26e9b9f205121679098986989cb4fa109a54923972afe75d60ce,ac6168d8c51a9220ff3b88b5de5c6038c357dcd1c8a36c2a1f201e2293e484e8,False,dps,mask,0,0,7,0.03,0.03,0,0.25,6.77408753391,-0.0387825443046,0.379332631826,1.00326883793,1.00326883793,0,reconstructions/d4edbcc97ec00f079508e13004cf8c0e01806e2a1c89e0eb93c0e8df45158196/dps-mask-0.0-0-7.pt
d4edbcc97ec00f079508e13004cf8c0e01806e2a1c89e0eb93c0e8df45158196,3edb09d41378dfae155626fe72b75a2c4bde6a58,cff553233941e75169564d196f318bbdd728713e0809f049f5ada55d92b57e1e,7e25783c0a7c26e9b9f205121679098986989cb4fa109a54923972afe75d60ce,ac6168d8c51a9220ff3b88b5de5c6038c357dcd1c8a36c2a1f201e2293e484e8,False,diffpir,mask,0,0,7,0.03,0.03,0,0.25,4.60232812557,0.00524781843756,0.965060412884,0.79150223732,0.79150223732,0,reconstructions/d4edbcc97ec00f079508e13004cf8c0e01806e2a1c89e0eb93c0e8df45158196/diffpir-mask-0.0-0-7.pt
d4edbcc97ec00f079508e13004cf8c0e01806e2a1c89e0eb93c0e8df45158196,3edb09d41378dfae155626fe72b75a2c4bde6a58,cff553233941e75169564d196f318bbdd728713e0809f049f5ada55d92b57e1e,7e25783c0a7c26e9b9f205121679098986989cb4fa109a54923972afe75d60ce,ac6168d8c51a9220ff3b88b5de5c6038c357dcd1c8a36c2a1f201e2293e484e8,False,pigdm,mask,0,0,7,0.03,0.03,0,0.25,20.3356544364,0.536765210947,0.142406970263,0.15135845542,0.15135845542,0,reconstructions/d4edbcc97ec00f079508e13004cf8c0e01806e2a1c89e0eb93c0e8df45158196/pigdm-mask-0.0-0-7.pt
d4edbcc97ec00f079508e13004cf8c0e01806e2a1c89e0eb93c0e8df45158196,3edb09d41378dfae155626fe72b75a2c4bde6a58,cff553233941e75169564d196f318bbdd728713e0809f049f5ada55d92b57e1e,7e25783c0a7c26e9b9f205121679098986989cb4fa109a54923972afe75d60ce,ac6168d8c51a9220ff3b88b5de5c6038c357dcd1c8a36c2a1f201e2293e484e8,False,zero_filled,mask,0,1,0,0.03,0.03,0,0.25,22.2046624824,0.63262735649,0.28461125493,0.036162558943,0.036162558943,0,reconstructions/d4edbcc97ec00f079508e13004cf8c0e01806e2a1c89e0eb93c0e8df45158196/zero_filled-mask-0.0-1-0.pt
d4edbcc97ec00f079508e13004cf8c0e01806e2a1c89e0eb93c0e8df45158196,3edb09d41378dfae155626fe72b75a2c4bde6a58,cff553233941e75169564d196f318bbdd728713e0809f049f5ada55d92b57e1e,7e25783c0a7c26e9b9f205121679098986989cb4fa109a54923972afe75d60ce,ac6168d8c51a9220ff3b88b5de5c6038c357dcd1c8a36c2a1f201e2293e484e8,False,tv,mask,0,1,0,0.03,0.03,0,0.25,23.7228868583,0.67237846201,0.118301518261,0.0363738834858,0.0363738834858,0,reconstructions/d4edbcc97ec00f079508e13004cf8c0e01806e2a1c89e0eb93c0e8df45158196/tv-mask-0.0-1-0.pt
d4edbcc97ec00f079508e13004cf8c0e01806e2a1c89e0eb93c0e8df45158196,3edb09d41378dfae155626fe72b75a2c4bde6a58,cff553233941e75169564d196f318bbdd728713e0809f049f5ada55d92b57e1e,7e25783c0a7c26e9b9f205121679098986989cb4fa109a54923972afe75d60ce,ac6168d8c51a9220ff3b88b5de5c6038c357dcd1c8a36c2a1f201e2293e484e8,False,dps,mask,0,1,0,0.03,0.03,0,0.25,10.2190752859,0.113151392289,0.340085685253,0.46885073185,0.46885073185,0,reconstructions/d4edbcc97ec00f079508e13004cf8c0e01806e2a1c89e0eb93c0e8df45158196/dps-mask-0.0-1-0.pt
d4edbcc97ec00f079508e13004cf8c0e01806e2a1c89e0eb93c0e8df45158196,3edb09d41378dfae155626fe72b75a2c4bde6a58,cff553233941e75169564d196f318bbdd728713e0809f049f5ada55d92b57e1e,7e25783c0a7c26e9b9f205121679098986989cb4fa109a54923972afe75d60ce,ac6168d8c51a9220ff3b88b5de5c6038c357dcd1c8a36c2a1f201e2293e484e8,False,diffpir,mask,0,1,0,0.03,0.03,0,0.25,5.86039976339,0.0106510065968,0.970785498619,0.30121281743,0.30121281743,0,reconstructions/d4edbcc97ec00f079508e13004cf8c0e01806e2a1c89e0eb93c0e8df45158196/diffpir-mask-0.0-1-0.pt
d4edbcc97ec00f079508e13004cf8c0e01806e2a1c89e0eb93c0e8df45158196,3edb09d41378dfae155626fe72b75a2c4bde6a58,cff553233941e75169564d196f318bbdd728713e0809f049f5ada55d92b57e1e,7e25783c0a7c26e9b9f205121679098986989cb4fa109a54923972afe75d60ce,ac6168d8c51a9220ff3b88b5de5c6038c357dcd1c8a36c2a1f201e2293e484e8,False,pigdm,mask,0,1,0,0.03,0.03,0,0.25,21.8750660021,0.573817540285,0.102194063365,0.0513904429972,0.0513904429972,0,reconstructions/d4edbcc97ec00f079508e13004cf8c0e01806e2a1c89e0eb93c0e8df45158196/pigdm-mask-0.0-1-0.pt
d4edbcc97ec00f079508e13004cf8c0e01806e2a1c89e0eb93c0e8df45158196,3edb09d41378dfae155626fe72b75a2c4bde6a58,cff553233941e75169564d196f318bbdd728713e0809f049f5ada55d92b57e1e,7e25783c0a7c26e9b9f205121679098986989cb4fa109a54923972afe75d60ce,ac6168d8c51a9220ff3b88b5de5c6038c357dcd1c8a36c2a1f201e2293e484e8,False,zero_filled,mask,0,1,1,0.03,0.03,0,0.25,24.7355750564,0.678192674721,0.417637109756,0.0395005047321,0.0395005047321,0,reconstructions/d4edbcc97ec00f079508e13004cf8c0e01806e2a1c89e0eb93c0e8df45158196/zero_filled-mask-0.0-1-1.pt
d4edbcc97ec00f079508e13004cf8c0e01806e2a1c89e0eb93c0e8df45158196,3edb09d41378dfae155626fe72b75a2c4bde6a58,cff553233941e75169564d196f318bbdd728713e0809f049f5ada55d92b57e1e,7e25783c0a7c26e9b9f205121679098986989cb4fa109a54923972afe75d60ce,ac6168d8c51a9220ff3b88b5de5c6038c357dcd1c8a36c2a1f201e2293e484e8,False,tv,mask,0,1,1,0.03,0.03,0,0.25,25.9807354937,0.633378917092,0.316274940968,0.0502718649805,0.0502718649805,0,reconstructions/d4edbcc97ec00f079508e13004cf8c0e01806e2a1c89e0eb93c0e8df45158196/tv-mask-0.0-1-1.pt
d4edbcc97ec00f079508e13004cf8c0e01806e2a1c89e0eb93c0e8df45158196,3edb09d41378dfae155626fe72b75a2c4bde6a58,cff553233941e75169564d196f318bbdd728713e0809f049f5ada55d92b57e1e,7e25783c0a7c26e9b9f205121679098986989cb4fa109a54923972afe75d60ce,ac6168d8c51a9220ff3b88b5de5c6038c357dcd1c8a36c2a1f201e2293e484e8,False,dps,mask,0,1,1,0.03,0.03,0,0.25,8.34246340709,0.0286202599698,0.584222972393,0.748759567738,0.748759567738,0,reconstructions/d4edbcc97ec00f079508e13004cf8c0e01806e2a1c89e0eb93c0e8df45158196/dps-mask-0.0-1-1.pt
d4edbcc97ec00f079508e13004cf8c0e01806e2a1c89e0eb93c0e8df45158196,3edb09d41378dfae155626fe72b75a2c4bde6a58,cff553233941e75169564d196f318bbdd728713e0809f049f5ada55d92b57e1e,7e25783c0a7c26e9b9f205121679098986989cb4fa109a54923972afe75d60ce,ac6168d8c51a9220ff3b88b5de5c6038c357dcd1c8a36c2a1f201e2293e484e8,False,diffpir,mask,0,1,1,0.03,0.03,0,0.25,6.22538263064,0.0159819320968,0.759632825851,0.300485521555,0.300485521555,0,reconstructions/d4edbcc97ec00f079508e13004cf8c0e01806e2a1c89e0eb93c0e8df45158196/diffpir-mask-0.0-1-1.pt
d4edbcc97ec00f079508e13004cf8c0e01806e2a1c89e0eb93c0e8df45158196,3edb09d41378dfae155626fe72b75a2c4bde6a58,cff553233941e75169564d196f318bbdd728713e0809f049f5ada55d92b57e1e,7e25783c0a7c26e9b9f205121679098986989cb4fa109a54923972afe75d60ce,ac6168d8c51a9220ff3b88b5de5c6038c357dcd1c8a36c2a1f201e2293e484e8,False,pigdm,mask,0,1,1,0.03,0.03,0,0.25,24.0600163877,0.55265449702,0.280442267656,0.0667143762112,0.0667143762112,0,reconstructions/d4edbcc97ec00f079508e13004cf8c0e01806e2a1c89e0eb93c0e8df45158196/pigdm-mask-0.0-1-1.pt
d4edbcc97ec00f079508e13004cf8c0e01806e2a1c89e0eb93c0e8df45158196,3edb09d41378dfae155626fe72b75a2c4bde6a58,cff553233941e75169564d196f318bbdd728713e0809f049f5ada55d92b57e1e,7e25783c0a7c26e9b9f205121679098986989cb4fa109a54923972afe75d60ce,ac6168d8c51a9220ff3b88b5de5c6038c357dcd1c8a36c2a1f201e2293e484e8,False,zero_filled,mask,0,1,2,0.03,0.03,0,0.25,19.0949875008,0.545044295258,0.227540493011,0.0716555118561,0.0716555118561,0,reconstructions/d4edbcc97ec00f079508e13004cf8c0e01806e2a1c89e0eb93c0e8df45158196/zero_filled-mask-0.0-1-2.pt
d4edbcc97ec00f079508e13004cf8c0e01806e2a1c89e0eb93c0e8df45158196,3edb09d41378dfae155626fe72b75a2c4bde6a58,cff553233941e75169564d196f318bbdd728713e0809f049f5ada55d92b57e1e,7e25783c0a7c26e9b9f205121679098986989cb4fa109a54923972afe75d60ce,ac6168d8c51a9220ff3b88b5de5c6038c357dcd1c8a36c2a1f201e2293e484e8,False,tv,mask,0,1,2,0.03,0.03,0,0.25,22.2851196043,0.791705732184,0.057649448514,0.0557870790362,0.0557870790362,0,reconstructions/d4edbcc97ec00f079508e13004cf8c0e01806e2a1c89e0eb93c0e8df45158196/tv-mask-0.0-1-2.pt
d4edbcc97ec00f079508e13004cf8c0e01806e2a1c89e0eb93c0e8df45158196,3edb09d41378dfae155626fe72b75a2c4bde6a58,cff553233941e75169564d196f318bbdd728713e0809f049f5ada55d92b57e1e,7e25783c0a7c26e9b9f205121679098986989cb4fa109a54923972afe75d60ce,ac6168d8c51a9220ff3b88b5de5c6038c357dcd1c8a36c2a1f201e2293e484e8,False,dps,mask,0,1,2,0.03,0.03,0,0.25,9.44527058403,0.0638372536497,0.284519582987,0.741458714008,0.741458714008,0,reconstructions/d4edbcc97ec00f079508e13004cf8c0e01806e2a1c89e0eb93c0e8df45158196/dps-mask-0.0-1-2.pt
d4edbcc97ec00f079508e13004cf8c0e01806e2a1c89e0eb93c0e8df45158196,3edb09d41378dfae155626fe72b75a2c4bde6a58,cff553233941e75169564d196f318bbdd728713e0809f049f5ada55d92b57e1e,7e25783c0a7c26e9b9f205121679098986989cb4fa109a54923972afe75d60ce,ac6168d8c51a9220ff3b88b5de5c6038c357dcd1c8a36c2a1f201e2293e484e8,False,diffpir,mask,0,1,2,0.03,0.03,0,0.25,4.44495340446,0.0170902236145,0.88236951828,0.864998519421,0.864998519421,0,reconstructions/d4edbcc97ec00f079508e13004cf8c0e01806e2a1c89e0eb93c0e8df45158196/diffpir-mask-0.0-1-2.pt
d4edbcc97ec00f079508e13004cf8c0e01806e2a1c89e0eb93c0e8df45158196,3edb09d41378dfae155626fe72b75a2c4bde6a58,cff553233941e75169564d196f318bbdd728713e0809f049f5ada55d92b57e1e,7e25783c0a7c26e9b9f205121679098986989cb4fa109a54923972afe75d60ce,ac6168d8c51a9220ff3b88b5de5c6038c357dcd1c8a36c2a1f201e2293e484e8,False,pigdm,mask,0,1,2,0.03,0.03,0,0.25,18.3704377746,0.528071142762,0.0926485955715,0.190625861287,0.190625861287,0,reconstructions/d4edbcc97ec00f079508e13004cf8c0e01806e2a1c89e0eb93c0e8df45158196/pigdm-mask-0.0-1-2.pt
d4edbcc97ec00f079508e13004cf8c0e01806e2a1c89e0eb93c0e8df45158196,3edb09d41378dfae155626fe72b75a2c4bde6a58,cff553233941e75169564d196f318bbdd728713e0809f049f5ada55d92b57e1e,7e25783c0a7c26e9b9f205121679098986989cb4fa109a54923972afe75d60ce,ac6168d8c51a9220ff3b88b5de5c6038c357dcd1c8a36c2a1f201e2293e484e8,False,zero_filled,mask,0,1,3,0.03,0.03,0,0.25,21.4834234263,0.608972967773,0.245045855641,0.042365334928,0.042365334928,0,reconstructions/d4edbcc97ec00f079508e13004cf8c0e01806e2a1c89e0eb93c0e8df45158196/zero_filled-mask-0.0-1-3.pt
d4edbcc97ec00f079508e13004cf8c0e01806e2a1c89e0eb93c0e8df45158196,3edb09d41378dfae155626fe72b75a2c4bde6a58,cff553233941e75169564d196f318bbdd728713e0809f049f5ada55d92b57e1e,7e25783c0a7c26e9b9f205121679098986989cb4fa109a54923972afe75d60ce,ac6168d8c51a9220ff3b88b5de5c6038c357dcd1c8a36c2a1f201e2293e484e8,False,tv,mask,0,1,3,0.03,0.03,0,0.25,26.4310100741,0.76344070425,0.178075611591,0.0365573167801,0.0365573167801,0,reconstructions/d4edbcc97ec00f079508e13004cf8c0e01806e2a1c89e0eb93c0e8df45158196/tv-mask-0.0-1-3.pt
d4edbcc97ec00f079508e13004cf8c0e01806e2a1c89e0eb93c0e8df45158196,3edb09d41378dfae155626fe72b75a2c4bde6a58,cff553233941e75169564d196f318bbdd728713e0809f049f5ada55d92b57e1e,7e25783c0a7c26e9b9f205121679098986989cb4fa109a54923972afe75d60ce,ac6168d8c51a9220ff3b88b5de5c6038c357dcd1c8a36c2a1f201e2293e484e8,False,dps,mask,0,1,3,0.03,0.03,0,0.25,12.0305661762,0.151912290662,0.38518679142,0.359732180834,0.359732180834,0,reconstructions/d4edbcc97ec00f079508e13004cf8c0e01806e2a1c89e0eb93c0e8df45158196/dps-mask-0.0-1-3.pt
d4edbcc97ec00f079508e13004cf8c0e01806e2a1c89e0eb93c0e8df45158196,3edb09d41378dfae155626fe72b75a2c4bde6a58,cff553233941e75169564d196f318bbdd728713e0809f049f5ada55d92b57e1e,7e25783c0a7c26e9b9f205121679098986989cb4fa109a54923972afe75d60ce,ac6168d8c51a9220ff3b88b5de5c6038c357dcd1c8a36c2a1f201e2293e484e8,False,diffpir,mask,0,1,3,0.03,0.03,0,0.25,5.51571446053,0.00556491045629,0.969583213329,0.375601738691,0.375601738691,0,reconstructions/d4edbcc97ec00f079508e13004cf8c0e01806e2a1c89e0eb93c0e8df45158196/diffpir-mask-0.0-1-3.pt
d4edbcc97ec00f079508e13004cf8c0e01806e2a1c89e0eb93c0e8df45158196,3edb09d41378dfae155626fe72b75a2c4bde6a58,cff553233941e75169564d196f318bbdd728713e0809f049f5ada55d92b57e1e,7e25783c0a7c26e9b9f205121679098986989cb4fa109a54923972afe75d60ce,ac6168d8c51a9220ff3b88b5de5c6038c357dcd1c8a36c2a1f201e2293e484e8,False,pigdm,mask,0,1,3,0.03,0.03,0,0.25,23.5852357281,0.70622595682,0.129804044962,0.055562980473,0.055562980473,0,reconstructions/d4edbcc97ec00f079508e13004cf8c0e01806e2a1c89e0eb93c0e8df45158196/pigdm-mask-0.0-1-3.pt
d4edbcc97ec00f079508e13004cf8c0e01806e2a1c89e0eb93c0e8df45158196,3edb09d41378dfae155626fe72b75a2c4bde6a58,cff553233941e75169564d196f318bbdd728713e0809f049f5ada55d92b57e1e,7e25783c0a7c26e9b9f205121679098986989cb4fa109a54923972afe75d60ce,ac6168d8c51a9220ff3b88b5de5c6038c357dcd1c8a36c2a1f201e2293e484e8,False,zero_filled,mask,0,1,4,0.03,0.03,0,0.25,21.0439711051,0.694471524014,0.187386095524,0.039288405329,0.039288405329,0,reconstructions/d4edbcc97ec00f079508e13004cf8c0e01806e2a1c89e0eb93c0e8df45158196/zero_filled-mask-0.0-1-4.pt
d4edbcc97ec00f079508e13004cf8c0e01806e2a1c89e0eb93c0e8df45158196,3edb09d41378dfae155626fe72b75a2c4bde6a58,cff553233941e75169564d196f318bbdd728713e0809f049f5ada55d92b57e1e,7e25783c0a7c26e9b9f205121679098986989cb4fa109a54923972afe75d60ce,ac6168d8c51a9220ff3b88b5de5c6038c357dcd1c8a36c2a1f201e2293e484e8,False,tv,mask,0,1,4,0.03,0.03,0,0.25,22.6283952057,0.73807088889,0.0792167037725,0.0332164615393,0.0332164615393,0,reconstructions/d4edbcc97ec00f079508e13004cf8c0e01806e2a1c89e0eb93c0e8df45158196/tv-mask-0.0-1-4.pt
d4edbcc97ec00f079508e13004cf8c0e01806e2a1c89e0eb93c0e8df45158196,3edb09d41378dfae155626fe72b75a2c4bde6a58,cff553233941e75169564d196f318bbdd728713e0809f049f5ada55d92b57e1e,7e25783c0a7c26e9b9f205121679098986989cb4fa109a54923972afe75d60ce,ac6168d8c51a9220ff3b88b5de5c6038c357dcd1c8a36c2a1f201e2293e484e8,False,dps,mask,0,1,4,0.03,0.03,0,0.25,8.15864938278,0.0973021353708,0.470975756645,0.576993763447,0.576993763447,0,reconstructions/d4edbcc97ec00f079508e13004cf8c0e01806e2a1c89e0eb93c0e8df45158196/dps-mask-0.0-1-4.pt
d4edbcc97ec00f079508e13004cf8c0e01806e2a1c89e0eb93c0e8df45158196,3edb09d41378dfae155626fe72b75a2c4bde6a58,cff553233941e75169564d196f318bbdd728713e0809f049f5ada55d92b57e1e,7e25783c0a7c26e9b9f205121679098986989cb4fa109a54923972afe75d60ce,ac6168d8c51a9220ff3b88b5de5c6038c357dcd1c8a36c2a1f201e2293e484e8,False,diffpir,mask,0,1,4,0.03,0.03,0,0.25,5.29127086677,0.0230717931289,0.960191369057,0.411290019751,0.411290019751,0,reconstructions/d4edbcc97ec00f079508e13004cf8c0e01806e2a1c89e0eb93c0e8df45158196/diffpir-mask-0.0-1-4.pt
d4edbcc97ec00f079508e13004cf8c0e01806e2a1c89e0eb93c0e8df45158196,3edb09d41378dfae155626fe72b75a2c4bde6a58,cff553233941e75169564d196f318bbdd728713e0809f049f5ada55d92b57e1e,7e25783c0a7c26e9b9f205121679098986989cb4fa109a54923972afe75d60ce,ac6168d8c51a9220ff3b88b5de5c6038c357dcd1c8a36c2a1f201e2293e484e8,False,pigdm,mask,0,1,4,0.03,0.03,0,0.25,21.9161177545,0.681963203088,0.0703595355153,0.0506491214037,0.0506491214037,0,reconstructions/d4edbcc97ec00f079508e13004cf8c0e01806e2a1c89e0eb93c0e8df45158196/pigdm-mask-0.0-1-4.pt
d4edbcc97ec00f079508e13004cf8c0e01806e2a1c89e0eb93c0e8df45158196,3edb09d41378dfae155626fe72b75a2c4bde6a58,cff553233941e75169564d196f318bbdd728713e0809f049f5ada55d92b57e1e,7e25783c0a7c26e9b9f205121679098986989cb4fa109a54923972afe75d60ce,ac6168d8c51a9220ff3b88b5de5c6038c357dcd1c8a36c2a1f201e2293e484e8,False,zero_filled,mask,0,1,5,0.03,0.03,0,0.25,21.2541554907,0.619175223835,0.340990126133,0.0337036922574,0.0337036922574,0,reconstructions/d4edbcc97ec00f079508e13004cf8c0e01806e2a1c89e0eb93c0e8df45158196/zero_filled-mask-0.0-1-5.pt
d4edbcc97ec00f079508e13004cf8c0e01806e2a1c89e0eb93c0e8df45158196,3edb09d41378dfae155626fe72b75a2c4bde6a58,cff553233941e75169564d196f318bbdd728713e0809f049f5ada55d92b57e1e,7e25783c0a7c26e9b9f205121679098986989cb4fa109a54923972afe75d60ce,ac6168d8c51a9220ff3b88b5de5c6038c357dcd1c8a36c2a1f201e2293e484e8,False,tv,mask,0,1,5,0.03,0.03,0,0.25,21.7323703056,0.587475404773,0.245025902987,0.0397246666253,0.0397246666253,0,reconstructions/d4edbcc97ec00f079508e13004cf8c0e01806e2a1c89e0eb93c0e8df45158196/tv-mask-0.0-1-5.pt
d4edbcc97ec00f079508e13004cf8c0e01806e2a1c89e0eb93c0e8df45158196,3edb09d41378dfae155626fe72b75a2c4bde6a58,cff553233941e75169564d196f318bbdd728713e0809f049f5ada55d92b57e1e,7e25783c0a7c26e9b9f205121679098986989cb4fa109a54923972afe75d60ce,ac6168d8c51a9220ff3b88b5de5c6038c357dcd1c8a36c2a1f201e2293e484e8,False,dps,mask,0,1,5,0.03,0.03,0,0.25,8.46733652948,0.0624271652371,0.456103175879,0.515387356281,0.515387356281,0,reconstructions/d4edbcc97ec00f079508e13004cf8c0e01806e2a1c89e0eb93c0e8df45158196/dps-mask-0.0-1-5.pt
d4edbcc97ec00f079508e13004cf8c0e01806e2a1c89e0eb93c0e8df45158196,3edb09d41378dfae155626fe72b75a2c4bde6a58,cff553233941e75169564d196f318bbdd728713e0809f049f5ada55d92b57e1e,7e25783c0a7c26e9b9f205121679098986989cb4fa109a54923972afe75d60ce,ac6168d8c51a9220ff3b88b5de5c6038c357dcd1c8a36c2a1f201e2293e484e8,False,diffpir,mask,0,1,5,0.03,0.03,0,0.25,5.52455110545,0.00581600415999,0.866603314877,0.339689999819,0.339689999819,0,reconstructions/d4edbcc97ec00f079508e13004cf8c0e01806e2a1c89e0eb93c0e8df45158196/diffpir-mask-0.0-1-5.pt
d4edbcc97ec00f079508e13004cf8c0e01806e2a1c89e0eb93c0e8df45158196,3edb09d41378dfae155626fe72b75a2c4bde6a58,cff553233941e75169564d196f318bbdd728713e0809f049f5ada55d92b57e1e,7e25783c0a7c26e9b9f205121679098986989cb4fa109a54923972afe75d60ce,ac6168d8c51a9220ff3b88b5de5c6038c357dcd1c8a36c2a1f201e2293e484e8,False,pigdm,mask,0,1,5,0.03,0.03,0,0.25,20.0796892094,0.493915451699,0.125915393233,0.0486916936934,0.0486916936934,0,reconstructions/d4edbcc97ec00f079508e13004cf8c0e01806e2a1c89e0eb93c0e8df45158196/pigdm-mask-0.0-1-5.pt
d4edbcc97ec00f079508e13004cf8c0e01806e2a1c89e0eb93c0e8df45158196,3edb09d41378dfae155626fe72b75a2c4bde6a58,cff553233941e75169564d196f318bbdd728713e0809f049f5ada55d92b57e1e,7e25783c0a7c26e9b9f205121679098986989cb4fa109a54923972afe75d60ce,ac6168d8c51a9220ff3b88b5de5c6038c357dcd1c8a36c2a1f201e2293e484e8,False,zero_filled,mask,0,1,6,0.03,0.03,0,0.25,17.8726890634,0.490872731334,0.277838408947,0.0856487005949,0.0856487005949,0,reconstructions/d4edbcc97ec00f079508e13004cf8c0e01806e2a1c89e0eb93c0e8df45158196/zero_filled-mask-0.0-1-6.pt
d4edbcc97ec00f079508e13004cf8c0e01806e2a1c89e0eb93c0e8df45158196,3edb09d41378dfae155626fe72b75a2c4bde6a58,cff553233941e75169564d196f318bbdd728713e0809f049f5ada55d92b57e1e,7e25783c0a7c26e9b9f205121679098986989cb4fa109a54923972afe75d60ce,ac6168d8c51a9220ff3b88b5de5c6038c357dcd1c8a36c2a1f201e2293e484e8,False,tv,mask,0,1,6,0.03,0.03,0,0.25,21.6924840194,0.738317133668,0.0691543072462,0.0617213658988,0.0617213658988,0,reconstructions/d4edbcc97ec00f079508e13004cf8c0e01806e2a1c89e0eb93c0e8df45158196/tv-mask-0.0-1-6.pt
d4edbcc97ec00f079508e13004cf8c0e01806e2a1c89e0eb93c0e8df45158196,3edb09d41378dfae155626fe72b75a2c4bde6a58,cff553233941e75169564d196f318bbdd728713e0809f049f5ada55d92b57e1e,7e25783c0a7c26e9b9f205121679098986989cb4fa109a54923972afe75d60ce,ac6168d8c51a9220ff3b88b5de5c6038c357dcd1c8a36c2a1f201e2293e484e8,False,dps,mask,0,1,6,0.03,0.03,0,0.25,5.75103506549,-0.0280616068875,0.471248924732,1.23349559307,1.23349559307,0,reconstructions/d4edbcc97ec00f079508e13004cf8c0e01806e2a1c89e0eb93c0e8df45158196/dps-mask-0.0-1-6.pt
d4edbcc97ec00f079508e13004cf8c0e01806e2a1c89e0eb93c0e8df45158196,3edb09d41378dfae155626fe72b75a2c4bde6a58,cff553233941e75169564d196f318bbdd728713e0809f049f5ada55d92b57e1e,7e25783c0a7c26e9b9f205121679098986989cb4fa109a54923972afe75d60ce,ac6168d8c51a9220ff3b88b5de5c6038c357dcd1c8a36c2a1f201e2293e484e8,False,diffpir,mask,0,1,6,0.03,0.03,0,0.25,4.43845591612,0.00893579095114,0.933672964573,0.89417475462,0.89417475462,0,reconstructions/d4edbcc97ec00f079508e13004cf8c0e01806e2a1c89e0eb93c0e8df45158196/diffpir-mask-0.0-1-6.pt
d4edbcc97ec00f079508e13004cf8c0e01806e2a1c89e0eb93c0e8df45158196,3edb09d41378dfae155626fe72b75a2c4bde6a58,cff553233941e75169564d196f318bbdd728713e0809f049f5ada55d92b57e1e,7e25783c0a7c26e9b9f205121679098986989cb4fa109a54923972afe75d60ce,ac6168d8c51a9220ff3b88b5de5c6038c357dcd1c8a36c2a1f201e2293e484e8,False,pigdm,mask,0,1,6,0.03,0.03,0,0.25,17.9092308468,0.487810552429,0.103308364749,0.148584350944,0.148584350944,0,reconstructions/d4edbcc97ec00f079508e13004cf8c0e01806e2a1c89e0eb93c0e8df45158196/pigdm-mask-0.0-1-6.pt
d4edbcc97ec00f079508e13004cf8c0e01806e2a1c89e0eb93c0e8df45158196,3edb09d41378dfae155626fe72b75a2c4bde6a58,cff553233941e75169564d196f318bbdd728713e0809f049f5ada55d92b57e1e,7e25783c0a7c26e9b9f205121679098986989cb4fa109a54923972afe75d60ce,ac6168d8c51a9220ff3b88b5de5c6038c357dcd1c8a36c2a1f201e2293e484e8,False,zero_filled,mask,0,1,7,0.03,0.03,0,0.25,20.1585913938,0.59013865812,0.227954864502,0.066825017333,0.066825017333,0,reconstructions/d4edbcc97ec00f079508e13004cf8c0e01806e2a1c89e0eb93c0e8df45158196/zero_filled-mask-0.0-1-7.pt
d4edbcc97ec00f079508e13004cf8c0e01806e2a1c89e0eb93c0e8df45158196,3edb09d41378dfae155626fe72b75a2c4bde6a58,cff553233941e75169564d196f318bbdd728713e0809f049f5ada55d92b57e1e,7e25783c0a7c26e9b9f205121679098986989cb4fa109a54923972afe75d60ce,ac6168d8c51a9220ff3b88b5de5c6038c357dcd1c8a36c2a1f201e2293e484e8,False,tv,mask,0,1,7,0.03,0.03,0,0.25,23.7665318715,0.772506456193,0.0709505975246,0.0525614023209,0.0525614023209,0,reconstructions/d4edbcc97ec00f079508e13004cf8c0e01806e2a1c89e0eb93c0e8df45158196/tv-mask-0.0-1-7.pt
d4edbcc97ec00f079508e13004cf8c0e01806e2a1c89e0eb93c0e8df45158196,3edb09d41378dfae155626fe72b75a2c4bde6a58,cff553233941e75169564d196f318bbdd728713e0809f049f5ada55d92b57e1e,7e25783c0a7c26e9b9f205121679098986989cb4fa109a54923972afe75d60ce,ac6168d8c51a9220ff3b88b5de5c6038c357dcd1c8a36c2a1f201e2293e484e8,False,dps,mask,0,1,7,0.03,0.03,0,0.25,4.94097181774,0.0086788788766,0.449072420597,1.28597438335,1.28597438335,0,reconstructions/d4edbcc97ec00f079508e13004cf8c0e01806e2a1c89e0eb93c0e8df45158196/dps-mask-0.0-1-7.pt
d4edbcc97ec00f079508e13004cf8c0e01806e2a1c89e0eb93c0e8df45158196,3edb09d41378dfae155626fe72b75a2c4bde6a58,cff553233941e75169564d196f318bbdd728713e0809f049f5ada55d92b57e1e,7e25783c0a7c26e9b9f205121679098986989cb4fa109a54923972afe75d60ce,ac6168d8c51a9220ff3b88b5de5c6038c357dcd1c8a36c2a1f201e2293e484e8,False,diffpir,mask,0,1,7,0.03,0.03,0,0.25,4.69601335283,-0.00142598444606,0.915986299515,0.760432898998,0.760432898998,0,reconstructions/d4edbcc97ec00f079508e13004cf8c0e01806e2a1c89e0eb93c0e8df45158196/diffpir-mask-0.0-1-7.pt
d4edbcc97ec00f079508e13004cf8c0e01806e2a1c89e0eb93c0e8df45158196,3edb09d41378dfae155626fe72b75a2c4bde6a58,cff553233941e75169564d196f318bbdd728713e0809f049f5ada55d92b57e1e,7e25783c0a7c26e9b9f205121679098986989cb4fa109a54923972afe75d60ce,ac6168d8c51a9220ff3b88b5de5c6038c357dcd1c8a36c2a1f201e2293e484e8,False,pigdm,mask,0,1,7,0.03,0.03,0,0.25,14.4881376559,0.432177980753,0.286548763514,0.367417067289,0.367417067289,0,reconstructions/d4edbcc97ec00f079508e13004cf8c0e01806e2a1c89e0eb93c0e8df45158196/pigdm-mask-0.0-1-7.pt
d4edbcc97ec00f079508e13004cf8c0e01806e2a1c89e0eb93c0e8df45158196,3edb09d41378dfae155626fe72b75a2c4bde6a58,cff553233941e75169564d196f318bbdd728713e0809f049f5ada55d92b57e1e,7e25783c0a7c26e9b9f205121679098986989cb4fa109a54923972afe75d60ce,ac6168d8c51a9220ff3b88b5de5c6038c357dcd1c8a36c2a1f201e2293e484e8,False,zero_filled,mask,0,2,0,0.03,0.03,0,0.25,21.8298625337,0.60077281683,0.326059550047,0.0329605676234,0.0329605676234,0,reconstructions/d4edbcc97ec00f079508e13004cf8c0e01806e2a1c89e0eb93c0e8df45158196/zero_filled-mask-0.0-2-0.pt
d4edbcc97ec00f079508e13004cf8c0e01806e2a1c89e0eb93c0e8df45158196,3edb09d41378dfae155626fe72b75a2c4bde6a58,cff553233941e75169564d196f318bbdd728713e0809f049f5ada55d92b57e1e,7e25783c0a7c26e9b9f205121679098986989cb4fa109a54923972afe75d60ce,ac6168d8c51a9220ff3b88b5de5c6038c357dcd1c8a36c2a1f201e2293e484e8,False,tv,mask,0,2,0,0.03,0.03,0,0.25,22.7166304714,0.616398392161,0.140605896711,0.0359233804047,0.0359233804047,0,reconstructions/d4edbcc97ec00f079508e13004cf8c0e01806e2a1c89e0eb93c0e8df45158196/tv-mask-0.0-2-0.pt
d4edbcc97ec00f079508e13004cf8c0e01806e2a1c89e0eb93c0e8df45158196,3edb09d41378dfae155626fe72b75a2c4bde6a58,cff553233941e75169564d196f318bbdd728713e0809f049f5ada55d92b57e1e,7e25783c0a7c26e9b9f205121679098986989cb4fa109a54923972afe75d60ce,ac6168d8c51a9220ff3b88b5de5c6038c357dcd1c8a36c2a1f201e2293e484e8,False,dps,mask,0,2,0,0.03,0.03,0,0.25,10.1902226352,0.0603574707974,0.298761934042,0.459459006786,0.459459006786,0,reconstructions/d4edbcc97ec00f079508e13004cf8c0e01806e2a1c89e0eb93c0e8df45158196/dps-mask-0.0-2-0.pt
d4edbcc97ec00f079508e13004cf8c0e01806e2a1c89e0eb93c0e8df45158196,3edb09d41378dfae155626fe72b75a2c4bde6a58,cff553233941e75169564d196f318bbdd728713e0809f049f5ada55d92b57e1e,7e25783c0a7c26e9b9f205121679098986989cb4fa109a54923972afe75d60ce,ac6168d8c51a9220ff3b88b5de5c6038c357dcd1c8a36c2a1f201e2293e484e8,False,diffpir,mask,0,2,0,0.03,0.03,0,0.25,5.8767541955,0.018935876771,0.946575760841,0.30015206337,0.30015206337,0,reconstructions/d4edbcc97ec00f079508e13004cf8c0e01806e2a1c89e0eb93c0e8df45158196/diffpir-mask-0.0-2-0.pt
d4edbcc97ec00f079508e13004cf8c0e01806e2a1c89e0eb93c0e8df45158196,3edb09d41378dfae155626fe72b75a2c4bde6a58,cff553233941e75169564d196f318bbdd728713e0809f049f5ada55d92b57e1e,7e25783c0a7c26e9b9f205121679098986989cb4fa109a54923972afe75d60ce,ac6168d8c51a9220ff3b88b5de5c6038c357dcd1c8a36c2a1f201e2293e484e8,False,pigdm,mask,0,2,0,0.03,0.03,0,0.25,21.1362061412,0.530947947265,0.180492594838,0.04511237517,0.04511237517,0,reconstructions/d4edbcc97ec00f079508e13004cf8c0e01806e2a1c89e0eb93c0e8df45158196/pigdm-mask-0.0-2-0.pt
d4edbcc97ec00f079508e13004cf8c0e01806e2a1c89e0eb93c0e8df45158196,3edb09d41378dfae155626fe72b75a2c4bde6a58,cff553233941e75169564d196f318bbdd728713e0809f049f5ada55d92b57e1e,7e25783c0a7c26e9b9f205121679098986989cb4fa109a54923972afe75d60ce,ac6168d8c51a9220ff3b88b5de5c6038c357dcd1c8a36c2a1f201e2293e484e8,False,zero_filled,mask,0,2,1,0.03,0.03,0,0.25,24.2105694551,0.634836728437,0.462086170912,0.0369234457612,0.0369234457612,0,reconstructions/d4edbcc97ec00f079508e13004cf8c0e01806e2a1c89e0eb93c0e8df45158196/zero_filled-mask-0.0-2-1.pt
d4edbcc97ec00f079508e13004cf8c0e01806e2a1c89e0eb93c0e8df45158196,3edb09d41378dfae155626fe72b75a2c4bde6a58,cff553233941e75169564d196f318bbdd728713e0809f049f5ada55d92b57e1e,7e25783c0a7c26e9b9f205121679098986989cb4fa109a54923972afe75d60ce,ac6168d8c51a9220ff3b88b5de5c6038c357dcd1c8a36c2a1f201e2293e484e8,False,tv,mask,0,2,1,0.03,0.03,0,0.25,24.7543161277,0.567223908896,0.324154853821,0.0494943112135,0.0494943112135,0,reconstructions/d4edbcc97ec00f079508e13004cf8c0e01806e2a1c89e0eb93c0e8df45158196/tv-mask-0.0-2-1.pt
d4edbcc97ec00f079508e13004cf8c0e01806e2a1c89e0eb93c0e8df45158196,3edb09d41378dfae155626fe72b75a2c4bde6a58,cff553233941e75169564d196f318bbdd728713e0809f049f5ada55d92b57e1e,7e25783c0a7c26e9b9f205121679098986989cb4fa109a54923972afe75d60ce,ac6168d8c51a9220ff3b88b5de5c6038c357dcd1c8a36c2a1f201e2293e484e8,False,dps,mask,0,2,1,0.03,0.03,0,0.25,12.8053901056,0.20756943228,0.527325689793,0.441699564457,0.441699564457,0,reconstructions/d4edbcc97ec00f079508e13004cf8c0e01806e2a1c89e0eb93c0e8df45158196/dps-mask-0.0-2-1.pt
d4edbcc97ec00f079508e13004cf8c0e01806e2a1c89e0eb93c0e8df45158196,3edb09d41378dfae155626fe72b75a2c4bde6a58,cff553233941e75169564d196f318bbdd728713e0809f049f5ada55d92b57e1e,7e25783c0a7c26e9b9f205121679098986989cb4fa109a54923972afe75d60ce,ac6168d8c51a9220ff3b88b5de5c6038c357dcd1c8a36c2a1f201e2293e484e8,False,diffpir,mask,0,2,1,0.03,0.03,0,0.25,6.17646944476,0.00551626697213,0.742893278599,0.304048418999,0.304048418999,0,reconstructions/d4edbcc97ec00f079508e13004cf8c0e01806e2a1c89e0eb93c0e8df45158196/diffpir-mask-0.0-2-1.pt
d4edbcc97ec00f079508e13004cf8c0e01806e2a1c89e0eb93c0e8df45158196,3edb09d41378dfae155626fe72b75a2c4bde6a58,cff553233941e75169564d196f318bbdd728713e0809f049f5ada55d92b57e1e,7e25783c0a7c26e9b9f205121679098986989cb4fa109a54923972afe75d60ce,ac6168d8c51a9220ff3b88b5de5c6038c357dcd1c8a36c2a1f201e2293e484e8,False,pigdm,mask,0,2,1,0.03,0.03,0,0.25,23.7767783124,0.502570672593,0.334489107132,0.0644263401628,0.0644263401628,0,reconstructions/d4edbcc97ec00f079508e13004cf8c0e01806e2a1c89e0eb93c0e8df45158196/pigdm-mask-0.0-2-1.pt
d4edbcc97ec00f079508e13004cf8c0e01806e2a1c89e0eb93c0e8df45158196,3edb09d41378dfae155626fe72b75a2c4bde6a58,cff553233941e75169564d196f318bbdd728713e0809f049f5ada55d92b57e1e,7e25783c0a7c26e9b9f205121679098986989cb4fa109a54923972afe75d60ce,ac6168d8c51a9220ff3b88b5de5c6038c357dcd1c8a36c2a1f201e2293e484e8,False,zero_filled,mask,0,2,2,0.03,0.03,0,0.25,18.7143117557,0.525541992618,0.233247518539,0.06166113168,0.06166113168,0,reconstructions/d4edbcc97ec00f079508e13004cf8c0e01806e2a1c89e0eb93c0e8df45158196/zero_filled-mask-0.0-2-2.pt
d4edbcc97ec00f079508e13004cf8c0e01806e2a1c89e0eb93c0e8df45158196,3edb09d41378dfae155626fe72b75a2c4bde6a58,cff553233941e75169564d196f318bbdd728713e0809f049f5ada55d92b57e1e,7e25783c0a7c26e9b9f205121679098986989cb4fa109a54923972afe75d60ce,ac6168d8c51a9220ff3b88b5de5c6038c357dcd1c8a36c2a1f201e2293e484e8,False,tv,mask,0,2,2,0.03,0.03,0,0.25,20.917966341,0.743202564489,0.0820845738053,0.0531469583511,0.0531469583511,0,reconstructions/d4edbcc97ec00f079508e13004cf8c0e01806e2a1c89e0eb93c0e8df45158196/tv-mask-0.0-2-2.pt
d4edbcc97ec00f079508e13004cf8c0e01806e2a1c89e0eb93c0e8df45158196,3edb09d41378dfae155626fe72b75a2c4bde6a58,cff553233941e75169564d196f318bbdd728713e0809f049f5ada55d92b57e1e,7e25783c0a7c26e9b9f205121679098986989cb4fa109a54923972afe75d60ce,ac6168d8c51a9220ff3b88b5de5c6038c357dcd1c8a36c2a1f201e2293e484e8,False,dps,mask,0,2,2,0.03,0.03,0,0.25,7.53449337571,0.0110434660818,0.421400487423,0.959511458874,0.959511458874,0,reconstructions/d4edbcc97ec00f079508e13004cf8c0e01806e2a1c89e0eb93c0e8df45158196/dps-mask-0.0-2-2.pt
d4edbcc97ec00f079508e13004cf8c0e01806e2a1c89e0eb93c0e8df45158196,3edb09d41378dfae155626fe72b75a2c4bde6a58,cff553233941e75169564d196f318bbdd728713e0809f049f5ada55d92b57e1e,7e25783c0a7c26e9b9f205121679098986989cb4fa109a54923972afe75d60ce,ac6168d8c51a9220ff3b88b5de5c6038c357dcd1c8a36c2a1f201e2293e484e8,False,diffpir,mask,0,2,2,0.03,0.03,0,0.25,4.35169799226,0.0131134213662,0.893552899361,0.879801750183,0.879801750183,0,reconstructions/d4edbcc97ec00f079508e13004cf8c0e01806e2a1c89e0eb93c0e8df45158196/diffpir-mask-0.0-2-2.pt
d4edbcc97ec00f079508e13004cf8c0e01806e2a1c89e0eb93c0e8df45158196,3edb09d41378dfae155626fe72b75a2c4bde6a58,cff553233941e75169564d196f318bbdd728713e0809f049f5ada55d92b57e1e,7e25783c0a7c26e9b9f205121679098986989cb4fa109a54923972afe75d60ce,ac6168d8c51a9220ff3b88b5de5c6038c357dcd1c8a36c2a1f201e2293e484e8,False,pigdm,mask,0,2,2,0.03,0.03,0,0.25,17.8689115612,0.514002980156,0.118028566241,0.152129799128,0.152129799128,0,reconstructions/d4edbcc97ec00f079508e13004cf8c0e01806e2a1c89e0eb93c0e8df45158196/pigdm-mask-0.0-2-2.pt
d4edbcc97ec00f079508e13004cf8c0e01806e2a1c89e0eb93c0e8df45158196,3edb09d41378dfae155626fe72b75a2c4bde6a58,cff553233941e75169564d196f318bbdd728713e0809f049f5ada55d92b57e1e,7e25783c0a7c26e9b9f205121679098986989cb4fa109a54923972afe75d60ce,ac6168d8c51a9220ff3b88b5de5c6038c357dcd1c8a36c2a1f201e2293e484e8,False,zero_filled,mask,0,2,3,0.03,0.03,0,0.25,21.1603020292,0.604664582454,0.273713558912,0.0390979163349,0.0390979163349,0,reconstructions/d4edbcc97ec00f079508e13004cf8c0e01806e2a1c89e0eb93c0e8df45158196/zero_filled-mask-0.0-2-3.pt
d4edbcc97ec00f079508e13004cf8c0e01806e2a1c89e0eb93c0e8df45158196,3edb09d41378dfae155626fe72b75a2c4bde6a58,cff553233941e75169564d196f318bbdd728713e0809f049f5ada55d92b57e1e,7e25783c0a7c26e9b9f205121679098986989cb4fa109a54923972afe75d60ce,ac6168d8c51a9220ff3b88b5de5c6038c357dcd1c8a36c2a1f201e2293e484e8,False,tv,mask,0,2,3,0.03,0.03,0,0.25,24.963654442,0.743954283787,0.184587821364,0.0362034477293,0.0362034477293,0,reconstructions/d4edbcc97ec00f079508e13004cf8c0e01806e2a1c89e0eb93c0e8df45158196/tv-mask-0.0-2-3.pt
d4edbcc97ec00f079508e13004cf8c0e01806e2a1c89e0eb93c0e8df45158196,3edb09d41378dfae155626fe72b75a2c4bde6a58,cff553233941e75169564d196f318bbdd728713e0809f049f5ada55d92b57e1e,7e25783c0a7c26e9b9f205121679098986989cb4fa109a54923972afe75d60ce,ac6168d8c51a9220ff3b88b5de5c6038c357dcd1c8a36c2a1f201e2293e484e8,False,dps,mask,0,2,3,0.03,0.03,0,0.25,9.65152720384,0.0839266997162,0.521593987942,0.500421345234,0.500421345234,0,reconstructions/d4edbcc97ec00f079508e13004cf8c0e01806e2a1c89e0eb93c0e8df45158196/dps-mask-0.0-2-3.pt
d4edbcc97ec00f079508e13004cf8c0e01806e2a1c89e0eb93c0e8df45158196,3edb09d41378dfae155626fe72b75a2c4bde6a58,cff553233941e75169564d196f318bbdd728713e0809f049f5ada55d92b57e1e,7e25783c0a7c26e9b9f205121679098986989cb4fa109a54923972afe75d60ce,ac6168d8c51a9220ff3b88b5de5c6038c357dcd1c8a36c2a1f201e2293e484e8,False,diffpir,mask,0,2,3,0.03,0.03,0,0.25,5.47030468301,8.32064075125e-05,0.950000047684,0.388712078333,0.388712078333,0,reconstructions/d4edbcc97ec00f079508e13004cf8c0e01806e2a1c89e0eb93c0e8df45158196/diffpir-mask-0.0-2-3.pt
d4edbcc97ec00f079508e13004cf8c0e01806e2a1c89e0eb93c0e8df45158196,3edb09d41378dfae155626fe72b75a2c4bde6a58,cff553233941e75169564d196f318bbdd728713e0809f049f5ada55d92b57e1e,7e25783c0a7c26e9b9f205121679098986989cb4fa109a54923972afe75d60ce,ac6168d8c51a9220ff3b88b5de5c6038c357dcd1c8a36c2a1f201e2293e484e8,False,pigdm,mask,0,2,3,0.03,0.03,0,0.25,20.5968991652,0.592027609791,0.175754666328,0.0710210651159,0.0710210651159,0,reconstructions/d4edbcc97ec00f079508e13004cf8c0e01806e2a1c89e0eb93c0e8df45158196/pigdm-mask-0.0-2-3.pt
d4edbcc97ec00f079508e13004cf8c0e01806e2a1c89e0eb93c0e8df45158196,3edb09d41378dfae155626fe72b75a2c4bde6a58,cff553233941e75169564d196f318bbdd728713e0809f049f5ada55d92b57e1e,7e25783c0a7c26e9b9f205121679098986989cb4fa109a54923972afe75d60ce,ac6168d8c51a9220ff3b88b5de5c6038c357dcd1c8a36c2a1f201e2293e484e8,False,zero_filled,mask,0,2,4,0.03,0.03,0,0.25,20.7003226553,0.679424681806,0.245716720819,0.0351603776217,0.0351603776217,0,reconstructions/d4edbcc97ec00f079508e13004cf8c0e01806e2a1c89e0eb93c0e8df45158196/zero_filled-mask-0.0-2-4.pt
d4edbcc97ec00f079508e13004cf8c0e01806e2a1c89e0eb93c0e8df45158196,3edb09d41378dfae155626fe72b75a2c4bde6a58,cff553233941e75169564d196f318bbdd728713e0809f049f5ada55d92b57e1e,7e25783c0a7c26e9b9f205121679098986989cb4fa109a54923972afe75d60ce,ac6168d8c51a9220ff3b88b5de5c6038c357dcd1c8a36c2a1f201e2293e484e8,False,tv,mask,0,2,4,0.03,0.03,0,0.25,21.2828826491,0.687230546455,0.118066184223,0.0310385953635,0.0310385953635,0,reconstructions/d4edbcc97ec00f079508e13004cf8c0e01806e2a1c89e0eb93c0e8df45158196/tv-mask-0.0-2-4.pt
d4edbcc97ec00f079508e13004cf8c0e01806e2a1c89e0eb93c0e8df45158196,3edb09d41378dfae155626fe72b75a2c4bde6a58,cff553233941e75169564d196f318bbdd728713e0809f049f5ada55d92b57e1e,7e25783c0a7c26e9b9f205121679098986989cb4fa109a54923972afe75d60ce,ac6168d8c51a9220ff3b88b5de5c6038c357dcd1c8a36c2a1f201e2293e484e8,False,dps,mask,0,2,4,0.03,0.03,0,0.25,9.36030152897,0.00969095146608,0.235714510083,0.482028186321,0.482028186321,0,reconstructions/d4edbcc97ec00f079508e13004cf8c0e01806e2a1c89e0eb93c0e8df45158196/dps-mask-0.0-2-4.pt
d4edbcc97ec00f079508e13004cf8c0e01806e2a1c89e0eb93c0e8df45158196,3edb09d41378dfae155626fe72b75a2c4bde6a58,cff553233941e75169564d196f318bbdd728713e0809f049f5ada55d92b57e1e,7e25783c0a7c26e9b9f205121679098986989cb4fa109a54923972afe75d60ce,ac6168d8c51a9220ff3b88b5de5c6038c357dcd1c8a36c2a1f201e2293e484e8,False,diffpir,mask,0,2,4,0.03,0.03,0,0.25,5.16398142907,0.00555591624298,0.969438612461,0.429327577353,0.429327577353,0,reconstructions/d4edbcc97ec00f079508e13004cf8c0e01806e2a1c89e0eb93c0e8df45158196/diffpir-mask-0.0-2-4.pt
d4edbcc97ec00f079508e13004cf8c0e01806e2a1c89e0eb93c0e8df45158196,3edb09d41378dfae155626fe72b75a2c4bde6a58,cff553233941e75169564d196f318bbdd728713e0809f049f5ada55d92b57e1e,7e25783c0a7c26e9b9f205121679098986989cb4fa109a54923972afe75d60ce,ac6168d8c51a9220ff3b88b5de5c6038c357dcd1c8a36c2a1f201e2293e484e8,False,pigdm,mask,0,2,4,0.03,0.03,0,0.25,20.0372062965,0.536765187941,0.0823401361704,0.0598162002861,0.0598162002861,0,reconstructions/d4edbcc97ec00f079508e13004cf8c0e01806e2a1c89e0eb93c0e8df45158196/pigdm-mask-0.0-2-4.pt
d4edbcc97ec00f079508e13004cf8c0e01806e2a1c89e0eb93c0e8df45158196,3edb09d41378dfae155626fe72b75a2c4bde6a58,cff553233941e75169564d196f318bbdd728713e0809f049f5ada55d92b57e1e,7e25783c0a7c26e9b9f205121679098986989cb4fa109a54923972afe75d60ce,ac6168d8c51a9220ff3b88b5de5c6038c357dcd1c8a36c2a1f201e2293e484e8,False,zero_filled,mask,0,2,5,0.03,0.03,0,0.25,20.8113719132,0.571709318222,0.387613683939,0.0292580276728,0.0292580276728,0,reconstructions/d4edbcc97ec00f079508e13004cf8c0e01806e2a1c89e0eb93c0e8df45158196/zero_filled-mask-0.0-2-5.pt
d4edbcc97ec00f079508e13004cf8c0e01806e2a1c89e0eb93c0e8df45158196,3edb09d41378dfae155626fe72b75a2c4bde6a58,cff553233941e75169564d196f318bbdd728713e0809f049f5ada55d92b57e1e,7e25783c0a7c26e9b9f205121679098986989cb4fa109a54923972afe75d60ce,ac6168d8c51a9220ff3b88b5de5c6038c357dcd1c8a36c2a1f201e2293e484e8,False,tv,mask,0,2,5,0.03,0.03,0,0.25,21.0574902946,0.525748910931,0.297163039446,0.0376150719821,0.0376150719821,0,reconstructions/d4edbcc97ec00f079508e13004cf8c0e01806e2a1c89e0eb93c0e8df45158196/tv-mask-0.0-2-5.pt
d4edbcc97ec00f079508e13004cf8c0e01806e2a1c89e0eb93c0e8df45158196,3edb09d41378dfae155626fe72b75a2c4bde6a58,cff553233941e75169564d196f318bbdd728713e0809f049f5ada55d92b57e1e,7e25783c0a7c26e9b9f205121679098986989cb4fa109a54923972afe75d60ce,ac6168d8c51a9220ff3b88b5de5c6038c357dcd1c8a36c2a1f201e2293e484e8,False,dps,mask,0,2,5,0.03,0.03,0,0.25,9.90573111476,0.0822950739015,0.572895467281,0.434425801039,0.434425801039,0,reconstructions/d4edbcc97ec00f079508e13004cf8c0e01806e2a1c89e0eb93c0e8df45158196/dps-mask-0.0-2-5.pt
d4edbcc97ec00f079508e13004cf8c0e01806e2a1c89e0eb93c0e8df45158196,3edb09d41378dfae155626fe72b75a2c4bde6a58,cff553233941e75169564d196f318bbdd728713e0809f049f5ada55d92b57e1e,7e25783c0a7c26e9b9f205121679098986989cb4fa109a54923972afe75d60ce,ac6168d8c51a9220ff3b88b5de5c6038c357dcd1c8a36c2a1f201e2293e484e8,False,diffpir,mask,0,2,5,0.03,0.03,0,0.25,5.53163762281,0.0167038592039,0.879894375801,0.350313603878,0.350313603878,0,reconstructions/d4edbcc97ec00f079508e13004cf8c0e01806e2a1c89e0eb93c0e8df45158196/diffpir-mask-0.0-2-5.pt
d4edbcc97ec00f079508e13004cf8c0e01806e2a1c89e0eb93c0e8df45158196,3edb09d41378dfae155626fe72b75a2c4bde6a58,cff553233941e75169564d196f318bbdd728713e0809f049f5ada55d92b57e1e,7e25783c0a7c26e9b9f205121679098986989cb4fa109a54923972afe75d60ce,ac6168d8c51a9220ff3b88b5de5c6038c357dcd1c8a36c2a1f201e2293e484e8,False,pigdm,mask,0,2,5,0.03,0.03,0,0.25,19.9102632367,0.426970227619,0.246322512627,0.0551804192364,0.0551804192364,0,reconstructions/d4edbcc97ec00f079508e13004cf8c0e01806e2a1c89e0eb93c0e8df45158196/pigdm-mask-0.0-2-5.pt
d4edbcc97ec00f079508e13004cf8c0e01806e2a1c89e0eb93c0e8df45158196,3edb09d41378dfae155626fe72b75a2c4bde6a58,cff553233941e75169564d196f318bbdd728713e0809f049f5ada55d92b57e1e,7e25783c0a7c26e9b9f205121679098986989cb4fa109a54923972afe75d60ce,ac6168d8c51a9220ff3b88b5de5c6038c357dcd1c8a36c2a1f201e2293e484e8,False,zero_filled,mask,0,2,6,0.03,0.03,0,0.25,17.4110531404,0.463116294433,0.308595597744,0.0706667006016,0.0706667006016,0,reconstructions/d4edbcc97ec00f079508e13004cf8c0e01806e2a1c89e0eb93c0e8df45158196/zero_filled-mask-0.0-2-6.pt
d4edbcc97ec00f079508e13004cf8c0e01806e2a1c89e0eb93c0e8df45158196,3edb09d41378dfae155626fe72b75a2c4bde6a58,cff553233941e75169564d196f318bbdd728713e0809f049f5ada55d92b57e1e,7e25783c0a7c26e9b9f205121679098986989cb4fa109a54923972afe75d60ce,ac6168d8c51a9220ff3b88b5de5c6038c357dcd1c8a36c2a1f201e2293e484e8,False,tv,mask,0,2,6,0.03,0.03,0,0.25,19.3874136448,0.640342209525,0.128141716123,0.058437589556,0.058437589556,0,reconstructions/d4edbcc97ec00f079508e13004cf8c0e01806e2a1c89e0eb93c0e8df45158196/tv-mask-0.0-2-6.pt
d4edbcc97ec00f079508e13004cf8c0e01806e2a1c89e0eb93c0e8df45158196,3edb09d41378dfae155626fe72b75a2c4bde6a58,cff553233941e75169564d196f318bbdd728713e0809f049f5ada55d92b57e1e,7e25783c0a7c26e9b9f205121679098986989cb4fa109a54923972afe75d60ce,ac6168d8c51a9220ff3b88b5de5c6038c357dcd1c8a36c2a1f201e2293e484e8,False,dps,mask,0,2,6,0.03,0.03,0,0.25,4.31349582837,-0.00880553245253,0.522746086121,1.49915874004,1.49915874004,0,reconstructions/d4edbcc97ec00f079508e13004cf8c0e01806e2a1c89e0eb93c0e8df45158196/dps-mask-0.0-2-6.pt
d4edbcc97ec00f079508e13004cf8c0e01806e2a1c89e0eb93c0e8df45158196,3edb09d41378dfae155626fe72b75a2c4bde6a58,cff553233941e75169564d196f318bbdd728713e0809f049f5ada55d92b57e1e,7e25783c0a7c26e9b9f205121679098986989cb4fa109a54923972afe75d60ce,ac6168d8c51a9220ff3b88b5de5c6038c357dcd1c8a36c2a1f201e2293e484e8,False,diffpir,mask,0,2,6,0.03,0.03,0,0.25,4.25744438725,-0.000684246765997,0.919730603695,0.915380477905,0.915380477905,0,reconstructions/d4edbcc97ec00f079508e13004cf8c0e01806e2a1c89e0eb93c0e8df45158196/diffpir-mask-0.0-2-6.pt
d4edbcc97ec00f079508e13004cf8c0e01806e2a1c89e0eb93c0e8df45158196,3edb09d41378dfae155626fe72b75a2c4bde6a58,cff553233941e75169564d196f318bbdd728713e0809f049f5ada55d92b57e1e,7e25783c0a7c26e9b9f205121679098986989cb4fa109a54923972afe75d60ce,ac6168d8c51a9220ff3b88b5de5c6038c357dcd1c8a36c2a1f201e2293e484e8,False,pigdm,mask,0,2,6,0.03,0.03,0,0.25,17.9061580423,0.483618432531,0.133353322744,0.142504200339,0.142504200339,0,reconstructions/d4edbcc97ec00f079508e13004cf8c0e01806e2a1c89e0eb93c0e8df45158196/pigdm-mask-0.0-2-6.pt
d4edbcc97ec00f079508e13004cf8c0e01806e2a1c89e0eb93c0e8df45158196,3edb09d41378dfae155626fe72b75a2c4bde6a58,cff553233941e75169564d196f318bbdd728713e0809f049f5ada55d92b57e1e,7e25783c0a7c26e9b9f205121679098986989cb4fa109a54923972afe75d60ce,ac6168d8c51a9220ff3b88b5de5c6038c357dcd1c8a36c2a1f201e2293e484e8,False,zero_filled,mask,0,2,7,0.03,0.03,0,0.25,19.7354151376,0.581614220498,0.258645892143,0.0593283846974,0.0593283846974,0,reconstructions/d4edbcc97ec00f079508e13004cf8c0e01806e2a1c89e0eb93c0e8df45158196/zero_filled-mask-0.0-2-7.pt
d4edbcc97ec00f079508e13004cf8c0e01806e2a1c89e0eb93c0e8df45158196,3edb09d41378dfae155626fe72b75a2c4bde6a58,cff553233941e75169564d196f318bbdd728713e0809f049f5ada55d92b57e1e,7e25783c0a7c26e9b9f205121679098986989cb4fa109a54923972afe75d60ce,ac6168d8c51a9220ff3b88b5de5c6038c357dcd1c8a36c2a1f201e2293e484e8,False,tv,mask,0,2,7,0.03,0.03,0,0.25,21.4952576114,0.709253034676,0.100783064961,0.0511475540698,0.0511475540698,0,reconstructions/d4edbcc97ec00f079508e13004cf8c0e01806e2a1c89e0eb93c0e8df45158196/tv-mask-0.0-2-7.pt
d4edbcc97ec00f079508e13004cf8c0e01806e2a1c89e0eb93c0e8df45158196,3edb09d41378dfae155626fe72b75a2c4bde6a58,cff553233941e75169564d196f318bbdd728713e0809f049f5ada55d92b57e1e,7e25783c0a7c26e9b9f205121679098986989cb4fa109a54923972afe75d60ce,ac6168d8c51a9220ff3b88b5de5c6038c357dcd1c8a36c2a1f201e2293e484e8,False,dps,mask,0,2,7,0.03,0.03,0,0.25,6.66588078567,0.0748312554231,0.577799916267,1.05281472206,1.05281472206,0,reconstructions/d4edbcc97ec00f079508e13004cf8c0e01806e2a1c89e0eb93c0e8df45158196/dps-mask-0.0-2-7.pt
d4edbcc97ec00f079508e13004cf8c0e01806e2a1c89e0eb93c0e8df45158196,3edb09d41378dfae155626fe72b75a2c4bde6a58,cff553233941e75169564d196f318bbdd728713e0809f049f5ada55d92b57e1e,7e25783c0a7c26e9b9f205121679098986989cb4fa109a54923972afe75d60ce,ac6168d8c51a9220ff3b88b5de5c6038c357dcd1c8a36c2a1f201e2293e484e8,False,diffpir,mask,0,2,7,0.03,0.03,0,0.25,4.6947134362,0.00279835624812,0.942409038544,0.765496075153,0.765496075153,0,reconstructions/d4edbcc97ec00f079508e13004cf8c0e01806e2a1c89e0eb93c0e8df45158196/diffpir-mask-0.0-2-7.pt
d4edbcc97ec00f079508e13004cf8c0e01806e2a1c89e0eb93c0e8df45158196,3edb09d41378dfae155626fe72b75a2c4bde6a58,cff553233941e75169564d196f318bbdd728713e0809f049f5ada55d92b57e1e,7e25783c0a7c26e9b9f205121679098986989cb4fa109a54923972afe75d60ce,ac6168d8c51a9220ff3b88b5de5c6038c357dcd1c8a36c2a1f201e2293e484e8,False,pigdm,mask,0,2,7,0.03,0.03,0,0.25,20.3782145382,0.540934409901,0.117045268416,0.122058846056,0.122058846056,0,reconstructions/d4edbcc97ec00f079508e13004cf8c0e01806e2a1c89e0eb93c0e8df45158196/pigdm-mask-0.0-2-7.pt
d4edbcc97ec00f079508e13004cf8c0e01806e2a1c89e0eb93c0e8df45158196,3edb09d41378dfae155626fe72b75a2c4bde6a58,cff553233941e75169564d196f318bbdd728713e0809f049f5ada55d92b57e1e,7e25783c0a7c26e9b9f205121679098986989cb4fa109a54923972afe75d60ce,ac6168d8c51a9220ff3b88b5de5c6038c357dcd1c8a36c2a1f201e2293e484e8,False,zero_filled,mask,0.0625,0,0,0.03,0.03,0.0625,0.25,22.6587993788,0.659276140825,0.228951305151,0.0408866330981,0.0410133488476,0.000126715749502,reconstructions/d4edbcc97ec00f079508e13004cf8c0e01806e2a1c89e0eb93c0e8df45158196/zero_filled-mask-0.0625-0-0.pt
d4edbcc97ec00f079508e13004cf8c0e01806e2a1c89e0eb93c0e8df45158196,3edb09d41378dfae155626fe72b75a2c4bde6a58,cff553233941e75169564d196f318bbdd728713e0809f049f5ada55d92b57e1e,7e25783c0a7c26e9b9f205121679098986989cb4fa109a54923972afe75d60ce,ac6168d8c51a9220ff3b88b5de5c6038c357dcd1c8a36c2a1f201e2293e484e8,False,tv,mask,0.0625,0,0,0.03,0.03,0.0625,0.25,23.9257881142,0.700172580309,0.112490087748,0.0365180484951,0.0363700725138,-0.000147975981236,reconstructions/d4edbcc97ec00f079508e13004cf8c0e01806e2a1c89e0eb93c0e8df45158196/tv-mask-0.0625-0-0.pt
d4edbcc97ec00f079508e13004cf8c0e01806e2a1c89e0eb93c0e8df45158196,3edb09d41378dfae155626fe72b75a2c4bde6a58,cff553233941e75169564d196f318bbdd728713e0809f049f5ada55d92b57e1e,7e25783c0a7c26e9b9f205121679098986989cb4fa109a54923972afe75d60ce,ac6168d8c51a9220ff3b88b5de5c6038c357dcd1c8a36c2a1f201e2293e484e8,False,dps,mask,0.0625,0,0,0.03,0.03,0.0625,0.25,7.81672023227,0.0646999204806,0.384979277849,0.616902887821,0.616640925407,-0.000261962413788,reconstructions/d4edbcc97ec00f079508e13004cf8c0e01806e2a1c89e0eb93c0e8df45158196/dps-mask-0.0625-0-0.pt
d4edbcc97ec00f079508e13004cf8c0e01806e2a1c89e0eb93c0e8df45158196,3edb09d41378dfae155626fe72b75a2c4bde6a58,cff553233941e75169564d196f318bbdd728713e0809f049f5ada55d92b57e1e,7e25783c0a7c26e9b9f205121679098986989cb4fa109a54923972afe75d60ce,ac6168d8c51a9220ff3b88b5de5c6038c357dcd1c8a36c2a1f201e2293e484e8,False,diffpir,mask,0.0625,0,0,0.03,0.03,0.0625,0.25,5.90725964225,0.0178270964899,1.00537347794,0.301293253899,0.31934094429,0.0180476903915,reconstructions/d4edbcc97ec00f079508e13004cf8c0e01806e2a1c89e0eb93c0e8df45158196/diffpir-mask-0.0625-0-0.pt
d4edbcc97ec00f079508e13004cf8c0e01806e2a1c89e0eb93c0e8df45158196,3edb09d41378dfae155626fe72b75a2c4bde6a58,cff553233941e75169564d196f318bbdd728713e0809f049f5ada55d92b57e1e,7e25783c0a7c26e9b9f205121679098986989cb4fa109a54923972afe75d60ce,ac6168d8c51a9220ff3b88b5de5c6038c357dcd1c8a36c2a1f201e2293e484e8,False,pigdm,mask,0.0625,0,0,0.03,0.03,0.0625,0.25,22.0717310481,0.614729629504,0.148665055633,0.0572671927512,0.0568770989776,-0.000390093773603,reconstructions/d4edbcc97ec00f079508e13004cf8c0e01806e2a1c89e0eb93c0e8df45158196/pigdm-mask-0.0625-0-0.pt
d4edbcc97ec00f079508e13004cf8c0e01806e2a1c89e0eb93c0e8df45158196,3edb09d41378dfae155626fe72b75a2c4bde6a58,cff553233941e75169564d196f318bbdd728713e0809f049f5ada55d92b57e1e,7e25783c0a7c26e9b9f205121679098986989cb4fa109a54923972afe75d60ce,ac6168d8c51a9220ff3b88b5de5c6038c357dcd1c8a36c2a1f201e2293e484e8,False,zero_filled,mask,0.0625,0,1,0.03,0.03,0.0625,0.25,25.0232846048,0.687476368573,0.509171724319,0.044967841357,0.0448353439569,-0.000132497400045,reconstructions/d4edbcc97ec00f079508e13004cf8c0e01806e2a1c89e0eb93c0e8df45158196/zero_filled-mask-0.0625-0-1.pt
d4edbcc97ec00f079508e13004cf8c0e01806e2a1c89e0eb93c0e8df45158196,3edb09d41378dfae155626fe72b75a2c4bde6a58,cff553233941e75169564d196f318bbdd728713e0809f049f5ada55d92b57e1e,7e25783c0a7c26e9b9f205121679098986989cb4fa109a54923972afe75d60ce,ac6168d8c51a9220ff3b88b5de5c6038c357dcd1c8a36c2a1f201e2293e484e8,False,tv,mask,0.0625,0,1,0.03,0.03,0.0625,0.25,26.3373253748,0.651815329301,0.420494019985,0.0503623895347,0.0499579869211,-0.00040440261364,reconstructions/d4edbcc97ec00f079508e13004cf8c0e01806e2a1c89e0eb93c0e8df45158196/tv-mask-0.0625-0-1.pt
d4edbcc97ec00f079508e13004cf8c0e01806e2a1c89e0eb93c0e8df45158196,3edb09d41378dfae155626fe72b75a2c4bde6a58,cff553233941e75169564d196f318bbdd728713e0809f049f5ada55d92b57e1e,7e25783c0a7c26e9b9f205121679098986989cb4fa109a54923972afe75d60ce,ac6168d8c51a9220ff3b88b5de5c6038c357dcd1c8a36c2a1f201e2293e484e8,False,dps,mask,0.0625,0,1,0.03,0.03,0.0625,0.25,13.0134681451,0.109843644258,0.510210394859,0.416859388351,0.41663813591,-0.000221252441406,reconstructions/d4edbcc97ec00f079508e13004cf8c0e01806e2a1c89e0eb93c0e8df45158196/dps-mask-0.0625-0-1.pt
d4edbcc97ec00f079508e13004cf8c0e01806e2a1c89e0eb93c0e8df45158196,3edb09d41378dfae155626fe72b75a2c4bde6a58,cff553233941e75169564d196f318bbdd728713e0809f049f5ada55d92b57e1e,7e25783c0a7c26e9b9f205121679098986989cb4fa109a54923972afe75d60ce,ac6168d8c51a9220ff3b88b5de5c6038c357dcd1c8a36c2a1f201e2293e484e8,False,diffpir,mask,0.0625,0,1,0.03,0.03,0.0625,0.25,6.21658957635,0.0129726662525,0.770807504654,0.308638095856,0.349353015423,0.0407149195671,reconstructions/d4edbcc97ec00f079508e13004cf8c0e01806e2a1c89e0eb93c0e8df45158196/diffpir-mask-0.0625-0-1.pt
d4edbcc97ec00f079508e13004cf8c0e01806e2a1c89e0eb93c0e8df45158196,3edb09d41378dfae155626fe72b75a2c4bde6a58,cff553233941e75169564d196f318bbdd728713e0809f049f5ada55d92b57e1e,7e25783c0a7c26e9b9f205121679098986989cb4fa109a54923972afe75d60ce,ac6168d8c51a9220ff3b88b5de5c6038c357dcd1c8a36c2a1f201e2293e484e8,False,pigdm,mask,0.0625,0,1,0.03,0.03,0.0625,0.25,24.7375292465,0.544647661009,0.435719907284,0.0698409304023,0.069742962718,-9.7967684269e-05,reconstructions/d4edbcc97ec00f079508e13004cf8c0e01806e2a1c89e0eb93c0e8df45158196/pigdm-mask-0.0625-0-1.pt
d4edbcc97ec00f079508e13004cf8c0e01806e2a1c89e0eb93c0e8df45158196,3edb09d41378dfae155626fe72b75a2c4bde6a58,cff553233941e75169564d196f318bbdd728713e0809f049f5ada55d92b57e1e,7e25783c0a7c26e9b9f205121679098986989cb4fa109a54923972afe75d60ce,ac6168d8c51a9220ff3b88b5de5c6038c357dcd1c8a36c2a1f201e2293e484e8,False,zero_filled,mask,0.0625,0,2,0.03,0.03,0.0625,0.25,19.7075943289,0.564232203627,0.213069319725,0.0849567130208,0.0845789313316,-0.000377781689167,reconstructions/d4edbcc97ec00f079508e13004cf8c0e01806e2a1c89e0eb93c0e8df45158196/zero_filled-mask-0.0625-0-2.pt
d4edbcc97ec00f079508e13004cf8c0e01806e2a1c89e0eb93c0e8df45158196,3edb09d41378dfae155626fe72b75a2c4bde6a58,cff553233941e75169564d196f318bbdd728713e0809f049f5ada55d92b57e1e,7e25783c0a7c26e9b9f205121679098986989cb4fa109a54923972afe75d60ce,ac6168d8c51a9220ff3b88b5de5c6038c357dcd1c8a36c2a1f201e2293e484e8,False,tv,mask,0.0625,0,2,0.03,0.03,0.0625,0.25,23.1258481316,0.83506835054,0.0492700561881,0.0582164824009,0.0567574091256,-0.00145907327533,reconstructions/d4edbcc97ec00f079508e13004cf8c0e01806e2a1c89e0eb93c0e8df45158196/tv-mask-0.0625-0-2.pt
d4edbcc97ec00f079508e13004cf8c0e01806e2a1c89e0eb93c0e8df45158196,3edb09d41378dfae155626fe72b75a2c4bde6a58,cff553233941e75169564d196f318bbdd728713e0809f049f5ada55d92b57e1e,7e25783c0a7c26e9b9f205121679098986989cb4fa109a54923972afe75d60ce,ac6168d8c51a9220ff3b88b5de5c6038c357dcd1c8a36c2a1f201e2293e484e8,False,dps,mask,0.0625,0,2,0.03,0.03,0.0625,0.25,11.398656382,0.185212247159,0.151010796428,0.56234139204,0.561895787716,-0.000445604324341,reconstructions/d4edbcc97ec00f079508e13004cf8c0e01806e2a1c89e0eb93c0e8df45158196/dps-mask-0.0625-0-2.pt
d4edbcc97ec00f079508e13004cf8c0e01806e2a1c89e0eb93c0e8df45158196,3edb09d41378dfae155626fe72b75a2c4bde6a58,cff553233941e75169564d196f318bbdd728713e0809f049f5ada55d92b57e1e,7e25783c0a7c26e9b9f205121679098986989cb4fa109a54923972afe75d60ce,ac6168d8c51a9220ff3b88b5de5c6038c357dcd1c8a36c2a1f201e2293e484e8,False,diffpir,mask,0.0625,0,2,0.03,0.03,0.0625,0.25,4.360543629,0.0120019827931,0.925232768059,0.888592362404,0.910420238972,0.0218278765678,reconstructions/d4edbcc97ec00f079508e13004cf8c0e01806e2a1c89e0eb93c0e8df45158196/diffpir-mask-0.0625-0-2.pt
d4edbcc97ec00f079508e13004cf8c0e01806e2a1c89e0eb93c0e8df45158196,3edb09d41378dfae155626fe72b75a2c4bde6a58,cff553233941e75169564d196f318bbdd728713e0809f049f5ada55d92b57e1e,7e25783c0a7c26e9b9f205121679098986989cb4fa109a54923972afe75d60ce,ac6168d8c51a9220ff3b88b5de5c6038c357dcd1c8a36c2a1f201e2293e484e8,False,pigdm,mask,0.0625,0,2,0.03,0.03,0.0625,0.25,17.7098159085,0.541850436241,0.11343433708,0.233913183212,0.233302801847,-0.000610381364822,reconstructions/d4edbcc97ec00f079508e13004cf8c0e01806e2a1c89e0eb93c0e8df45158196/pigdm-mask-0.0625-0-2.pt
d4edbcc97ec00f079508e13004cf8c0e01806e2a1c89e0eb93c0e8df45158196,3edb09d41378dfae155626fe72b75a2c4bde6a58,cff553233941e75169564d196f318bbdd728713e0809f049f5ada55d92b57e1e,7e25783c0a7c26e9b9f205121679098986989cb4fa109a54923972afe75d60ce,ac6168d8c51a9220ff3b88b5de5c6038c357dcd1c8a36c2a1f201e2293e484e8,False,zero_filled,mask,0.0625,0,3,0.03,0.03,0.0625,0.25,21.9208139877,0.600551533382,0.298733711243,0.0489579439163,0.0489387698472,-1.91740691662e-05,reconstructions/d4edbcc97ec00f079508e13004cf8c0e01806e2a1c89e0eb93c0e8df45158196/zero_filled-mask-0.0625-0-3.pt
d4edbcc97ec00f079508e13004cf8c0e01806e2a1c89e0eb93c0e8df45158196,3edb09d41378dfae155626fe72b75a2c4bde6a58,cff553233941e75169564d196f318bbdd728713e0809f049f5ada55d92b57e1e,7e25783c0a7c26e9b9f205121679098986989cb4fa109a54923972afe75d60ce,ac6168d8c51a9220ff3b88b5de5c6038c357dcd1c8a36c2a1f201e2293e484e8,False,tv,mask,0.0625,0,3,0.03,0.03,0.0625,0.25,26.7331795688,0.780223845018,0.17764416337,0.0392081663013,0.0382987335324,-0.000909432768822,reconstructions/d4edbcc97ec00f079508e13004cf8c0e01806e2a1c89e0eb93c0e8df45158196/tv-mask-0.0625-0-3.pt
d4edbcc97ec00f079508e13004cf8c0e01806e2a1c89e0eb93c0e8df45158196,3edb09d41378dfae155626fe72b75a2c4bde6a58,cff553233941e75169564d196f318bbdd728713e0809f049f5ada55d92b57e1e,7e25783c0a7c26e9b9f205121679098986989cb4fa109a54923972afe75d60ce,ac6168d8c51a9220ff3b88b5de5c6038c357dcd1c8a36c2a1f201e2293e484e8,False,dps,mask,0.0625,0,3,0.03,0.03,0.0625,0.25,5.56151723359,0.0365631650738,0.593752324581,0.840764403343,0.840771615505,7.21216201782e-06,reconstructions/d4edbcc97ec00f079508e13004cf8c0e01806e2a1c89e0eb93c0e8df45158196/dps-mask-0.0625-0-3.pt
d4edbcc97ec00f079508e13004cf8c0e01806e2a1c89e0eb93c0e8df45158196,3edb09d41378dfae155626fe72b75a2c4bde6a58,cff553233941e75169564d196f318bbdd728713e0809f049f5ada55d92b57e1e,7e25783c0a7c26e9b9f205121679098986989cb4fa109a54923972afe75d60ce,ac6168d8c51a9220ff3b88b5de5c6038c357dcd1c8a36c2a1f201e2293e484e8,False,diffpir,mask,0.0625,0,3,0.03,0.03,0.0625,0.25,5.49085497877,0.00324533772491,0.99562048912,0.377155721188,0.395352274179,0.0181965529919,reconstructions/d4edbcc97ec00f079508e13004cf8c0e01806e2a1c89e0eb93c0e8df45158196/diffpir-mask-0.0625-0-3.pt
d4edbcc97ec00f079508e13004cf8c0e01806e2a1c89e0eb93c0e8df45158196,3edb09d41378dfae155626fe72b75a2c4bde6a58,cff553233941e75169564d196f318bbdd728713e0809f049f5ada55d92b57e1e,7e25783c0a7c26e9b9f205121679098986989cb4fa109a54923972afe75d60ce,ac6168d8c51a9220ff3b88b5de5c6038c357dcd1c8a36c2a1f201e2293e484e8,False,pigdm,mask,0.0625,0,3,0.03,0.03,0.0625,0.25,23.2698965365,0.636688414444,0.13242572546,0.0590282715857,0.0582259334624,-0.000802338123322,reconstructions/d4edbcc97ec00f079508e13004cf8c0e01806e2a1c89e0eb93c0e8df45158196/pigdm-mask-0.0625-0-3.pt
d4edbcc97ec00f079508e13004cf8c0e01806e2a1c89e0eb93c0e8df45158196,3edb09d41378dfae155626fe72b75a2c4bde6a58,cff553233941e75169564d196f318bbdd728713e0809f049f5ada55d92b57e1e,7e25783c0a7c26e9b9f205121679098986989cb4fa109a54923972afe75d60ce,ac6168d8c51a9220ff3b88b5de5c6038c357dcd1c8a36c2a1f201e2293e484e8,False,zero_filled,mask,0.0625,0,4,0.03,0.03,0.0625,0.25,21.6442092189,0.722588823057,0.181345760822,0.0451236777008,0.0452937185764,0.000170040875673,reconstructions/d4edbcc97ec00f079508e13004cf8c0e01806e2a1c89e0eb93c0e8df45158196/zero_filled-mask-0.0625-0-4.pt
d4edbcc97ec00f079508e13004cf8c0e01806e2a1c89e0eb93c0e8df45158196,3edb09d41378dfae155626fe72b75a2c4bde6a58,cff553233941e75169564d196f318bbdd728713e0809f049f5ada55d92b57e1e,7e25783c0a7c26e9b9f205121679098986989cb4fa109a54923972afe75d60ce,ac6168d8c51a9220ff3b88b5de5c6038c357dcd1c8a36c2a1f201e2293e484e8,False,tv,mask,0.0625,0,4,0.03,0.03,0.0625,0.25,24.1554924927,0.790208491826,0.0771168023348,0.0339304879308,0.0338496044278,-8.08835029602e-05,reconstructions/d4edbcc97ec00f079508e13004cf8c0e01806e2a1c89e0eb93c0e8df45158196/tv-mask-0.0625-0-4.pt
d4edbcc97ec00f079508e13004cf8c0e01806e2a1c89e0eb93c0e8df45158196,3edb09d41378dfae155626fe72b75a2c4bde6a58,cff553233941e75169564d196f318bbdd728713e0809f049f5ada55d92b57e1e,7e25783c0a7c26e9b9f205121679098986989cb4fa109a54923972afe75d60ce,ac6168d8c51a9220ff3b88b5de5c6038c357dcd1c8a36c2a1f201e2293e484e8,False,dps,mask,0.0625,0,4,0.03,0.03,0.0625,0.25,10.9503273701,0.111738675627,0.217022612691,0.405831068754,0.405809551477,-2.15172767639e-05,reconstructions/d4edbcc97ec00f079508e13004cf8c0e01806e2a1c89e0eb93c0e8df45158196/dps-mask-0.0625-0-4.pt
d4edbcc97ec00f079508e13004cf8c0e01806e2a1c89e0eb93c0e8df45158196,3edb09d41378dfae155626fe72b75a2c4bde6a58,cff553233941e75169564d196f318bbdd728713e0809f049f5ada55d92b57e1e,7e25783c0a7c26e9b9f205121679098986989cb4fa109a54923972afe75d60ce,ac6168d8c51a9220ff3b88b5de5c6038c357dcd1c8a36c2a1f201e2293e484e8,False,diffpir,mask,0.0625,0,4,0.03,0.03,0.0625,0.25,5.26101064045,0.0213510439758,0.986338675022,0.423897355795,0.438429474831,0.0145321190357,reconstructions/d4edbcc97ec00f079508e13004cf8c0e01806e2a1c89e0eb93c0e8df45158196/diffpir-mask-0.0625-0-4.pt
d4edbcc97ec00f079508e13004cf8c0e01806e2a1c89e0eb93c0e8df45158196,3edb09d41378dfae155626fe72b75a2c4bde6a58,cff553233941e75169564d196f318bbdd728713e0809f049f5ada55d92b57e1e,7e25783c0a7c26e9b9f205121679098986989cb4fa109a54923972afe75d60ce,ac6168d8c51a9220ff3b88b5de5c6038c357dcd1c8a36c2a1f201e2293e484e8,False,pigdm,mask,0.0625,0,4,0.03,0.03,0.0625,0.25,23.7548403305,0.762007542474,0.0686183720827,0.0469086207449,0.0463719815016,-0.000536639243364,reconstructions/d4edbcc97ec00f079508e13004cf8c0e01806e2a1c89e0eb93c0e8df45158196/pigdm-mask-0.0625-0-4.pt
d4edbcc97ec00f079508e13004cf8c0e01806e2a1c89e0eb93c0e8df45158196,3edb09d41378dfae155626fe72b75a2c4bde6a58,cff553233941e75169564d196f318bbdd728713e0809f049f5ada55d92b57e1e,7e25783c0a7c26e9b9f205121679098986989cb4fa109a54923972afe75d60ce,ac6168d8c51a9220ff3b88b5de5c6038c357dcd1c8a36c2a1f201e2293e484e8,False,zero_filled,mask,0.0625,0,5,0.03,0.03,0.0625,0.25,22.008439835,0.644017781144,0.371922314167,0.0410767532885,0.0412321090698,0.000155355781317,reconstructions/d4edbcc97ec00f079508e13004cf8c0e01806e2a1c89e0eb93c0e8df45158196/zero_filled-mask-0.0625-0-5.pt
d4edbcc97ec00f079508e13004cf8c0e01806e2a1c89e0eb93c0e8df45158196,3edb09d41378dfae155626fe72b75a2c4bde6a58,cff553233941e75169564d196f318bbdd728713e0809f049f5ada55d92b57e1e,7e25783c0a7c26e9b9f205121679098986989cb4fa109a54923972afe75d60ce,ac6168d8c51a9220ff3b88b5de5c6038c357dcd1c8a36c2a1f201e2293e484e8,False,tv,mask,0.0625,0,5,0.03,0.03,0.0625,0.25,23.0510385783,0.634323114712,0.211031526327,0.0385243669152,0.0383737571537,-0.000150609761477,reconstructions/d4edbcc97ec00f079508e13004cf8c0e01806e2a1c89e0eb93c0e8df45158196/tv-mask-0.0625-0-5.pt
d4edbcc97ec00f079508e13004cf8c0e01806e2a1c89e0eb93c0e8df45158196,3edb09d41378dfae155626fe72b75a2c4bde6a58,cff553233941e75169564d196f318bbdd728713e0809f049f5ada55d92b57e1e,7e25783c0a7c26e9b9f205121679098986989cb4fa109a54923972afe75d60ce,ac6168d8c51a9220ff3b88b5de5c6038c357dcd1c8a36c2a1f201e2293e484e8,False,dps,mask,0.0625,0,5,0.03,0.03,0.0625,0.25,9.71270921596,0.0818243248201,0.656350314617,0.463119268417,0.463086634874,-3.26335430145e-05,reconstructions/d4edbcc97ec00f079508e13004cf8c0e01806e2a1c89e0eb93c0e8df45158196/dps-mask-0.0625-0-5.pt
d4edbcc97ec00f079508e13004cf8c0e01806e2a1c89e0eb93c0e8df45158196,3edb09d41378dfae155626fe72b75a2c4bde6a58,cff553233941e75169564d196f318bbdd728713e0809f049f5ada55d92b57e1e,7e25783c0a7c26e9b9f205121679098986989cb4fa109a54923972afe75d60ce,ac6168d8c51a9220ff3b88b5de5c6038c357dcd1c8a36c2a1f201e2293e484e8,False,diffpir,mask,0.0625,0,5,0.03,0.03,0.0625,0.25,5.52667523789,0.0104553424472,0.927713990211,0.346191316843,0.360878676176,0.014687359333,reconstructions/d4edbcc97ec00f079508e13004cf8c0e01806e2a1c89e0eb93c0e8df45158196/diffpir-mask-0.0625-0-5.pt
d4edbcc97ec00f079508e13004cf8c0e01806e2a1c89e0eb93c0e8df45158196,3edb09d41378dfae155626fe72b75a2c4bde6a58,cff553233941e75169564d196f318bbdd728713e0809f049f5ada55d92b57e1e,7e25783c0a7c26e9b9f205121679098986989cb4fa109a54923972afe75d60ce,ac6168d8c51a9220ff3b88b5de5c6038c357dcd1c8a36c2a1f201e2293e484e8,False,pigdm,mask,0.0625,0,5,0.03,0.03,0.0625,0.25,21.8369959696,0.565569196802,0.208086311817,0.0555121451616,0.055157084018,-0.000355061143637,reconstructions/d4edbcc97ec00f079508e13004cf8c0e01806e2a1c89e0eb93c0e8df45158196/pigdm-mask-0.0625-0-5.pt
d4edbcc97ec00f079508e13004cf8c0e01806e2a1c89e0eb93c0e8df45158196,3edb09d41378dfae155626fe72b75a2c4bde6a58,cff553233941e75169564d196f318bbdd728713e0809f049f5ada55d92b57e1e,7e25783c0a7c26e9b9f205121679098986989cb4fa109a54923972afe75d60ce,ac6168d8c51a9220ff3b88b5de5c6038c357dcd1c8a36c2a1f201e2293e484e8,False,zero_filled,mask,0.0625,0,6,0.03,0.03,0.0625,0.25,18.0483847857,0.508680337366,0.282661348581,0.0946674793959,0.0936685055494,-0.000998973846436,reconstructions/d4edbcc97ec00f079508e13004cf8c0e01806e2a1c89e0eb93c0e8df45158196/zero_filled-mask-0.0625-0-6.pt
d4edbcc97ec00f079508e13004cf8c0e01806e2a1c89e0eb93c0e8df45158196,3edb09d41378dfae155626fe72b75a2c4bde6a58,cff553233941e75169564d196f318bbdd728713e0809f049f5ada55d92b57e1e,7e25783c0a7c26e9b9f205121679098986989cb4fa109a54923972afe75d60ce,ac6168d8c51a9220ff3b88b5de5c6038c357dcd1c8a36c2a1f201e2293e484e8,False,tv,mask,0.0625,0,6,0.03,0.03,0.0625,0.25,21.3921482568,0.733437289706,0.0752745196223,0.0646968856454,0.0621844157577,-0.00251246988773,reconstructions/d4edbcc97ec00f079508e13004cf8c0e01806e2a1c89e0eb93c0e8df45158196/tv-mask-0.0625-0-6.pt
d4edbcc97ec00f079508e13004cf8c0e01806e2a1c89e0eb93c0e8df45158196,3edb09d41378dfae155626fe72b75a2c4bde6a58,cff553233941e75169564d196f318bbdd728713e0809f049f5ada55d92b57e1e,7e25783c0a7c26e9b9f205121679098986989cb4fa109a54923972afe75d60ce,ac6168d8c51a9220ff3b88b5de5c6038c357dcd1c8a36c2a1f201e2293e484e8,False,dps,mask,0.0625,0,6,0.03,0.03,0.0625,0.25,8.37068360741,0.0089172631327,0.534865438938,0.895695626736,0.89574855566,5.29289245605e-05,reconstructions/d4edbcc97ec00f079508e13004cf8c0e01806e2a1c89e0eb93c0e8df45158196/dps-mask-0.0625-0-6.pt
d4edbcc97ec00f079508e13004cf8c0e01806e2a1c89e0eb93c0e8df45158196,3edb09d41378dfae155626fe72b75a2c4bde6a58,cff553233941e75169564d196f318bbdd728713e0809f049f5ada55d92b57e1e,7e25783c0a7c26e9b9f205121679098986989cb4fa109a54923972afe75d60ce,ac6168d8c51a9220ff3b88b5de5c6038c357dcd1c8a36c2a1f201e2293e484e8,False,diffpir,mask,0.0625,0,6,0.03,0.03,0.0625,0.25,4.28249394966,0.0153940764297,0.933447480202,0.932942450047,0.956124007702,0.0231815576553,reconstructions/d4edbcc97ec00f079508e13004cf8c0e01806e2a1c89e0eb93c0e8df45158196/diffpir-mask-0.0625-0-6.pt
d4edbcc97ec00f079508e13004cf8c0e01806e2a1c89e0eb93c0e8df45158196,3edb09d41378dfae155626fe72b75a2c4bde6a58,cff553233941e75169564d196f318bbdd728713e0809f049f5ada55d92b57e1e,7e25783c0a7c26e9b9f205121679098986989cb4fa109a54923972afe75d60ce,ac6168d8c51a9220ff3b88b5de5c6038c357dcd1c8a36c2a1f201e2293e484e8,False,pigdm,mask,0.0625,0,6,0.03,0.03,0.0625,0.25,17.36569692,0.52093559611,0.132922112942,0.245762273669,0.244717285037,-0.0010449886322,reconstructions/d4edbcc97ec00f079508e13004cf8c0e01806e2a1c89e0eb93c0e8df45158196/pigdm-mask-0.0625-0-6.pt
d4edbcc97ec00f079508e13004cf8c0e01806e2a1c89e0eb93c0e8df45158196,3edb09d41378dfae155626fe72b75a2c4bde6a58,cff553233941e75169564d196f318bbdd728713e0809f049f5ada55d92b57e1e,7e25783c0a7c26e9b9f205121679098986989cb4fa109a54923972afe75d60ce,ac6168d8c51a9220ff3b88b5de5c6038c357dcd1c8a36c2a1f201e2293e484e8,False,zero_filled,mask,0.0625,0,7,0.03,0.03,0.0625,0.25,20.5544742354,0.586988281872,0.208559334278,0.0755798742175,0.0752927139401,-0.000287160277367,reconstructions/d4edbcc97ec00f079508e13004cf8c0e01806e2a1c89e0eb93c0e8df45158196/zero_filled-mask-0.0625-0-7.pt
d4edbcc97ec00f079508e13004cf8c0e01806e2a1c89e0eb93c0e8df45158196,3edb09d41378dfae155626fe72b75a2c4bde6a58,cff553233941e75169564d196f318bbdd728713e0809f049f5ada55d92b57e1e,7e25783c0a7c26e9b9f205121679098986989cb4fa109a54923972afe75d60ce,ac6168d8c51a9220ff3b88b5de5c6038c357dcd1c8a36c2a1f201e2293e484e8,False,tv,mask,0.0625,0,7,0.03,0.03,0.0625,0.25,24.1723346609,0.812843703663,0.0579733625054,0.0549793355167,0.0542015209794,-0.000777814537287,reconstructions/d4edbcc97ec00f079508e13004cf8c0e01806e2a1c89e0eb93c0e8df45158196/tv-mask-0.0625-0-7.pt
d4edbcc97ec00f079508e13004cf8c0e01806e2a1c89e0eb93c0e8df45158196,3edb09d41378dfae155626fe72b75a2c4bde6a58,cff553233941e75169564d196f318bbdd728713e0809f049f5ada55d92b57e1e,7e25783c0a7c26e9b9f205121679098986989cb4fa109a54923972afe75d60ce,ac6168d8c51a9220ff3b88b5de5c6038c357dcd1c8a36c2a1f201e2293e484e8,False,dps,mask,0.0625,0,7,0.03,0.03,0.0625,0.25,6.77286148214,-0.0386632419705,0.380223274231,1.00364911556,1.00346267223,-0.000186443328857,reconstructions/d4edbcc97ec00f079508e13004cf8c0e01806e2a1c89e0eb93c0e8df45158196/dps-mask-0.0625-0-7.pt
d4edbcc97ec00f079508e13004cf8c0e01806e2a1c89e0eb93c0e8df45158196,3edb09d41378dfae155626fe72b75a2c4bde6a58,cff553233941e75169564d196f318bbdd728713e0809f049f5ada55d92b57e1e,7e25783c0a7c26e9b9f205121679098986989cb4fa109a54923972afe75d60ce,ac6168d8c51a9220ff3b88b5de5c6038c357dcd1c8a36c2a1f201e2293e484e8,False,diffpir,mask,0.0625,0,7,0.03,0.03,0.0625,0.25,4.73338393451,0.0122457513682,0.991676151752,0.766007781029,0.789343297482,0.0233355164528,reconstructions/d4edbcc97ec00f079508e13004cf8c0e01806e2a1c89e0eb93c0e8df45158196/diffpir-mask-0.0625-0-7.pt
d4edbcc97ec00f079508e13004cf8c0e01806e2a1c89e0eb93c0e8df45158196,3edb09d41378dfae155626fe72b75a2c4bde6a58,cff553233941e75169564d196f318bbdd728713e0809f049f5ada55d92b57e1e,7e25783c0a7c26e9b9f205121679098986989cb4fa109a54923972afe75d60ce,ac6168d8c51a9220ff3b88b5de5c6038c357dcd1c8a36c2a1f201e2293e484e8,False,pigdm,mask,0.0625,0,7,0.03,0.03,0.0625,0.25,20.3285164123,0.535756365085,0.136562645435,0.152660623193,0.151854068041,-0.000806555151939,reconstructions/d4edbcc97ec00f079508e13004cf8c0e01806e2a1c89e0eb93c0e8df45158196/pigdm-mask-0.0625-0-7.pt
d4edbcc97ec00f079508e13004cf8c0e01806e2a1c89e0eb93c0e8df45158196,3edb09d41378dfae155626fe72b75a2c4bde6a58,cff553233941e75169564d196f318bbdd728713e0809f049f5ada55d92b57e1e,7e25783c0a7c26e9b9f205121679098986989cb4fa109a54923972afe75d60ce,ac6168d8c51a9220ff3b88b5de5c6038c357dcd1c8a36c2a1f201e2293e484e8,False,zero_filled,mask,0.0625,1,0,0.03,0.03,0.0625,0.25,22.1103085458,0.623969461778,0.273555099964,0.0427771098912,0.0404251776636,-0.00235193222761,reconstructions/d4edbcc97ec00f079508e13004cf8c0e01806e2a1c89e0eb93c0e8df45158196/zero_filled-mask-0.0625-1-0.pt
d4edbcc97ec00f079508e13004cf8c0e01806e2a1c89e0eb93c0e8df45158196,3edb09d41378dfae155626fe72b75a2c4bde6a58,cff553233941e75169564d196f318bbdd728713e0809f049f5ada55d92b57e1e,7e25783c0a7c26e9b9f205121679098986989cb4fa109a54923972afe75d60ce,ac6168d8c51a9220ff3b88b5de5c6038c357dcd1c8a36c2a1f201e2293e484e8,False,tv,mask,0.0625,1,0,0.03,0.03,0.0625,0.25,23.1538024041,0.645019212351,0.130198657513,0.0438021309674,0.0424076393247,-0.00139449164271,reconstructions/d4edbcc97ec00f079508e13004cf8c0e01806e2a1c89e0eb93c0e8df45158196/tv-mask-0.0625-1-0.pt
d4edbcc97ec00f079508e13004cf8c0e01806e2a1c89e0eb93c0e8df45158196,3edb09d41378dfae155626fe72b75a2c4bde6a58,cff553233941e75169564d196f318bbdd728713e0809f049f5ada55d92b57e1e,7e25783c0a7c26e9b9f205121679098986989cb4fa109a54923972afe75d60ce,ac6168d8c51a9220ff3b88b5de5c6038c357dcd1c8a36c2a1f201e2293e484e8,False,dps,mask,0.0625,1,0,0.03,0.03,0.0625,0.25,10.219464076,0.113172228008,0.340158820152,0.469037234783,0.468819051981,-0.0002181828022,reconstructions/d4edbcc97ec00f079508e13004cf8c0e01806e2a1c89e0eb93c0e8df45158196/dps-mask-0.0625-1-0.pt
d4edbcc97ec00f079508e13004cf8c0e01806e2a1c89e0eb93c0e8df45158196,3edb09d41378dfae155626fe72b75a2c4bde6a58,cff553233941e75169564d196f318bbdd728713e0809f049f5ada55d92b57e1e,7e25783c0a7c26e9b9f205121679098986989cb4fa109a54923972afe75d60ce,ac6168d8c51a9220ff3b88b5de5c6038c357dcd1c8a36c2a1f201e2293e484e8,False,diffpir,mask,0.0625,1,0,0.03,0.03,0.0625,0.25,5.84613000612,0.0103906532174,0.954904079437,0.299348920584,0.331720381975,0.0323714613914,reconstructions/d4edbcc97ec00f079508e13004cf8c0e01806e2a1c89e0eb93c0e8df45158196/diffpir-mask-0.0625-1-0.pt
d4edbcc97ec00f079508e13004cf8c0e01806e2a1c89e0eb93c0e8df45158196,3edb09d41378dfae155626fe72b75a2c4bde6a58,cff553233941e75169564d196f318bbdd728713e0809f049f5ada55d92b57e1e,7e25783c0a7c26e9b9f205121679098986989cb4fa109a54923972afe75d60ce,ac6168d8c51a9220ff3b88b5de5c6038c357dcd1c8a36c2a1f201e2293e484e8,False,pigdm,mask,0.0625,1,0,0.03,0.03,0.0625,0.25,21.5718046241,0.552574444309,0.110732391477,0.0559190623462,0.0546582378447,-0.00126082450151,reconstructions/d4edbcc97ec00f079508e13004cf8c0e01806e2a1c89e0eb93c0e8df45158196/pigdm-mask-0.0625-1-0.pt
d4edbcc97ec00f079508e13004cf8c0e01806e2a1c89e0eb93c0e8df45158196,3edb09d41378dfae155626fe72b75a2c4bde6a58,cff553233941e75169564d196f318bbdd728713e0809f049f5ada55d92b57e1e,7e25783c0a7c26e9b9f205121679098986989cb4fa109a54923972afe75d60ce,ac6168d8c51a9220ff3b88b5de5c6038c357dcd1c8a36c2a1f201e2293e484e8,False,zero_filled,mask,0.0625,1,1,0.03,0.03,0.0625,0.25,24.5733737452,0.661959745737,0.442359805107,0.0482511669397,0.0452191345394,-0.00303203240037,reconstructions/d4edbcc97ec00f079508e13004cf8c0e01806e2a1c89e0eb93c0e8df45158196/zero_filled-mask-0.0625-1-1.pt
d4edbcc97ec00f079508e13004cf8c0e01806e2a1c89e0eb93c0e8df45158196,3edb09d41378dfae155626fe72b75a2c4bde6a58,cff553233941e75169564d196f318bbdd728713e0809f049f5ada55d92b57e1e,7e25783c0a7c26e9b9f205121679098986989cb4fa109a54923972afe75d60ce,ac6168d8c51a9220ff3b88b5de5c6038c357dcd1c8a36c2a1f201e2293e484e8,False,tv,mask,0.0625,1,1,0.03,0.03,0.0625,0.25,25.4718158453,0.608292855491,0.360766112804,0.0569632314146,0.0556571520865,-0.00130607932806,reconstructions/d4edbcc97ec00f079508e13004cf8c0e01806e2a1c89e0eb93c0e8df45158196/tv-mask-0.0625-1-1.pt
d4edbcc97ec00f079508e13004cf8c0e01806e2a1c89e0eb93c0e8df45158196,3edb09d41378dfae155626fe72b75a2c4bde6a58,cff553233941e75169564d196f318bbdd728713e0809f049f5ada55d92b57e1e,7e25783c0a7c26e9b9f205121679098986989cb4fa109a54923972afe75d60ce,ac6168d8c51a9220ff3b88b5de5c6038c357dcd1c8a36c2a1f201e2293e484e8,False,dps,mask,0.0625,1,1,0.03,0.03,0.0625,0.25,8.3509075929,0.0284959668261,0.583794295788,0.748576819897,0.748041212559,-0.000535607337952,reconstructions/d4edbcc97ec00f079508e13004cf8c0e01806e2a1c89e0eb93c0e8df45158196/dps-mask-0.0625-1-1.pt
d4edbcc97ec00f079508e13004cf8c0e01806e2a1c89e0eb93c0e8df45158196,3edb09d41378dfae155626fe72b75a2c4bde6a58,cff553233941e75169564d196f318bbdd728713e0809f049f5ada55d92b57e1e,7e25783c0a7c26e9b9f205121679098986989cb4fa109a54923972afe75d60ce,ac6168d8c51a9220ff3b88b5de5c6038c357dcd1c8a36c2a1f201e2293e484e8,False,diffpir,mask,0.0625,1,1,0.03,0.03,0.0625,0.25,6.21788027146,0.00775703796473,0.774287343025,0.289436936378,0.321440696716,0.0320037603378,reconstructions/d4edbcc97ec00f079508e13004cf8c0e01806e2a1c89e0eb93c0e8df45158196/diffpir-mask-0.0625-1-1.pt
d4edbcc97ec00f079508e13004cf8c0e01806e2a1c89e0eb93c0e8df45158196,3edb09d41378dfae155626fe72b75a2c4bde6a58,cff553233941e75169564d196f318bbdd728713e0809f049f5ada55d92b57e1e,7e25783c0a7c26e9b9f205121679098986989cb4fa109a54923972afe75d60ce,ac6168d8c51a9220ff3b88b5de5c6038c357dcd1c8a36c2a1f201e2293e484e8,False,pigdm,mask,0.0625,1,1,0.03,0.03,0.0625,0.25,23.631956699,0.533758062468,0.295656383038,0.0709463730454,0.0704562887549,-0.000490084290504,reconstructions/d4edbcc97ec00f079508e13004cf8c0e01806e2a1c89e0eb93c0e8df45158196/pigdm-mask-0.0625-1-1.pt
d4edbcc97ec00f079508e13004cf8c0e01806e2a1c89e0eb93c0e8df45158196,3edb09d41378dfae155626fe72b75a2c4bde6a58,cff553233941e75169564d196f318bbdd728713e0809f049f5ada55d92b57e1e,7e25783c0a7c26e9b9f205121679098986989cb4fa109a54923972afe75d60ce,ac6168d8c51a9220ff3b88b5de5c6038c357dcd1c8a36c2a1f201e2293e484e8,False,zero_filled,mask,0.0625,1,2,0.03,0.03,0.0625,0.25,18.9797582894,0.540873741726,0.234061613679,0.0855001285672,0.0803832858801,-0.00511684268713,reconstructions/d4edbcc97ec00f079508e13004cf8c0e01806e2a1c89e0eb93c0e8df45158196/zero_filled-mask-0.0625-1-2.pt
d4edbcc97ec00f079508e13004cf8c0e01806e2a1c89e0eb93c0e8df45158196,3edb09d41378dfae155626fe72b75a2c4bde6a58,cff553233941e75169564d196f318bbdd728713e0809f049f5ada55d92b57e1e,7e25783c0a7c26e9b9f205121679098986989cb4fa109a54923972afe75d60ce,ac6168d8c51a9220ff3b88b5de5c6038c357dcd1c8a36c2a1f201e2293e484e8,False,tv,mask,0.0625,1,2,0.03,0.03,0.0625,0.25,21.5410905039,0.759622809226,0.0790800303221,0.0774325579405,0.0702801123261,-0.00715244561434,reconstructions/d4edbcc97ec00f079508e13004cf8c0e01806e2a1c89e0eb93c0e8df45158196/tv-mask-0.0625-1-2.pt
d4edbcc97ec00f079508e13004cf8c0e01806e2a1c89e0eb93c0e8df45158196,3edb09d41378dfae155626fe72b75a2c4bde6a58,cff553233941e75169564d196f318bbdd728713e0809f049f5ada55d92b57e1e,7e25783c0a7c26e9b9f205121679098986989cb4fa109a54923972afe75d60ce,ac6168d8c51a9220ff3b88b5de5c6038c357dcd1c8a36c2a1f201e2293e484e8,False,dps,mask,0.0625,1,2,0.03,0.03,0.0625,0.25,9.44585481467,0.0638463678118,0.284505337477,0.741878569126,0.741410851479,-0.000467717647552,reconstructions/d4edbcc97ec00f079508e13004cf8c0e01806e2a1c89e0eb93c0e8df45158196/dps-mask-0.0625-1-2.pt
d4edbcc97ec00f079508e13004cf8c0e01806e2a1c89e0eb93c0e8df45158196,3edb09d41378dfae155626fe72b75a2c4bde6a58,cff553233941e75169564d196f318bbdd728713e0809f049f5ada55d92b57e1e,7e25783c0a7c26e9b9f205121679098986989cb4fa109a54923972afe75d60ce,ac6168d8c51a9220ff3b88b5de5c6038c357dcd1c8a36c2a1f201e2293e484e8,False,diffpir,mask,0.0625,1,2,0.03,0.03,0.0625,0.25,4.40859209973,0.0147095392679,1.00868403912,0.878550231457,0.902714729309,0.0241644978523,reconstructions/d4edbcc97ec00f079508e13004cf8c0e01806e2a1c89e0eb93c0e8df45158196/diffpir-mask-0.0625-1-2.pt
d4edbcc97ec00f079508e13004cf8c0e01806e2a1c89e0eb93c0e8df45158196,3edb09d41378dfae155626fe72b75a2c4bde6a58,cff553233941e75169564d196f318bbdd728713e0809f049f5ada55d92b57e1e,7e25783c0a7c26e9b9f205121679098986989cb4fa109a54923972afe75d60ce,ac6168d8c51a9220ff3b88b5de5c6038c357dcd1c8a36c2a1f201e2293e484e8,False,pigdm,mask,0.0625,1,2,0.03,0.03,0.0625,0.25,18.711255129,0.528785001838,0.104941427708,0.164168834686,0.161876961589,-0.00229187309742,reconstructions/d4edbcc97ec00f079508e13004cf8c0e01806e2a1c89e0eb93c0e8df45158196/pigdm-mask-0.0625-1-2.pt
d4edbcc97ec00f079508e13004cf8c0e01806e2a1c89e0eb93c0e8df45158196,3edb09d41378dfae155626fe72b75a2c4bde6a58,cff553233941e75169564d196f318bbdd728713e0809f049f5ada55d92b57e1e,7e25783c0a7c26e9b9f205121679098986989cb4fa109a54923972afe75d60ce,ac6168d8c51a9220ff3b88b5de5c6038c357dcd1c8a36c2a1f201e2293e484e8,False,zero_filled,mask,0.0625,1,3,0.03,0.03,0.0625,0.25,21.3863003537,0.604555822072,0.252069413662,0.049043700099,0.0465193167329,-0.00252438336611,reconstructions/d4edbcc97ec00f079508e13004cf8c0e01806e2a1c89e0eb93c0e8df45158196/zero_filled-mask-0.0625-1-3.pt
d4edbcc97ec00f079508e13004cf8c0e01806e2a1c89e0eb93c0e8df45158196,3edb09d41378dfae155626fe72b75a2c4bde6a58,cff553233941e75169564d196f318bbdd728713e0809f049f5ada55d92b57e1e,7e25783c0a7c26e9b9f205121679098986989cb4fa109a54923972afe75d60ce,ac6168d8c51a9220ff3b88b5de5c6038c357dcd1c8a36c2a1f201e2293e484e8,False,tv,mask,0.0625,1,3,0.03,0.03,0.0625,0.25,25.2838301823,0.74560741074,0.188943326473,0.0451566204429,0.0416026003659,-0.00355402007699,reconstructions/d4edbcc97ec00f079508e13004cf8c0e01806e2a1c89e0eb93c0e8df45158196/tv-mask-0.0625-1-3.pt
d4edbcc97ec00f079508e13004cf8c0e01806e2a1c89e0eb93c0e8df45158196,3edb09d41378dfae155626fe72b75a2c4bde6a58,cff553233941e75169564d196f318bbdd728713e0809f049f5ada55d92b57e1e,7e25783c0a7c26e9b9f205121679098986989cb4fa109a54923972afe75d60ce,ac6168d8c51a9220ff3b88b5de5c6038c357dcd1c8a36c2a1f201e2293e484e8,False,dps,mask,0.0625,1,3,0.03,0.03,0.0625,0.25,12.0201166517,0.151548789958,0.38526725769,0.360691785812,0.360254526138,-0.000437259674072,reconstructions/d4edbcc97ec00f079508e13004cf8c0e01806e2a1c89e0eb93c0e8df45158196/dps-mask-0.0625-1-3.pt
d4edbcc97ec00f079508e13004cf8c0e01806e2a1c89e0eb93c0e8df45158196,3edb09d41378dfae155626fe72b75a2c4bde6a58,cff553233941e75169564d196f318bbdd728713e0809f049f5ada55d92b57e1e,7e25783c0a7c26e9b9f205121679098986989cb4fa109a54923972afe75d60ce,ac6168d8c51a9220ff3b88b5de5c6038c357dcd1c8a36c2a1f201e2293e484e8,False,diffpir,mask,0.0625,1,3,0.03,0.03,0.0625,0.25,5.48793747386,0.00120158382729,1.0317838192,0.372519522905,0.408682018518,0.0361624956131,reconstructions/d4edbcc97ec00f079508e13004cf8c0e01806e2a1c89e0eb93c0e8df45158196/diffpir-mask-0.0625-1-3.pt
d4edbcc97ec00f079508e13004cf8c0e01806e2a1c89e0eb93c0e8df45158196,3edb09d41378dfae155626fe72b75a2c4bde6a58,cff553233941e75169564d196f318bbdd728713e0809f049f5ada55d92b57e1e,7e25783c0a7c26e9b9f205121679098986989cb4fa109a54923972afe75d60ce,ac6168d8c51a9220ff3b88b5de5c6038c357dcd1c8a36c2a1f201e2293e484e8,False,pigdm,mask,0.0625,1,3,0.03,0.03,0.0625,0.25,23.1292283418,0.695933933178,0.139243364334,0.0609464906156,0.0585359595716,-0.00241053104401,reconstructions/d4edbcc97ec00f079508e13004cf8c0e01806e2a1c89e0eb93c0e8df45158196/pigdm-mask-0.0625-1-3.pt
d4edbcc97ec00f079508e13004cf8c0e01806e2a1c89e0eb93c0e8df45158196,3edb09d41378dfae155626fe72b75a2c4bde6a58,cff553233941e75169564d196f318bbdd728713e0809f049f5ada55d92b57e1e,7e25783c0a7c26e9b9f205121679098986989cb4fa109a54923972afe75d60ce,ac6168d8c51a9220ff3b88b5de5c6038c357dcd1c8a36c2a1f201e2293e484e8,False,zero_filled,mask,0.0625,1,4,0.03,0.03,0.0625,0.25,20.9835050229,0.68674629779,0.186962738633,0.0454034432769,0.0428078733385,-0.00259556993842,reconstructions/d4edbcc97ec00f079508e13004cf8c0e01806e2a1c89e0eb93c0e8df45158196/zero_filled-mask-0.0625-1-4.pt
d4edbcc97ec00f079508e13004cf8c0e01806e2a1c89e0eb93c0e8df45158196,3edb09d41378dfae155626fe72b75a2c4bde6a58,cff553233941e75169564d196f318bbdd728713e0809f049f5ada55d92b57e1e,7e25783c0a7c26e9b9f205121679098986989cb4fa109a54923972afe75d60ce,ac6168d8c51a9220ff3b88b5de5c6038c357dcd1c8a36c2a1f201e2293e484e8,False,tv,mask,0.0625,1,4,0.03,0.03,0.0625,0.25,22.2352634983,0.726224092844,0.089124366641,0.0411730855703,0.0395274460316,-0.00164563953876,reconstructions/d4edbcc97ec00f079508e13004cf8c0e01806e2a1c89e0eb93c0e8df45158196/tv-mask-0.0625-1-4.pt
d4edbcc97ec00f079508e13004cf8c0e01806e2a1c89e0eb93c0e8df45158196,3edb09d41378dfae155626fe72b75a2c4bde6a58,cff553233941e75169564d196f318bbdd728713e0809f049f5ada55d92b57e1e,7e25783c0a7c26e9b9f205121679098986989cb4fa109a54923972afe75d60ce,ac6168d8c51a9220ff3b88b5de5c6038c357dcd1c8a36c2a1f201e2293e484e8,False,dps,mask,0.0625,1,4,0.03,0.03,0.0625,0.25,8.15003971535,0.0972534273402,0.471375405788,0.57772898674,0.577583134174,-0.000145852565765,reconstructions/d4edbcc97ec00f079508e13004cf8c0e01806e2a1c89e0eb93c0e8df45158196/dps-mask-0.0625-1-4.pt
d4edbcc97ec00f079508e13004cf8c0e01806e2a1c89e0eb93c0e8df45158196,3edb09d41378dfae155626fe72b75a2c4bde6a58,cff553233941e75169564d196f318bbdd728713e0809f049f5ada55d92b57e1e,7e25783c0a7c26e9b9f205121679098986989cb4fa109a54923972afe75d60ce,ac6168d8c51a9220ff3b88b5de5c6038c357dcd1c8a36c2a1f201e2293e484e8,False,diffpir,mask,0.0625,1,4,0.03,0.03,0.0625,0.25,5.26568573319,0.0173348707566,1.00478279591,0.416262835264,0.440295696259,0.0240328609943,reconstructions/d4edbcc97ec00f079508e13004cf8c0e01806e2a1c89e0eb93c0e8df45158196/diffpir-mask-0.0625-1-4.pt
d4edbcc97ec00f079508e13004cf8c0e01806e2a1c89e0eb93c0e8df45158196,3edb09d41378dfae155626fe72b75a2c4bde6a58,cff553233941e75169564d196f318bbdd728713e0809f049f5ada55d92b57e1e,7e25783c0a7c26e9b9f205121679098986989cb4fa109a54923972afe75d60ce,ac6168d8c51a9220ff3b88b5de5c6038c357dcd1c8a36c2a1f201e2293e484e8,False,pigdm,mask,0.0625,1,4,0.03,0.03,0.0625,0.25,21.7422025057,0.673633822149,0.0671717897058,0.0568212866783,0.055496070534,-0.00132521614432,reconstructions/d4edbcc97ec00f079508e13004cf8c0e01806e2a1c89e0eb93c0e8df45158196/pigdm-mask-0.0625-1-4.pt
d4edbcc97ec00f079508e13004cf8c0e01806e2a1c89e0eb93c0e8df45158196,3edb09d41378dfae155626fe72b75a2c4bde6a58,cff553233941e75169564d196f318bbdd728713e0809f049f5ada55d92b57e1e,7e25783c0a7c26e9b9f205121679098986989cb4fa109a54923972afe75d60ce,ac6168d8c51a9220ff3b88b5de5c6038c357dcd1c8a36c2a1f201e2293e484e8,False,zero_filled,mask,0.0625,1,5,0.03,0.03,0.0625,0.25,21.1307210534,0.605163913439,0.357955813408,0.0417600274086,0.0387734249234,-0.00298660248518,reconstructions/d4edbcc97ec00f079508e13004cf8c0e01806e2a1c89e0eb93c0e8df45158196/zero_filled-mask-0.0625-1-5.pt
d4edbcc97ec00f079508e13004cf8c0e01806e2a1c89e0eb93c0e8df45158196,3edb09d41378dfae155626fe72b75a2c4bde6a58,cff553233941e75169564d196f318bbdd728713e0809f049f5ada55d92b57e1e,7e25783c0a7c26e9b9f205121679098986989cb4fa109a54923972afe75d60ce,ac6168d8c51a9220ff3b88b5de5c6038c357dcd1c8a36c2a1f201e2293e484e8,False,tv,mask,0.0625,1,5,0.03,0.03,0.0625,0.25,21.5627774177,0.56045592798,0.286359399557,0.0475722625852,0.046641420573,-0.000930842012167,reconstructions/d4edbcc97ec00f079508e13004cf8c0e01806e2a1c89e0eb93c0e8df45158196/tv-mask-0.0625-1-5.pt
d4edbcc97ec00f079508e13004cf8c0e01806e2a1c89e0eb93c0e8df45158196,3edb09d41378dfae155626fe72b75a2c4bde6a58,cff553233941e75169564d196f318bbdd728713e0809f049f5ada55d92b57e1e,7e25783c0a7c26e9b9f205121679098986989cb4fa109a54923972afe75d60ce,ac6168d8c51a9220ff3b88b5de5c6038c357dcd1c8a36c2a1f201e2293e484e8,False,dps,mask,0.0625,1,5,0.03,0.03,0.0625,0.25,8.46580381754,0.0623768132588,0.455972135067,0.515540778637,0.515497684479,-4.30941581726e-05,reconstructions/d4edbcc97ec00f079508e13004cf8c0e01806e2a1c89e0eb93c0e8df45158196/dps-mask-0.0625-1-5.pt
d4edbcc97ec00f079508e13004cf8c0e01806e2a1c89e0eb93c0e8df45158196,3edb09d41378dfae155626fe72b75a2c4bde6a58,cff553233941e75169564d196f318bbdd728713e0809f049f5ada55d92b57e1e,7e25783c0a7c26e9b9f205121679098986989cb4fa109a54923972afe75d60ce,ac6168d8c51a9220ff3b88b5de5c6038c357dcd1c8a36c2a1f201e2293e484e8,False,diffpir,mask,0.0625,1,5,0.03,0.03,0.0625,0.25,5.51878324938,0.00828287607516,0.877800703049,0.345185041428,0.362747579813,0.0175625383854,reconstructions/d4edbcc97ec00f079508e13004cf8c0e01806e2a1c89e0eb93c0e8df45158196/diffpir-mask-0.0625-1-5.pt
d4edbcc97ec00f079508e13004cf8c0e01806e2a1c89e0eb93c0e8df45158196,3edb09d41378dfae155626fe72b75a2c4bde6a58,cff553233941e75169564d196f318bbdd728713e0809f049f5ada55d92b57e1e,7e25783c0a7c26e9b9f205121679098986989cb4fa109a54923972afe75d60ce,ac6168d8c51a9220ff3b88b5de5c6038c357dcd1c8a36c2a1f201e2293e484e8,False,pigdm,mask,0.0625,1,5,0.03,0.03,0.0625,0.25,19.559047288,0.45544730542,0.151256993413,0.0542573444545,0.0560980923474,0.00184074789286,reconstructions/d4edbcc97ec00f079508e13004cf8c0e01806e2a1c89e0eb93c0e8df45158196/pigdm-mask-0.0625-1-5.pt
d4edbcc97ec00f079508e13004cf8c0e01806e2a1c89e0eb93c0e8df45158196,3edb09d41378dfae155626fe72b75a2c4bde6a58,cff553233941e75169564d196f318bbdd728713e0809f049f5ada55d92b57e1e,7e25783c0a7c26e9b9f205121679098986989cb4fa109a54923972afe75d60ce,ac6168d8c51a9220ff3b88b5de5c6038c357dcd1c8a36c2a1f201e2293e484e8,False,zero_filled,mask,0.0625,1,6,0.03,0.03,0.0625,0.25,17.7326329951,0.485237979928,0.283046841621,0.104974381626,0.0975585356355,-0.00741584599018,reconstructions/d4edbcc97ec00f079508e13004cf8c0e01806e2a1c89e0eb93c0e8df45158196/zero_filled-mask-0.0625-1-6.pt
d4edbcc97ec00f079508e13004cf8c0e01806e2a1c89e0eb93c0e8df45158196,3edb09d41378dfae155626fe72b75a2c4bde6a58,cff553233941e75169564d196f318bbdd728713e0809f049f5ada55d92b57e1e,7e25783c0a7c26e9b9f205121679098986989cb4fa109a54923972afe75d60ce,ac6168d8c51a9220ff3b88b5de5c6038c357dcd1c8a36c2a1f201e2293e484e8,False,tv,mask,0.0625,1,6,0.03,0.03,0.0625,0.25,20.381296922,0.693082949085,0.103314645588,0.0943085327744,0.0843731090426,-0.0099354237318,reconstructions/d4edbcc97ec00f079508e13004cf8c0e01806e2a1c89e0eb93c0e8df45158196/tv-mask-0.0625-1-6.pt
d4edbcc97ec00f079508e13004cf8c0e01806e2a1c89e0eb93c0e8df45158196,3edb09d41378dfae155626fe72b75a2c4bde6a58,cff553233941e75169564d196f318bbdd728713e0809f049f5ada55d92b57e1e,7e25783c0a7c26e9b9f205121679098986989cb4fa109a54923972afe75d60ce,ac6168d8c51a9220ff3b88b5de5c6038c357dcd1c8a36c2a1f201e2293e484e8,False,dps,mask,0.0625,1,6,0.03,0.03,0.0625,0.25,5.73563927315,-0.0294202994978,0.485905230045,1.23627579212,1.23611390591,-0.00016188621521,reconstructions/d4edbcc97ec00f079508e13004cf8c0e01806e2a1c89e0eb93c0e8df45158196/dps-mask-0.0625-1-6.pt
d4edbcc97ec00f079508e13004cf8c0e01806e2a1c89e0eb93c0e8df45158196,3edb09d41378dfae155626fe72b75a2c4bde6a58,cff553233941e75169564d196f318bbdd728713e0809f049f5ada55d92b57e1e,7e25783c0a7c26e9b9f205121679098986989cb4fa109a54923972afe75d60ce,ac6168d8c51a9220ff3b88b5de5c6038c357dcd1c8a36c2a1f201e2293e484e8,False,diffpir,mask,0.0625,1,6,0.03,0.03,0.0625,0.25,4.50990769969,0.0189632526042,0.959948778152,0.893428385258,0.915100157261,0.0216717720032,reconstructions/d4edbcc97ec00f079508e13004cf8c0e01806e2a1c89e0eb93c0e8df45158196/diffpir-mask-0.0625-1-6.pt
d4edbcc97ec00f079508e13004cf8c0e01806e2a1c89e0eb93c0e8df45158196,3edb09d41378dfae155626fe72b75a2c4bde6a58,cff553233941e75169564d196f318bbdd728713e0809f049f5ada55d92b57e1e,7e25783c0a7c26e9b9f205121679098986989cb4fa109a54923972afe75d60ce,ac6168d8c51a9220ff3b88b5de5c6038c357dcd1c8a36c2a1f201e2293e484e8,False,pigdm,mask,0.0625,1,6,0.03,0.03,0.0625,0.25,17.679906039,0.471485091384,0.120216220617,0.159976556897,0.154117703438,-0.00585885345936,reconstructions/d4edbcc97ec00f079508e13004cf8c0e01806e2a1c89e0eb93c0e8df45158196/pigdm-mask-0.0625-1-6.pt
d4edbcc97ec00f079508e13004cf8c0e01806e2a1c89e0eb93c0e8df45158196,3edb09d41378dfae155626fe72b75a2c4bde6a58,cff553233941e75169564d196f318bbdd728713e0809f049f5ada55d92b57e1e,7e25783c0a7c26e9b9f205121679098986989cb4fa109a54923972afe75d60ce,ac6168d8c51a9220ff3b88b5de5c6038c357dcd1c8a36c2a1f201e2293e484e8,False,zero_filled,mask,0.0625,1,7,0.03,0.03,0.0625,0.25,20.029612461,0.590340322125,0.232473492622,0.0793875679374,0.075197532773,-0.00419003516436,reconstructions/d4edbcc97ec00f079508e13004cf8c0e01806e2a1c89e0eb93c0e8df45158196/zero_filled-mask-0.0625-1-7.pt
d4edbcc97ec00f079508e13004cf8c0e01806e2a1c89e0eb93c0e8df45158196,3edb09d41378dfae155626fe72b75a2c4bde6a58,cff553233941e75169564d196f318bbdd728713e0809f049f5ada55d92b57e1e,7e25783c0a7c26e9b9f205121679098986989cb4fa109a54923972afe75d60ce,ac6168d8c51a9220ff3b88b5de5c6038c357dcd1c8a36c2a1f201e2293e484e8,False,tv,mask,0.0625,1,7,0.03,0.03,0.0625,0.25,22.4416866356,0.737594914132,0.0904289409518,0.0709410533309,0.0650192201138,-0.00592183321714,reconstructions/d4edbcc97ec00f079508e13004cf8c0e01806e2a1c89e0eb93c0e8df45158196/tv-mask-0.0625-1-7.pt
d4edbcc97ec00f079508e13004cf8c0e01806e2a1c89e0eb93c0e8df45158196,3edb09d41378dfae155626fe72b75a2c4bde6a58,cff553233941e75169564d196f318bbdd728713e0809f049f5ada55d92b57e1e,7e25783c0a7c26e9b9f205121679098986989cb4fa109a54923972afe75d60ce,ac6168d8c51a9220ff3b88b5de5c6038c357dcd1c8a36c2a1f201e2293e484e8,False,dps,mask,0.0625,1,7,0.03,0.03,0.0625,0.25,4.94086257705,0.00863105265978,0.448251247406,1.28621125221,1.28594481945,-0.000266432762146,reconstructions/d4edbcc97ec00f079508e13004cf8c0e01806e2a1c89e0eb93c0e8df45158196/dps-mask-0.0625-1-7.pt
d4edbcc97ec00f079508e13004cf8c0e01806e2a1c89e0eb93c0e8df45158196,3edb09d41378dfae155626fe72b75a2c4bde6a58,cff553233941e75169564d196f318bbdd728713e0809f049f5ada55d92b57e1e,7e25783c0a7c26e9b9f205121679098986989cb4fa109a54923972afe75d60ce,ac6168d8c51a9220ff3b88b5de5c6038c357dcd1c8a36c2a1f201e2293e484e8,False,diffpir,mask,0.0625,1,7,0.03,0.03,0.0625,0.25,4.71536670554,0.00504658137767,0.945156633854,0.760574817657,0.787852048874,0.0272772312164,reconstructions/d4edbcc97ec00f079508e13004cf8c0e01806e2a1c89e0eb93c0e8df45158196/diffpir-mask-0.0625-1-7.pt
d4edbcc97ec00f079508e13004cf8c0e01806e2a1c89e0eb93c0e8df45158196,3edb09d41378dfae155626fe72b75a2c4bde6a58,cff553233941e75169564d196f318bbdd728713e0809f049f5ada55d92b57e1e,7e25783c0a7c26e9b9f205121679098986989cb4fa109a54923972afe75d60ce,ac6168d8c51a9220ff3b88b5de5c6038c357dcd1c8a36c2a1f201e2293e484e8,False,pigdm,mask,0.0625,1,7,0.03,0.03,0.0625,0.25,16.2875007015,0.47001488116,0.260994642973,0.2865639925,0.285599768162,-0.000964224338531,reconstructions/d4edbcc97ec00f079508e13004cf8c0e01806e2a1c89e0eb93c0e8df45158196/pigdm-mask-0.0625-1-7.pt
d4edbcc97ec00f079508e13004cf8c0e01806e2a1c89e0eb93c0e8df45158196,3edb09d41378dfae155626fe72b75a2c4bde6a58,cff553233941e75169564d196f318bbdd728713e0809f049f5ada55d92b57e1e,7e25783c0a7c26e9b9f205121679098986989cb4fa109a54923972afe75d60ce,ac6168d8c51a9220ff3b88b5de5c6038c357dcd1c8a36c2a1f201e2293e484e8,False,zero_filled,mask,0.0625,2,0,0.03,0.03,0.0625,0.25,21.8334557367,0.604257472759,0.296437054873,0.0355706885457,0.034851487726,-0.000719200819731,reconstructions/d4edbcc97ec00f079508e13004cf8c0e01806e2a1c89e0eb93c0e8df45158196/zero_filled-mask-0.0625-2-0.pt
d4edbcc97ec00f079508e13004cf8c0e01806e2a1c89e0eb93c0e8df45158196,3edb09d41378dfae155626fe72b75a2c4bde6a58,cff553233941e75169564d196f318bbdd728713e0809f049f5ada55d92b57e1e,7e25783c0a7c26e9b9f205121679098986989cb4fa109a54923972afe75d60ce,ac6168d8c51a9220ff3b88b5de5c6038c357dcd1c8a36c2a1f201e2293e484e8,False,tv,mask,0.0625,2,0,0.03,0.03,0.0625,0.25,22.625861624,0.613409867811,0.141577601433,0.037929918617,0.0372793152928,-0.000650603324175,reconstructions/d4edbcc97ec00f079508e13004cf8c0e01806e2a1c89e0eb93c0e8df45158196/tv-mask-0.0625-2-0.pt
d4edbcc97ec00f079508e13004cf8c0e01806e2a1c89e0eb93c0e8df45158196,3edb09d41378dfae155626fe72b75a2c4bde6a58,cff553233941e75169564d196f318bbdd728713e0809f049f5ada55d92b57e1e,7e25783c0a7c26e9b9f205121679098986989cb4fa109a54923972afe75d60ce,ac6168d8c51a9220ff3b88b5de5c6038c357dcd1c8a36c2a1f201e2293e484e8,False,dps,mask,0.0625,2,0,0.03,0.03,0.0625,0.25,10.197453701,0.060324810213,0.299096882343,0.458899080753,0.458989471197,9.03904438019e-05,reconstructions/d4edbcc97ec00f079508e13004cf8c0e01806e2a1c89e0eb93c0e8df45158196/dps-mask-0.0625-2-0.pt
d4edbcc97ec00f079508e13004cf8c0e01806e2a1c89e0eb93c0e8df45158196,3edb09d41378dfae155626fe72b75a2c4bde6a58,cff553233941e75169564d196f318bbdd728713e0809f049f5ada55d92b57e1e,7e25783c0a7c26e9b9f205121679098986989cb4fa109a54923972afe75d60ce,ac6168d8c51a9220ff3b88b5de5c6038c357dcd1c8a36c2a1f201e2293e484e8,False,diffpir,mask,0.0625,2,0,0.03,0.03,0.0625,0.25,5.88560614471,0.0165145484482,0.99764084816,0.293068379164,0.295095086098,0.00202670693398,reconstructions/d4edbcc97ec00f079508e13004cf8c0e01806e2a1c89e0eb93c0e8df45158196/diffpir-mask-0.0625-2-0.pt
d4edbcc97ec00f079508e13004cf8c0e01806e2a1c89e0eb93c0e8df45158196,3edb09d41378dfae155626fe72b75a2c4bde6a58,cff553233941e75169564d196f318bbdd728713e0809f049f5ada55d92b57e1e,7e25783c0a7c26e9b9f205121679098986989cb4fa109a54923972afe75d60ce,ac6168d8c51a9220ff3b88b5de5c6038c357dcd1c8a36c2a1f201e2293e484e8,False,pigdm,mask,0.0625,2,0,0.03,0.03,0.0625,0.25,21.1474440973,0.531418526453,0.178764343262,0.0463890396059,0.0455696135759,-0.000819426029921,reconstructions/d4edbcc97ec00f079508e13004cf8c0e01806e2a1c89e0eb93c0e8df45158196/pigdm-mask-0.0625-2-0.pt
d4edbcc97ec00f079508e13004cf8c0e01806e2a1c89e0eb93c0e8df45158196,3edb09d41378dfae155626fe72b75a2c4bde6a58,cff553233941e75169564d196f318bbdd728713e0809f049f5ada55d92b57e1e,7e25783c0a7c26e9b9f205121679098986989cb4fa109a54923972afe75d60ce,ac6168d8c51a9220ff3b88b5de5c6038c357dcd1c8a36c2a1f201e2293e484e8,False,zero_filled,mask,0.0625,2,1,0.03,0.03,0.0625,0.25,24.2137728363,0.636852197329,0.470690637827,0.0415034219623,0.0398185104132,-0.00168491154909,reconstructions/d4edbcc97ec00f079508e13004cf8c0e01806e2a1c89e0eb93c0e8df45158196/zero_filled-mask-0.0625-2-1.pt
d4edbcc97ec00f079508e13004cf8c0e01806e2a1c89e0eb93c0e8df45158196,3edb09d41378dfae155626fe72b75a2c4bde6a58,cff553233941e75169564d196f318bbdd728713e0809f049f5ada55d92b57e1e,7e25783c0a7c26e9b9f205121679098986989cb4fa109a54923972afe75d60ce,ac6168d8c51a9220ff3b88b5de5c6038c357dcd1c8a36c2a1f201e2293e484e8,False,tv,mask,0.0625,2,1,0.03,0.03,0.0625,0.25,24.7932577081,0.566905414285,0.343645185232,0.0521652176976,0.0511302724481,-0.00103494524956,reconstructions/d4edbcc97ec00f079508e13004cf8c0e01806e2a1c89e0eb93c0e8df45158196/tv-mask-0.0625-2-1.pt
d4edbcc97ec00f079508e13004cf8c0e01806e2a1c89e0eb93c0e8df45158196,3edb09d41378dfae155626fe72b75a2c4bde6a58,cff553233941e75169564d196f318bbdd728713e0809f049f5ada55d92b57e1e,7e25783c0a7c26e9b9f205121679098986989cb4fa109a54923972afe75d60ce,ac6168d8c51a9220ff3b88b5de5c6038c357dcd1c8a36c2a1f201e2293e484e8,False,dps,mask,0.0625,2,1,0.03,0.03,0.0625,0.25,12.803138288,0.207515243952,0.527506947517,0.441848516464,0.441849827766,1.31130218506e-06,reconstructions/d4edbcc97ec00f079508e13004cf8c0e01806e2a1c89e0eb93c0e8df45158196/dps-mask-0.0625-2-1.pt
d4edbcc97ec00f079508e13004cf8c0e01806e2a1c89e0eb93c0e8df45158196,3edb09d41378dfae155626fe72b75a2c4bde6a58,cff553233941e75169564d196f318bbdd728713e0809f049f5ada55d92b57e1e,7e25783c0a7c26e9b9f205121679098986989cb4fa109a54923972afe75d60ce,ac6168d8c51a9220ff3b88b5de5c6038c357dcd1c8a36c2a1f201e2293e484e8,False,diffpir,mask,0.0625,2,1,0.03,0.03,0.0625,0.25,6.20312151915,0.00478163836395,0.752317667007,0.304310083389,0.304433226585,0.000123143196106,reconstructions/d4edbcc97ec00f079508e13004cf8c0e01806e2a1c89e0eb93c0e8df45158196/diffpir-mask-0.0625-2-1.pt
d4edbcc97ec00f079508e13004cf8c0e01806e2a1c89e0eb93c0e8df45158196,3edb09d41378dfae155626fe72b75a2c4bde6a58,cff553233941e75169564d196f318bbdd728713e0809f049f5ada55d92b57e1e,7e25783c0a7c26e9b9f205121679098986989cb4fa109a54923972afe75d60ce,ac6168d8c51a9220ff3b88b5de5c6038c357dcd1c8a36c2a1f201e2293e484e8,False,pigdm,mask,0.0625,2,1,0.03,0.03,0.0625,0.25,23.7537247872,0.501909100247,0.333927720785,0.0654573217034,0.0646246373653,-0.000832684338093,reconstructions/d4edbcc97ec00f079508e13004cf8c0e01806e2a1c89e0eb93c0e8df45158196/pigdm-mask-0.0625-2-1.pt
d4edbcc97ec00f079508e13004cf8c0e01806e2a1c89e0eb93c0e8df45158196,3edb09d41378dfae155626fe72b75a2c4bde6a58,cff553233941e75169564d196f318bbdd728713e0809f049f5ada55d92b57e1e,7e25783c0a7c26e9b9f205121679098986989cb4fa109a54923972afe75d60ce,ac6168d8c51a9220ff3b88b5de5c6038c357dcd1c8a36c2a1f201e2293e484e8,False,zero_filled,mask,0.0625,2,2,0.03,0.03,0.0625,0.25,18.7006191593,0.525973264505,0.234288483858,0.0706719309092,0.0663828477263,-0.00428908318281,reconstructions/d4edbcc97ec00f079508e13004cf8c0e01806e2a1c89e0eb93c0e8df45158196/zero_filled-mask-0.0625-2-2.pt
d4edbcc97ec00f079508e13004cf8c0e01806e2a1c89e0eb93c0e8df45158196,3edb09d41378dfae155626fe72b75a2c4bde6a58,cff553233941e75169564d196f318bbdd728713e0809f049f5ada55d92b57e1e,7e25783c0a7c26e9b9f205121679098986989cb4fa109a54923972afe75d60ce,ac6168d8c51a9220ff3b88b5de5c6038c357dcd1c8a36c2a1f201e2293e484e8,False,tv,mask,0.0625,2,2,0.03,0.03,0.0625,0.25,20.8422137222,0.740017982661,0.0879868417978,0.0619464218616,0.056439127773,-0.0055072940886,reconstructions/d4edbcc97ec00f079508e13004cf8c0e01806e2a1c89e0eb93c0e8df45158196/tv-mask-0.0625-2-2.pt
d4edbcc97ec00f079508e13004cf8c0e01806e2a1c89e0eb93c0e8df45158196,3edb09d41378dfae155626fe72b75a2c4bde6a58,cff553233941e75169564d196f318bbdd728713e0809f049f5ada55d92b57e1e,7e25783c0a7c26e9b9f205121679098986989cb4fa109a54923972afe75d60ce,ac6168d8c51a9220ff3b88b5de5c6038c357dcd1c8a36c2a1f201e2293e484e8,False,dps,mask,0.0625,2,2,0.03,0.03,0.0625,0.25,7.52644154966,0.0111911081252,0.421230375767,0.960309743881,0.960331261158,2.15172767639e-05,reconstructions/d4edbcc97ec00f079508e13004cf8c0e01806e2a1c89e0eb93c0e8df45158196/dps-mask-0.0625-2-2.pt
d4edbcc97ec00f079508e13004cf8c0e01806e2a1c89e0eb93c0e8df45158196,3edb09d41378dfae155626fe72b75a2c4bde6a58,cff553233941e75169564d196f318bbdd728713e0809f049f5ada55d92b57e1e,7e25783c0a7c26e9b9f205121679098986989cb4fa109a54923972afe75d60ce,ac6168d8c51a9220ff3b88b5de5c6038c357dcd1c8a36c2a1f201e2293e484e8,False,diffpir,mask,0.0625,2,2,0.03,0.03,0.0625,0.25,4.45016920719,0.0235393103335,0.922834873199,0.865672945976,0.866971850395,0.00129890441895,reconstructions/d4edbcc97ec00f079508e13004cf8c0e01806e2a1c89e0eb93c0e8df45158196/diffpir-mask-0.0625-2-2.pt
d4edbcc97ec00f079508e13004cf8c0e01806e2a1c89e0eb93c0e8df45158196,3edb09d41378dfae155626fe72b75a2c4bde6a58,cff553233941e75169564d196f318bbdd728713e0809f049f5ada55d92b57e1e,7e25783c0a7c26e9b9f205121679098986989cb4fa109a54923972afe75d60ce,ac6168d8c51a9220ff3b88b5de5c6038c357dcd1c8a36c2a1f201e2293e484e8,False,pigdm,mask,0.0625,2,2,0.03,0.03,0.0625,0.25,18.1337081127,0.519432052583,0.103860728443,0.152360126376,0.150968402624,-0.00139172375202,reconstructions/d4edbcc97ec00f079508e13004cf8c0e01806e2a1c89e0eb93c0e8df45158196/pigdm-mask-0.0625-2-2.pt
d4edbcc97ec00f079508e13004cf8c0e01806e2a1c89e0eb93c0e8df45158196,3edb09d41378dfae155626fe72b75a2c4bde6a58,cff553233941e75169564d196f318bbdd728713e0809f049f5ada55d92b57e1e,7e25783c0a7c26e9b9f205121679098986989cb4fa109a54923972afe75d60ce,ac6168d8c51a9220ff3b88b5de5c6038c357dcd1c8a36c2a1f201e2293e484e8,False,zero_filled,mask,0.0625,2,3,0.03,0.03,0.0625,0.25,21.1497166798,0.619599098157,0.270123898983,0.0432218462229,0.0414895527065,-0.0017322935164,reconstructions/d4edbcc97ec00f079508e13004cf8c0e01806e2a1c89e0eb93c0e8df45158196/zero_filled-mask-0.0625-2-3.pt
d4edbcc97ec00f079508e13004cf8c0e01806e2a1c89e0eb93c0e8df45158196,3edb09d41378dfae155626fe72b75a2c4bde6a58,cff553233941e75169564d196f318bbdd728713e0809f049f5ada55d92b57e1e,7e25783c0a7c26e9b9f205121679098986989cb4fa109a54923972afe75d60ce,ac6168d8c51a9220ff3b88b5de5c6038c357dcd1c8a36c2a1f201e2293e484e8,False,tv,mask,0.0625,2,3,0.03,0.03,0.0625,0.25,24.4443563935,0.735194372628,0.184309661388,0.0398406088352,0.0376953631639,-0.00214524567127,reconstructions/d4edbcc97ec00f079508e13004cf8c0e01806e2a1c89e0eb93c0e8df45158196/tv-mask-0.0625-2-3.pt
d4edbcc97ec00f079508e13004cf8c0e01806e2a1c89e0eb93c0e8df45158196,3edb09d41378dfae155626fe72b75a2c4bde6a58,cff553233941e75169564d196f318bbdd728713e0809f049f5ada55d92b57e1e,7e25783c0a7c26e9b9f205121679098986989cb4fa109a54923972afe75d60ce,ac6168d8c51a9220ff3b88b5de5c6038c357dcd1c8a36c2a1f201e2293e484e8,False,dps,mask,0.0625,2,3,0.03,0.03,0.0625,0.25,9.649461527,0.0838652363606,0.521510541439,0.50045466423,0.500552713871,9.80496406555e-05,reconstructions/d4edbcc97ec00f079508e13004cf8c0e01806e2a1c89e0eb93c0e8df45158196/dps-mask-0.0625-2-3.pt
d4edbcc97ec00f079508e13004cf8c0e01806e2a1c89e0eb93c0e8df45158196,3edb09d41378dfae155626fe72b75a2c4bde6a58,cff553233941e75169564d196f318bbdd728713e0809f049f5ada55d92b57e1e,7e25783c0a7c26e9b9f205121679098986989cb4fa109a54923972afe75d60ce,ac6168d8c51a9220ff3b88b5de5c6038c357dcd1c8a36c2a1f201e2293e484e8,False,diffpir,mask,0.0625,2,3,0.03,0.03,0.0625,0.25,5.50026074043,0.00141317724527,0.993329882622,0.377046018839,0.376992881298,-5.31375408173e-05,reconstructions/d4edbcc97ec00f079508e13004cf8c0e01806e2a1c89e0eb93c0e8df45158196/diffpir-mask-0.0625-2-3.pt
d4edbcc97ec00f079508e13004cf8c0e01806e2a1c89e0eb93c0e8df45158196,3edb09d41378dfae155626fe72b75a2c4bde6a58,cff553233941e75169564d196f318bbdd728713e0809f049f5ada55d92b57e1e,7e25783c0a7c26e9b9f205121679098986989cb4fa109a54923972afe75d60ce,ac6168d8c51a9220ff3b88b5de5c6038c357dcd1c8a36c2a1f201e2293e484e8,False,pigdm,mask,0.0625,2,3,0.03,0.03,0.0625,0.25,20.2753041238,0.587545451999,0.172850295901,0.0821461230516,0.0816877782345,-0.000458344817162,reconstructions/d4edbcc97ec00f079508e13004cf8c0e01806e2a1c89e0eb93c0e8df45158196/pigdm-mask-0.0625-2-3.pt
d4edbcc97ec00f079508e13004cf8c0e01806e2a1c89e0eb93c0e8df45158196,3edb09d41378dfae155626fe72b75a2c4bde6a58,cff553233941e75169564d196f318bbdd728713e0809f049f5ada55d92b57e1e,7e25783c0a7c26e9b9f205121679098986989cb4fa109a54923972afe75d60ce,ac6168d8c51a9220ff3b88b5de5c6038c357dcd1c8a36c2a1f201e2293e484e8,False,zero_filled,mask,0.0625,2,4,0.03,0.03,0.0625,0.25,20.7047478382,0.680309557253,0.234943076968,0.0374352857471,0.0367114320397,-0.000723853707314,reconstructions/d4edbcc97ec00f079508e13004cf8c0e01806e2a1c89e0eb93c0e8df45158196/zero_filled-mask-0.0625-2-4.pt
d4edbcc97ec00f079508e13004cf8c0e01806e2a1c89e0eb93c0e8df45158196,3edb09d41378dfae155626fe72b75a2c4bde6a58,cff553233941e75169564d196f318bbdd728713e0809f049f5ada55d92b57e1e,7e25783c0a7c26e9b9f205121679098986989cb4fa109a54923972afe75d60ce,ac6168d8c51a9220ff3b88b5de5c6038c357dcd1c8a36c2a1f201e2293e484e8,False,tv,mask,0.0625,2,4,0.03,0.03,0.0625,0.25,21.2220635247,0.685302066415,0.119638077915,0.0331006832421,0.0322322249413,-0.000868458300829,reconstructions/d4edbcc97ec00f079508e13004cf8c0e01806e2a1c89e0eb93c0e8df45158196/tv-mask-0.0625-2-4.pt
d4edbcc97ec00f079508e13004cf8c0e01806e2a1c89e0eb93c0e8df45158196,3edb09d41378dfae155626fe72b75a2c4bde6a58,cff553233941e75169564d196f318bbdd728713e0809f049f5ada55d92b57e1e,7e25783c0a7c26e9b9f205121679098986989cb4fa109a54923972afe75d60ce,ac6168d8c51a9220ff3b88b5de5c6038c357dcd1c8a36c2a1f201e2293e484e8,False,dps,mask,0.0625,2,4,0.03,0.03,0.0625,0.25,9.3651657941,0.00989099340986,0.235703706741,0.481767654419,0.481797635555,2.9981136322e-05,reconstructions/d4edbcc97ec00f079508e13004cf8c0e01806e2a1c89e0eb93c0e8df45158196/dps-mask-0.0625-2-4.pt
d4edbcc97ec00f079508e13004cf8c0e01806e2a1c89e0eb93c0e8df45158196,3edb09d41378dfae155626fe72b75a2c4bde6a58,cff553233941e75169564d196f318bbdd728713e0809f049f5ada55d92b57e1e,7e25783c0a7c26e9b9f205121679098986989cb4fa109a54923972afe75d60ce,ac6168d8c51a9220ff3b88b5de5c6038c357dcd1c8a36c2a1f201e2293e484e8,False,diffpir,mask,0.0625,2,4,0.03,0.03,0.0625,0.25,5.25439674796,0.0167100494183,0.960057258606,0.411461353302,0.411913245916,0.000451892614365,reconstructions/d4edbcc97ec00f079508e13004cf8c0e01806e2a1c89e0eb93c0e8df45158196/diffpir-mask-0.0625-2-4.pt
d4edbcc97ec00f079508e13004cf8c0e01806e2a1c89e0eb93c0e8df45158196,3edb09d41378dfae155626fe72b75a2c4bde6a58,cff553233941e75169564d196f318bbdd728713e0809f049f5ada55d92b57e1e,7e25783c0a7c26e9b9f205121679098986989cb4fa109a54923972afe75d60ce,ac6168d8c51a9220ff3b88b5de5c6038c357dcd1c8a36c2a1f201e2293e484e8,False,pigdm,mask,0.0625,2,4,0.03,0.03,0.0625,0.25,20.1487203578,0.557068052428,0.0737709999084,0.0497609078884,0.0491022206843,-0.000658687204123,reconstructions/d4edbcc97ec00f079508e13004cf8c0e01806e2a1c89e0eb93c0e8df45158196/pigdm-mask-0.0625-2-4.pt
d4edbcc97ec00f079508e13004cf8c0e01806e2a1c89e0eb93c0e8df45158196,3edb09d41378dfae155626fe72b75a2c4bde6a58,cff553233941e75169564d196f318bbdd728713e0809f049f5ada55d92b57e1e,7e25783c0a7c26e9b9f205121679098986989cb4fa109a54923972afe75d60ce,ac6168d8c51a9220ff3b88b5de5c6038c357dcd1c8a36c2a1f201e2293e484e8,False,zero_filled,mask,0.0625,2,5,0.03,0.03,0.0625,0.25,20.806519086,0.570327009444,0.403893083334,0.0328929163516,0.0316281542182,-0.00126476213336,reconstructions/d4edbcc97ec00f079508e13004cf8c0e01806e2a1c89e0eb93c0e8df45158196/zero_filled-mask-0.0625-2-5.pt
d4edbcc97ec00f079508e13004cf8c0e01806e2a1c89e0eb93c0e8df45158196,3edb09d41378dfae155626fe72b75a2c4bde6a58,cff553233941e75169564d196f318bbdd728713e0809f049f5ada55d92b57e1e,7e25783c0a7c26e9b9f205121679098986989cb4fa109a54923972afe75d60ce,ac6168d8c51a9220ff3b88b5de5c6038c357dcd1c8a36c2a1f201e2293e484e8,False,tv,mask,0.0625,2,5,0.03,0.03,0.0625,0.25,21.0464209018,0.524802907957,0.302993804216,0.0399942807853,0.0390053577721,-0.00098892301321,reconstructions/d4edbcc97ec00f079508e13004cf8c0e01806e2a1c89e0eb93c0e8df45158196/tv-mask-0.0625-2-5.pt
d4edbcc97ec00f079508e13004cf8c0e01806e2a1c89e0eb93c0e8df45158196,3edb09d41378dfae155626fe72b75a2c4bde6a58,cff553233941e75169564d196f318bbdd728713e0809f049f5ada55d92b57e1e,7e25783c0a7c26e9b9f205121679098986989cb4fa109a54923972afe75d60ce,ac6168d8c51a9220ff3b88b5de5c6038c357dcd1c8a36c2a1f201e2293e484e8,False,dps,mask,0.0625,2,5,0.03,0.03,0.0625,0.25,9.91058533448,0.0824627766622,0.573031425476,0.433989614248,0.434100627899,0.000111013650894,reconstructions/d4edbcc97ec00f079508e13004cf8c0e01806e2a1c89e0eb93c0e8df45158196/dps-mask-0.0625-2-5.pt
d4edbcc97ec00f079508e13004cf8c0e01806e2a1c89e0eb93c0e8df45158196,3edb09d41378dfae155626fe72b75a2c4bde6a58,cff553233941e75169564d196f318bbdd728713e0809f049f5ada55d92b57e1e,7e25783c0a7c26e9b9f205121679098986989cb4fa109a54923972afe75d60ce,ac6168d8c51a9220ff3b88b5de5c6038c357dcd1c8a36c2a1f201e2293e484e8,False,diffpir,mask,0.0625,2,5,0.03,0.03,0.0625,0.25,5.57723289317,0.021047636329,0.847824275494,0.342852443457,0.342806994915,-4.54485416412e-05,reconstructions/d4edbcc97ec00f079508e13004cf8c0e01806e2a1c89e0eb93c0e8df45158196/diffpir-mask-0.0625-2-5.pt
d4edbcc97ec00f079508e13004cf8c0e01806e2a1c89e0eb93c0e8df45158196,3edb09d41378dfae155626fe72b75a2c4bde6a58,cff553233941e75169564d196f318bbdd728713e0809f049f5ada55d92b57e1e,7e25783c0a7c26e9b9f205121679098986989cb4fa109a54923972afe75d60ce,ac6168d8c51a9220ff3b88b5de5c6038c357dcd1c8a36c2a1f201e2293e484e8,False,pigdm,mask,0.0625,2,5,0.03,0.03,0.0625,0.25,19.9052365537,0.427192757065,0.244625940919,0.0557045638561,0.0553810037673,-0.000323560088873,reconstructions/d4edbcc97ec00f079508e13004cf8c0e01806e2a1c89e0eb93c0e8df45158196/pigdm-mask-0.0625-2-5.pt
d4edbcc97ec00f079508e13004cf8c0e01806e2a1c89e0eb93c0e8df45158196,3edb09d41378dfae155626fe72b75a2c4bde6a58,cff553233941e75169564d196f318bbdd728713e0809f049f5ada55d92b57e1e,7e25783c0a7c26e9b9f205121679098986989cb4fa109a54923972afe75d60ce,ac6168d8c51a9220ff3b88b5de5c6038c357dcd1c8a36c2a1f201e2293e484e8,False,zero_filled,mask,0.0625,2,6,0.03,0.03,0.0625,0.25,17.3974808285,0.464494756718,0.306543469429,0.0806771740317,0.0758722126484,-0.00480496138334,reconstructions/d4edbcc97ec00f079508e13004cf8c0e01806e2a1c89e0eb93c0e8df45158196/zero_filled-mask-0.0625-2-6.pt
d4edbcc97ec00f079508e13004cf8c0e01806e2a1c89e0eb93c0e8df45158196,3edb09d41378dfae155626fe72b75a2c4bde6a58,cff553233941e75169564d196f318bbdd728713e0809f049f5ada55d92b57e1e,7e25783c0a7c26e9b9f205121679098986989cb4fa109a54923972afe75d60ce,ac6168d8c51a9220ff3b88b5de5c6038c357dcd1c8a36c2a1f201e2293e484e8,False,tv,mask,0.0625,2,6,0.03,0.03,0.0625,0.25,19.2810928977,0.632877955621,0.128991574049,0.0686935633421,0.0623448193073,-0.00634874403477,reconstructions/d4edbcc97ec00f079508e13004cf8c0e01806e2a1c89e0eb93c0e8df45158196/tv-mask-0.0625-2-6.pt
d4edbcc97ec00f079508e13004cf8c0e01806e2a1c89e0eb93c0e8df45158196,3edb09d41378dfae155626fe72b75a2c4bde6a58,cff553233941e75169564d196f318bbdd728713e0809f049f5ada55d92b57e1e,7e25783c0a7c26e9b9f205121679098986989cb4fa109a54923972afe75d60ce,ac6168d8c51a9220ff3b88b5de5c6038c357dcd1c8a36c2a1f201e2293e484e8,False,dps,mask,0.0625,2,6,0.03,0.03,0.0625,0.25,4.3126029681,-0.00880970118288,0.522724151611,1.49925100803,1.4993224144,7.14063644409e-05,reconstructions/d4edbcc97ec00f079508e13004cf8c0e01806e2a1c89e0eb93c0e8df45158196/dps-mask-0.0625-2-6.pt
d4edbcc97ec00f079508e13004cf8c0e01806e2a1c89e0eb93c0e8df45158196,3edb09d41378dfae155626fe72b75a2c4bde6a58,cff553233941e75169564d196f318bbdd728713e0809f049f5ada55d92b57e1e,7e25783c0a7c26e9b9f205121679098986989cb4fa109a54923972afe75d60ce,ac6168d8c51a9220ff3b88b5de5c6038c357dcd1c8a36c2a1f201e2293e484e8,False,diffpir,mask,0.0625,2,6,0.03,0.03,0.0625,0.25,4.24678133273,-0.00190797201689,0.903404653072,0.933014690876,0.93122369051,-0.00179100036621,reconstructions/d4edbcc97ec00f079508e13004cf8c0e01806e2a1c89e0eb93c0e8df45158196/diffpir-mask-0.0625-2-6.pt
d4edbcc97ec00f079508e13004cf8c0e01806e2a1c89e0eb93c0e8df45158196,3edb09d41378dfae155626fe72b75a2c4bde6a58,cff553233941e75169564d196f318bbdd728713e0809f049f5ada55d92b57e1e,7e25783c0a7c26e9b9f205121679098986989cb4fa109a54923972afe75d60ce,ac6168d8c51a9220ff3b88b5de5c6038c357dcd1c8a36c2a1f201e2293e484e8,False,pigdm,mask,0.0625,2,6,0.03,0.03,0.0625,0.25,17.9150541503,0.482185389005,0.131836727262,0.145812183619,0.143701791763,-0.00211039185524,reconstructions/d4edbcc97ec00f079508e13004cf8c0e01806e2a1c89e0eb93c0e8df45158196/pigdm-mask-0.0625-2-6.pt
d4edbcc97ec00f079508e13004cf8c0e01806e2a1c89e0eb93c0e8df45158196,3edb09d41378dfae155626fe72b75a2c4bde6a58,cff553233941e75169564d196f318bbdd728713e0809f049f5ada55d92b57e1e,7e25783c0a7c26e9b9f205121679098986989cb4fa109a54923972afe75d60ce,ac6168d8c51a9220ff3b88b5de5c6038c357dcd1c8a36c2a1f201e2293e484e8,False,zero_filled,mask,0.0625,2,7,0.03,0.03,0.0625,0.25,19.7246256287,0.59027823653,0.240139499307,0.0654996410012,0.0626492351294,-0.00285040587187,reconstructions/d4edbcc97ec00f079508e13004cf8c0e01806e2a1c89e0eb93c0e8df45158196/zero_filled-mask-0.0625-2-7.pt
d4edbcc97ec00f079508e13004cf8c0e01806e2a1c89e0eb93c0e8df45158196,3edb09d41378dfae155626fe72b75a2c4bde6a58,cff553233941e75169564d196f318bbdd728713e0809f049f5ada55d92b57e1e,7e25783c0a7c26e9b9f205121679098986989cb4fa109a54923972afe75d60ce,ac6168d8c51a9220ff3b88b5de5c6038c357dcd1c8a36c2a1f201e2293e484e8,False,tv,mask,0.0625,2,7,0.03,0.03,0.0625,0.25,21.421304315,0.710704455786,0.102355346084,0.0568825602531,0.0534284971654,-0.0034540630877,reconstructions/d4edbcc97ec00f079508e13004cf8c0e01806e2a1c89e0eb93c0e8df45158196/tv-mask-0.0625-2-7.pt
d4edbcc97ec00f079508e13004cf8c0e01806e2a1c89e0eb93c0e8df45158196,3edb09d41378dfae155626fe72b75a2c4bde6a58,cff553233941e75169564d196f318bbdd728713e0809f049f5ada55d92b57e1e,7e25783c0a7c26e9b9f205121679098986989cb4fa109a54923972afe75d60ce,ac6168d8c51a9220ff3b88b5de5c6038c357dcd1c8a36c2a1f201e2293e484e8,False,dps,mask,0.0625,2,7,0.03,0.03,0.0625,0.25,6.6674169354,0.074829760076,0.577802300453,1.05258595943,1.0526150465,2.90870666504e-05,reconstructions/d4edbcc97ec00f079508e13004cf8c0e01806e2a1c89e0eb93c0e8df45158196/dps-mask-0.0625-2-7.pt
d4edbcc97ec00f079508e13004cf8c0e01806e2a1c89e0eb93c0e8df45158196,3edb09d41378dfae155626fe72b75a2c4bde6a58,cff553233941e75169564d196f318bbdd728713e0809f049f5ada55d92b57e1e,7e25783c0a7c26e9b9f205121679098986989cb4fa109a54923972afe75d60ce,ac6168d8c51a9220ff3b88b5de5c6038c357dcd1c8a36c2a1f201e2293e484e8,False,diffpir,mask,0.0625,2,7,0.03,0.03,0.0625,0.25,4.757352302,0.00650839628415,0.947191953659,0.763337790966,0.765273332596,0.00193554162979,reconstructions/d4edbcc97ec00f079508e13004cf8c0e01806e2a1c89e0eb93c0e8df45158196/diffpir-mask-0.0625-2-7.pt
d4edbcc97ec00f079508e13004cf8c0e01806e2a1c89e0eb93c0e8df45158196,3edb09d41378dfae155626fe72b75a2c4bde6a58,cff553233941e75169564d196f318bbdd728713e0809f049f5ada55d92b57e1e,7e25783c0a7c26e9b9f205121679098986989cb4fa109a54923972afe75d60ce,ac6168d8c51a9220ff3b88b5de5c6038c357dcd1c8a36c2a1f201e2293e484e8,False,pigdm,mask,0.0625,2,7,0.03,0.03,0.0625,0.25,20.7690387072,0.540409399772,0.130978062749,0.0970895513892,0.0958058834076,-0.00128366798162,reconstructions/d4edbcc97ec00f079508e13004cf8c0e01806e2a1c89e0eb93c0e8df45158196/pigdm-mask-0.0625-2-7.pt
d4edbcc97ec00f079508e13004cf8c0e01806e2a1c89e0eb93c0e8df45158196,3edb09d41378dfae155626fe72b75a2c4bde6a58,cff553233941e75169564d196f318bbdd728713e0809f049f5ada55d92b57e1e,7e25783c0a7c26e9b9f205121679098986989cb4fa109a54923972afe75d60ce,ac6168d8c51a9220ff3b88b5de5c6038c357dcd1c8a36c2a1f201e2293e484e8,False,zero_filled,mask,0.125,0,0,0.03,0.03,0.125,0.25,22.0668523547,0.621529749606,0.256686657667,0.0530316643417,0.0530316643417,0,reconstructions/d4edbcc97ec00f079508e13004cf8c0e01806e2a1c89e0eb93c0e8df45158196/zero_filled-mask-0.125-0-0.pt
d4edbcc97ec00f079508e13004cf8c0e01806e2a1c89e0eb93c0e8df45158196,3edb09d41378dfae155626fe72b75a2c4bde6a58,cff553233941e75169564d196f318bbdd728713e0809f049f5ada55d92b57e1e,7e25783c0a7c26e9b9f205121679098986989cb4fa109a54923972afe75d60ce,ac6168d8c51a9220ff3b88b5de5c6038c357dcd1c8a36c2a1f201e2293e484e8,False,tv,mask,0.125,0,0,0.03,0.03,0.125,0.25,22.6077176825,0.626884481844,0.120265312493,0.0522617064416,0.049240026623,-0.00302167981863,reconstructions/d4edbcc97ec00f079508e13004cf8c0e01806e2a1c89e0eb93c0e8df45158196/tv-mask-0.125-0-0.pt
d4edbcc97ec00f079508e13004cf8c0e01806e2a1c89e0eb93c0e8df45158196,3edb09d41378dfae155626fe72b75a2c4bde6a58,cff553233941e75169564d196f318bbdd728713e0809f049f5ada55d92b57e1e,7e25783c0a7c26e9b9f205121679098986989cb4fa109a54923972afe75d60ce,ac6168d8c51a9220ff3b88b5de5c6038c357dcd1c8a36c2a1f201e2293e484e8,False,dps,mask,0.125,0,0,0.03,0.03,0.125,0.25,7.81350098404,0.0646462168651,0.384913563728,0.618509054184,0.616886079311,-0.00162297487259,reconstructions/d4edbcc97ec00f079508e13004cf8c0e01806e2a1c89e0eb93c0e8df45158196/dps-mask-0.125-0-0.pt
d4edbcc97ec00f079508e13004cf8c0e01806e2a1c89e0eb93c0e8df45158196,3edb09d41378dfae155626fe72b75a2c4bde6a58,cff553233941e75169564d196f318bbdd728713e0809f049f5ada55d92b57e1e,7e25783c0a7c26e9b9f205121679098986989cb4fa109a54923972afe75d60ce,ac6168d8c51a9220ff3b88b5de5c6038c357dcd1c8a36c2a1f201e2293e484e8,False,diffpir,mask,0.125,0,0,0.03,0.03,0.125,0.25,5.87995990459,0.0105397077442,0.972077786922,0.311300069094,0.371126681566,0.0598266124725,reconstructions/d4edbcc97ec00f079508e13004cf8c0e01806e2a1c89e0eb93c0e8df45158196/diffpir-mask-0.125-0-0.pt
d4edbcc97ec00f079508e13004cf8c0e01806e2a1c89e0eb93c0e8df45158196,3edb09d41378dfae155626fe72b75a2c4bde6a58,cff553233941e75169564d196f318bbdd728713e0809f049f5ada55d92b57e1e,7e25783c0a7c26e9b9f205121679098986989cb4fa109a54923972afe75d60ce,ac6168d8c51a9220ff3b88b5de5c6038c357dcd1c8a36c2a1f201e2293e484e8,False,pigdm,mask,0.125,0,0,0.03,0.03,0.125,0.25,21.5925526637,0.552121498658,0.157405406237,0.0671786218882,0.0671147182584,-6.39036297798e-05,reconstructions/d4edbcc97ec00f079508e13004cf8c0e01806e2a1c89e0eb93c0e8df45158196/pigdm-mask-0.125-0-0.pt
d4edbcc97ec00f079508e13004cf8c0e01806e2a1c89e0eb93c0e8df45158196,3edb09d41378dfae155626fe72b75a2c4bde6a58,cff553233941e75169564d196f318bbdd728713e0809f049f5ada55d92b57e1e,7e25783c0a7c26e9b9f205121679098986989cb4fa109a54923972afe75d60ce,ac6168d8c51a9220ff3b88b5de5c6038c357dcd1c8a36c2a1f201e2293e484e8,False,zero_filled,mask,0.125,0,1,0.03,0.03,0.125,0.25,24.5703835602,0.662682022859,0.536237001419,0.0542908608913,0.0542908646166,3.72529029846e-09,reconstructions/d4edbcc97ec00f079508e13004cf8c0e01806e2a1c89e0eb93c0e8df45158196/zero_filled-mask-0.125-0-1.pt
d4edbcc97ec00f079508e13004cf8c0e01806e2a1c89e0eb93c0e8df45158196,3edb09d41378dfae155626fe72b75a2c4bde6a58,cff553233941e75169564d196f318bbdd728713e0809f049f5ada55d92b57e1e,7e25783c0a7c26e9b9f205121679098986989cb4fa109a54923972afe75d60ce,ac6168d8c51a9220ff3b88b5de5c6038c357dcd1c8a36c2a1f201e2293e484e8,False,tv,mask,0.125,0,1,0.03,0.03,0.125,0.25,25.3646062197,0.616864235406,0.411972880363,0.0598826520145,0.0572391189635,-0.00264353305101,reconstructions/d4edbcc97ec00f079508e13004cf8c0e01806e2a1c89e0eb93c0e8df45158196/tv-mask-0.125-0-1.pt
d4edbcc97ec00f079508e13004cf8c0e01806e2a1c89e0eb93c0e8df45158196,3edb09d41378dfae155626fe72b75a2c4bde6a58,cff553233941e75169564d196f318bbdd728713e0809f049f5ada55d92b57e1e,7e25783c0a7c26e9b9f205121679098986989cb4fa109a54923972afe75d60ce,ac6168d8c51a9220ff3b88b5de5c6038c357dcd1c8a36c2a1f201e2293e484e8,False,dps,mask,0.125,0,1,0.03,0.03,0.125,0.25,13.0121731747,0.108916227159,0.509542346001,0.41498246789,0.41646745801,0.00148499011993,reconstructions/d4edbcc97ec00f079508e13004cf8c0e01806e2a1c89e0eb93c0e8df45158196/dps-mask-0.125-0-1.pt
d4edbcc97ec00f079508e13004cf8c0e01806e2a1c89e0eb93c0e8df45158196,3edb09d41378dfae155626fe72b75a2c4bde6a58,cff553233941e75169564d196f318bbdd728713e0809f049f5ada55d92b57e1e,7e25783c0a7c26e9b9f205121679098986989cb4fa109a54923972afe75d60ce,ac6168d8c51a9220ff3b88b5de5c6038c357dcd1c8a36c2a1f201e2293e484e8,False,diffpir,mask,0.125,0,1,0.03,0.03,0.125,0.25,6.15838766241,0.00800964357839,0.774856030941,0.312267035246,0.423152446747,0.110885411501,reconstructions/d4edbcc97ec00f079508e13004cf8c0e01806e2a1c89e0eb93c0e8df45158196/diffpir-mask-0.125-0-1.pt
d4edbcc97ec00f079508e13004cf8c0e01806e2a1c89e0eb93c0e8df45158196,3edb09d41378dfae155626fe72b75a2c4bde6a58,cff553233941e75169564d196f318bbdd728713e0809f049f5ada55d92b57e1e,7e25783c0a7c26e9b9f205121679098986989cb4fa109a54923972afe75d60ce,ac6168d8c51a9220ff3b88b5de5c6038c357dcd1c8a36c2a1f201e2293e484e8,False,pigdm,mask,0.125,0,1,0.03,0.03,0.125,0.25,24.3478887201,0.520746345886,0.405837476254,0.0757762491703,0.0736216083169,-0.0021546408534,reconstructions/d4edbcc97ec00f079508e13004cf8c0e01806e2a1c89e0eb93c0e8df45158196/pigdm-mask-0.125-0-1.pt
d4edbcc97ec00f079508e13004cf8c0e01806e2a1c89e0eb93c0e8df45158196,3edb09d41378dfae155626fe72b75a2c4bde6a58,cff553233941e75169564d196f318bbdd728713e0809f049f5ada55d92b57e1e,7e25783c0a7c26e9b9f205121679098986989cb4fa109a54923972afe75d60ce,ac6168d8c51a9220ff3b88b5de5c6038c357dcd1c8a36c2a1f201e2293e484e8,False,zero_filled,mask,0.125,0,2,0.03,0.03,0.125,0.25,18.9339074295,0.532573444639,0.244743600488,0.1175333336,0.117533326149,-7.45058059692e-09,reconstructions/d4edbcc97ec00f079508e13004cf8c0e01806e2a1c89e0eb93c0e8df45158196/zero_filled-mask-0.125-0-2.pt
d4edbcc97ec00f079508e13004cf8c0e01806e2a1c89e0eb93c0e8df45158196,3edb09d41378dfae155626fe72b75a2c4bde6a58,cff553233941e75169564d196f318bbdd728713e0809f049f5ada55d92b57e1e,7e25783c0a7c26e9b9f205121679098986989cb4fa109a54923972afe75d60ce,ac6168d8c51a9220ff3b88b5de5c6038c357dcd1c8a36c2a1f201e2293e484e8,False,tv,mask,0.125,0,2,0.03,0.03,0.125,0.25,20.3977623187,0.6396113239,0.109364077449,0.10889852047,0.0946097522974,-0.0142887681723,reconstructions/d4edbcc97ec00f079508e13004cf8c0e01806e2a1c89e0eb93c0e8df45158196/tv-mask-0.125-0-2.pt
d4edbcc97ec00f079508e13004cf8c0e01806e2a1c89e0eb93c0e8df45158196,3edb09d41378dfae155626fe72b75a2c4bde6a58,cff553233941e75169564d196f318bbdd728713e0809f049f5ada55d92b57e1e,7e25783c0a7c26e9b9f205121679098986989cb4fa109a54923972afe75d60ce,ac6168d8c51a9220ff3b88b5de5c6038c357dcd1c8a36c2a1f201e2293e484e8,False,dps,mask,0.125,0,2,0.03,0.03,0.125,0.25,11.3976813988,0.184966044373,0.151089131832,0.560031235218,0.56193369627,0.00190246105194,reconstructions/d4edbcc97ec00f079508e13004cf8c0e01806e2a1c89e0eb93c0e8df45158196/dps-mask-0.125-0-2.pt
d4edbcc97ec00f079508e13004cf8c0e01806e2a1c89e0eb93c0e8df45158196,3edb09d41378dfae155626fe72b75a2c4bde6a58,cff553233941e75169564d196f318bbdd728713e0809f049f5ada55d92b57e1e,7e25783c0a7c26e9b9f205121679098986989cb4fa109a54923972afe75d60ce,ac6168d8c51a9220ff3b88b5de5c6038c357dcd1c8a36c2a1f201e2293e484e8,False,diffpir,mask,0.125,0,2,0.03,0.03,0.125,0.25,4.4019741452,0.0127747224225,0.945036053658,0.874529063702,0.927904129028,0.0533750653267,reconstructions/d4edbcc97ec00f079508e13004cf8c0e01806e2a1c89e0eb93c0e8df45158196/diffpir-mask-0.125-0-2.pt
d4edbcc97ec00f079508e13004cf8c0e01806e2a1c89e0eb93c0e8df45158196,3edb09d41378dfae155626fe72b75a2c4bde6a58,cff553233941e75169564d196f318bbdd728713e0809f049f5ada55d92b57e1e,7e25783c0a7c26e9b9f205121679098986989cb4fa109a54923972afe75d60ce,ac6168d8c51a9220ff3b88b5de5c6038c357dcd1c8a36c2a1f201e2293e484e8,False,pigdm,mask,0.125,0,2,0.03,0.03,0.125,0.25,16.6211438855,0.47653083224,0.156733751297,0.264539450407,0.2574903965,-0.00704905390739,reconstructions/d4edbcc97ec00f079508e13004cf8c0e01806e2a1c89e0eb93c0e8df45158196/pigdm-mask-0.125-0-2.pt
d4edbcc97ec00f079508e13004cf8c0e01806e2a1c89e0eb93c0e8df45158196,3edb09d41378dfae155626fe72b75a2c4bde6a58,cff553233941e75169564d196f318bbdd728713e0809f049f5ada55d92b57e1e,7e25783c0a7c26e9b9f205121679098986989cb4fa109a54923972afe75d60ce,ac6168d8c51a9220ff3b88b5de5c6038c357dcd1c8a36c2a1f201e2293e484e8,False,zero_filled,mask,0.125,0,3,0.03,0.03,0.125,0.25,21.4194623008,0.61638794972,0.290411174297,0.0604129321873,0.0604129321873,0,reconstructions/d4edbcc97ec00f079508e13004cf8c0e01806e2a1c89e0eb93c0e8df45158196/zero_filled-mask-0.125-0-3.pt
d4edbcc97ec00f079508e13004cf8c0e01806e2a1c89e0eb93c0e8df45158196,3edb09d41378dfae155626fe72b75a2c4bde6a58,cff553233941e75169564d196f318bbdd728713e0809f049f5ada55d92b57e1e,7e25783c0a7c26e9b9f205121679098986989cb4fa109a54923972afe75d60ce,ac6168d8c51a9220ff3b88b5de5c6038c357dcd1c8a36c2a1f201e2293e484e8,False,tv,mask,0.125,0,3,0.03,0.03,0.125,0.25,23.0696669956,0.647763675321,0.201014563441,0.055438131094,0.0512479059398,-0.00419022515416,reconstructions/d4edbcc97ec00f079508e13004cf8c0e01806e2a1c89e0eb93c0e8df45158196/tv-mask-0.125-0-3.pt
d4edbcc97ec00f079508e13004cf8c0e01806e2a1c89e0eb93c0e8df45158196,3edb09d41378dfae155626fe72b75a2c4bde6a58,cff553233941e75169564d196f318bbdd728713e0809f049f5ada55d92b57e1e,7e25783c0a7c26e9b9f205121679098986989cb4fa109a54923972afe75d60ce,ac6168d8c51a9220ff3b88b5de5c6038c357dcd1c8a36c2a1f201e2293e484e8,False,dps,mask,0.125,0,3,0.03,0.03,0.125,0.25,5.56056262834,0.0364929784213,0.593945741653,0.84032869339,0.840856194496,0.000527501106262,reconstructions/d4edbcc97ec00f079508e13004cf8c0e01806e2a1c89e0eb93c0e8df45158196/dps-mask-0.125-0-3.pt
d4edbcc97ec00f079508e13004cf8c0e01806e2a1c89e0eb93c0e8df45158196,3edb09d41378dfae155626fe72b75a2c4bde6a58,cff553233941e75169564d196f318bbdd728713e0809f049f5ada55d92b57e1e,7e25783c0a7c26e9b9f205121679098986989cb4fa109a54923972afe75d60ce,ac6168d8c51a9220ff3b88b5de5c6038c357dcd1c8a36c2a1f201e2293e484e8,False,diffpir,mask,0.125,0,3,0.03,0.03,0.125,0.25,5.49467036459,0.00856501171757,0.984312772751,0.375495374203,0.441225498915,0.065730124712,reconstructions/d4edbcc97ec00f079508e13004cf8c0e01806e2a1c89e0eb93c0e8df45158196/diffpir-mask-0.125-0-3.pt
d4edbcc97ec00f079508e13004cf8c0e01806e2a1c89e0eb93c0e8df45158196,3edb09d41378dfae155626fe72b75a2c4bde6a58,cff553233941e75169564d196f318bbdd728713e0809f049f5ada55d92b57e1e,7e25783c0a7c26e9b9f205121679098986989cb4fa109a54923972afe75d60ce,ac6168d8c51a9220ff3b88b5de5c6038c357dcd1c8a36c2a1f201e2293e484e8,False,pigdm,mask,0.125,0,3,0.03,0.03,0.125,0.25,21.4646685689,0.563719918839,0.173637986183,0.0713583305478,0.070776373148,-0.000581957399845,reconstructions/d4edbcc97ec00f079508e13004cf8c0e01806e2a1c89e0eb93c0e8df45158196/pigdm-mask-0.125-0-3.pt
d4edbcc97ec00f079508e13004cf8c0e01806e2a1c89e0eb93c0e8df45158196,3edb09d41378dfae155626fe72b75a2c4bde6a58,cff553233941e75169564d196f318bbdd728713e0809f049f5ada55d92b57e1e,7e25783c0a7c26e9b9f205121679098986989cb4fa109a54923972afe75d60ce,ac6168d8c51a9220ff3b88b5de5c6038c357dcd1c8a36c2a1f201e2293e484e8,False,zero_filled,mask,0.125,0,4,0.03,0.03,0.125,0.25,21.0187512547,0.687490374951,0.210084587336,0.0584810934961,0.0584810934961,0,reconstructions/d4edbcc97ec00f079508e13004cf8c0e01806e2a1c89e0eb93c0e8df45158196/zero_filled-mask-0.125-0-4.pt
d4edbcc97ec00f079508e13004cf8c0e01806e2a1c89e0eb93c0e8df45158196,3edb09d41378dfae155626fe72b75a2c4bde6a58,cff553233941e75169564d196f318bbdd728713e0809f049f5ada55d92b57e1e,7e25783c0a7c26e9b9f205121679098986989cb4fa109a54923972afe75d60ce,ac6168d8c51a9220ff3b88b5de5c6038c357dcd1c8a36c2a1f201e2293e484e8,False,tv,mask,0.125,0,4,0.03,0.03,0.125,0.25,21.8845595304,0.701512124925,0.096070997417,0.0533744730055,0.0498946867883,-0.00347978621721,reconstructions/d4edbcc97ec00f079508e13004cf8c0e01806e2a1c89e0eb93c0e8df45158196/tv-mask-0.125-0-4.pt
d4edbcc97ec00f079508e13004cf8c0e01806e2a1c89e0eb93c0e8df45158196,3edb09d41378dfae155626fe72b75a2c4bde6a58,cff553233941e75169564d196f318bbdd728713e0809f049f5ada55d92b57e1e,7e25783c0a7c26e9b9f205121679098986989cb4fa109a54923972afe75d60ce,ac6168d8c51a9220ff3b88b5de5c6038c357dcd1c8a36c2a1f201e2293e484e8,False,dps,mask,0.125,0,4,0.03,0.03,0.125,0.25,10.9389488653,0.111581264664,0.216734558344,0.407069712877,0.406366676092,-0.000703036785126,reconstructions/d4edbcc97ec00f079508e13004cf8c0e01806e2a1c89e0eb93c0e8df45158196/dps-mask-0.125-0-4.pt
d4edbcc97ec00f079508e13004cf8c0e01806e2a1c89e0eb93c0e8df45158196,3edb09d41378dfae155626fe72b75a2c4bde6a58,cff553233941e75169564d196f318bbdd728713e0809f049f5ada55d92b57e1e,7e25783c0a7c26e9b9f205121679098986989cb4fa109a54923972afe75d60ce,ac6168d8c51a9220ff3b88b5de5c6038c357dcd1c8a36c2a1f201e2293e484e8,False,diffpir,mask,0.125,0,4,0.03,0.03,0.125,0.25,5.20574092542,0.00543455233807,0.958364367485,0.422568231821,0.469563275576,0.0469950437546,reconstructions/d4edbcc97ec00f079508e13004cf8c0e01806e2a1c89e0eb93c0e8df45158196/diffpir-mask-0.125-0-4.pt
d4edbcc97ec00f079508e13004cf8c0e01806e2a1c89e0eb93c0e8df45158196,3edb09d41378dfae155626fe72b75a2c4bde6a58,cff553233941e75169564d196f318bbdd728713e0809f049f5ada55d92b57e1e,7e25783c0a7c26e9b9f205121679098986989cb4fa109a54923972afe75d60ce,ac6168d8c51a9220ff3b88b5de5c6038c357dcd1c8a36c2a1f201e2293e484e8,False,pigdm,mask,0.125,0,4,0.03,0.03,0.125,0.25,22.1965747254,0.696278112977,0.0710990056396,0.0640699639916,0.0559494607151,-0.00812050327659,reconstructions/d4edbcc97ec00f079508e13004cf8c0e01806e2a1c89e0eb93c0e8df45158196/pigdm-mask-0.125-0-4.pt
d4edbcc97ec00f079508e13004cf8c0e01806e2a1c89e0eb93c0e8df45158196,3edb09d41378dfae155626fe72b75a2c4bde6a58,cff553233941e75169564d196f318bbdd728713e0809f049f5ada55d92b57e1e,7e25783c0a7c26e9b9f205121679098986989cb4fa109a54923972afe75d60ce,ac6168d8c51a9220ff3b88b5de5c6038c357dcd1c8a36c2a1f201e2293e484e8,False,zero_filled,mask,0.125,0,5,0.03,0.03,0.125,0.25,21.3416422473,0.60161875429,0.408264458179,0.0545724332333,0.0545724332333,0,reconstructions/d4edbcc97ec00f079508e13004cf8c0e01806e2a1c89e0eb93c0e8df45158196/zero_filled-mask-0.125-0-5.pt
d4edbcc97ec00f079508e13004cf8c0e01806e2a1c89e0eb93c0e8df45158196,3edb09d41378dfae155626fe72b75a2c4bde6a58,cff553233941e75169564d196f318bbdd728713e0809f049f5ada55d92b57e1e,7e25783c0a7c26e9b9f205121679098986989cb4fa109a54923972afe75d60ce,ac6168d8c51a9220ff3b88b5de5c6038c357dcd1c8a36c2a1f201e2293e484e8,False,tv,mask,0.125,0,5,0.03,0.03,0.125,0.25,21.6933644817,0.569637862372,0.264773905277,0.055859580636,0.054527848959,-0.00133173167706,reconstructions/d4edbcc97ec00f079508e13004cf8c0e01806e2a1c89e0eb93c0e8df45158196/tv-mask-0.125-0-5.pt
d4edbcc97ec00f079508e13004cf8c0e01806e2a1c89e0eb93c0e8df45158196,3edb09d41378dfae155626fe72b75a2c4bde6a58,cff553233941e75169564d196f318bbdd728713e0809f049f5ada55d92b57e1e,7e25783c0a7c26e9b9f205121679098986989cb4fa109a54923972afe75d60ce,ac6168d8c51a9220ff3b88b5de5c6038c357dcd1c8a36c2a1f201e2293e484e8,False,dps,mask,0.125,0,5,0.03,0.03,0.125,0.25,9.71625599979,0.0818483149369,0.656441032887,0.463317990303,0.46289101243,-0.000426977872849,reconstructions/d4edbcc97ec00f079508e13004cf8c0e01806e2a1c89e0eb93c0e8df45158196/dps-mask-0.125-0-5.pt
d4edbcc97ec00f079508e13004cf8c0e01806e2a1c89e0eb93c0e8df45158196,3edb09d41378dfae155626fe72b75a2c4bde6a58,cff553233941e75169564d196f318bbdd728713e0809f049f5ada55d92b57e1e,7e25783c0a7c26e9b9f205121679098986989cb4fa109a54923972afe75d60ce,ac6168d8c51a9220ff3b88b5de5c6038c357dcd1c8a36c2a1f201e2293e484e8,False,diffpir,mask,0.125,0,5,0.03,0.03,0.125,0.25,5.56880320197,0.0124795690794,0.915507733822,0.345177292824,0.398958742619,0.0537814497948,reconstructions/d4edbcc97ec00f079508e13004cf8c0e01806e2a1c89e0eb93c0e8df45158196/diffpir-mask-0.125-0-5.pt
d4edbcc97ec00f079508e13004cf8c0e01806e2a1c89e0eb93c0e8df45158196,3edb09d41378dfae155626fe72b75a2c4bde6a58,cff553233941e75169564d196f318bbdd728713e0809f049f5ada55d92b57e1e,7e25783c0a7c26e9b9f205121679098986989cb4fa109a54923972afe75d60ce,ac6168d8c51a9220ff3b88b5de5c6038c357dcd1c8a36c2a1f201e2293e484e8,False,pigdm,mask,0.125,0,5,0.03,0.03,0.125,0.25,20.9964335863,0.498644923672,0.238957047462,0.0679181069136,0.0673891156912,-0.000528991222382,reconstructions/d4edbcc97ec00f079508e13004cf8c0e01806e2a1c89e0eb93c0e8df45158196/pigdm-mask-0.125-0-5.pt
d4edbcc97ec00f079508e13004cf8c0e01806e2a1c89e0eb93c0e8df45158196,3edb09d41378dfae155626fe72b75a2c4bde6a58,cff553233941e75169564d196f318bbdd728713e0809f049f5ada55d92b57e1e,7e25783c0a7c26e9b9f205121679098986989cb4fa109a54923972afe75d60ce,ac6168d8c51a9220ff3b88b5de5c6038c357dcd1c8a36c2a1f201e2293e484e8,False,zero_filled,mask,0.125,0,6,0.03,0.03,0.125,0.25,17.6297022971,0.481896476696,0.312533527613,0.120628111064,0.120628111064,0,reconstructions/d4edbcc97ec00f079508e13004cf8c0e01806e2a1c89e0eb93c0e8df45158196/zero_filled-mask-0.125-0-6.pt
d4edbcc97ec00f079508e13004cf8c0e01806e2a1c89e0eb93c0e8df45158196,3edb09d41378dfae155626fe72b75a2c4bde6a58,cff553233941e75169564d196f318bbdd728713e0809f049f5ada55d92b57e1e,7e25783c0a7c26e9b9f205121679098986989cb4fa109a54923972afe75d60ce,ac6168d8c51a9220ff3b88b5de5c6038c357dcd1c8a36c2a1f201e2293e484e8,False,tv,mask,0.125,0,6,0.03,0.03,0.125,0.25,18.877960031,0.576138472635,0.120599143207,0.107016444206,0.0898820236325,-0.0171344205737,reconstructions/d4edbcc97ec00f079508e13004cf8c0e01806e2a1c89e0eb93c0e8df45158196/tv-mask-0.125-0-6.pt
d4edbcc97ec00f079508e13004cf8c0e01806e2a1c89e0eb93c0e8df45158196,3edb09d41378dfae155626fe72b75a2c4bde6a58,cff553233941e75169564d196f318bbdd728713e0809f049f5ada55d92b57e1e,7e25783c0a7c26e9b9f205121679098986989cb4fa109a54923972afe75d60ce,ac6168d8c51a9220ff3b88b5de5c6038c357dcd1c8a36c2a1f201e2293e484e8,False,dps,mask,0.125,0,6,0.03,0.03,0.125,0.25,8.36950511524,0.00889755750605,0.534842729568,0.896092474461,0.895853877068,-0.000238597393036,reconstructions/d4edbcc97ec00f079508e13004cf8c0e01806e2a1c89e0eb93c0e8df45158196/dps-mask-0.125-0-6.pt
d4edbcc97ec00f079508e13004cf8c0e01806e2a1c89e0eb93c0e8df45158196,3edb09d41378dfae155626fe72b75a2c4bde6a58,cff553233941e75169564d196f318bbdd728713e0809f049f5ada55d92b57e1e,7e25783c0a7c26e9b9f205121679098986989cb4fa109a54923972afe75d60ce,ac6168d8c51a9220ff3b88b5de5c6038c357dcd1c8a36c2a1f201e2293e484e8,False,diffpir,mask,0.125,0,6,0.03,0.03,0.125,0.25,4.33486773778,0.018320752581,0.939603865147,0.92425340414,0.990434467793,0.066181063652,reconstructions/d4edbcc97ec00f079508e13004cf8c0e01806e2a1c89e0eb93c0e8df45158196/diffpir-mask-0.125-0-6.pt
d4edbcc97ec00f079508e13004cf8c0e01806e2a1c89e0eb93c0e8df45158196,3edb09d41378dfae155626fe72b75a2c4bde6a58,cff553233941e75169564d196f318bbdd728713e0809f049f5ada55d92b57e1e,7e25783c0a7c26e9b9f205121679098986989cb4fa109a54923972afe75d60ce,ac6168d8c51a9220ff3b88b5de5c6038c357dcd1c8a36c2a1f201e2293e484e8,False,pigdm,mask,0.125,0,6,0.03,0.03,0.125,0.25,16.1889693323,0.460331877679,0.15638846159,0.280399441719,0.269830733538,-0.0105687081814,reconstructions/d4edbcc97ec00f079508e13004cf8c0e01806e2a1c89e0eb93c0e8df45158196/pigdm-mask-0.125-0-6.pt
d4edbcc97ec00f079508e13004cf8c0e01806e2a1c89e0eb93c0e8df45158196,3edb09d41378dfae155626fe72b75a2c4bde6a58,cff553233941e75169564d196f318bbdd728713e0809f049f5ada55d92b57e1e,7e25783c0a7c26e9b9f205121679098986989cb4fa109a54923972afe75d60ce,ac6168d8c51a9220ff3b88b5de5c6038c357dcd1c8a36c2a1f201e2293e484e8,False,zero_filled,mask,0.125,0,7,0.03,0.03,0.125,0.25,20.0276212307,0.592597385436,0.220850914717,0.0949491262436,0.0949491336942,7.45058059692e-09,reconstructions/d4edbcc97ec00f079508e13004cf8c0e01806e2a1c89e0eb93c0e8df45158196/zero_filled-mask-0.125-0-7.pt
d4edbcc97ec00f079508e13004cf8c0e01806e2a1c89e0eb93c0e8df45158196,3edb09d41378dfae155626fe72b75a2c4bde6a58,cff553233941e75169564d196f318bbdd728713e0809f049f5ada55d92b57e1e,7e25783c0a7c26e9b9f205121679098986989cb4fa109a54923972afe75d60ce,ac6168d8c51a9220ff3b88b5de5c6038c357dcd1c8a36c2a1f201e2293e484e8,False,tv,mask,0.125,0,7,0.03,0.03,0.125,0.25,21.1212985677,0.648593148443,0.10817027092,0.0852789133787,0.0802115499973,-0.00506736338139,reconstructions/d4edbcc97ec00f079508e13004cf8c0e01806e2a1c89e0eb93c0e8df45158196/tv-mask-0.125-0-7.pt
d4edbcc97ec00f079508e13004cf8c0e01806e2a1c89e0eb93c0e8df45158196,3edb09d41378dfae155626fe72b75a2c4bde6a58,cff553233941e75169564d196f318bbdd728713e0809f049f5ada55d92b57e1e,7e25783c0a7c26e9b9f205121679098986989cb4fa109a54923972afe75d60ce,ac6168d8c51a9220ff3b88b5de5c6038c357dcd1c8a36c2a1f201e2293e484e8,False,dps,mask,0.125,0,7,0.03,0.03,0.125,0.25,6.78135278309,-0.0384879862953,0.380543678999,1.00261497498,1.0026011467,-1.38282775879e-05,reconstructions/d4edbcc97ec00f079508e13004cf8c0e01806e2a1c89e0eb93c0e8df45158196/dps-mask-0.125-0-7.pt
d4edbcc97ec00f079508e13004cf8c0e01806e2a1c89e0eb93c0e8df45158196,3edb09d41378dfae155626fe72b75a2c4bde6a58,cff553233941e75169564d196f318bbdd728713e0809f049f5ada55d92b57e1e,7e25783c0a7c26e9b9f205121679098986989cb4fa109a54923972afe75d60ce,ac6168d8c51a9220ff3b88b5de5c6038c357dcd1c8a36c2a1f201e2293e484e8,False,diffpir,mask,0.125,0,7,0.03,0.03,0.125,0.25,4.73319589722,0.0106228783004,0.950538158417,0.764804601669,0.816382944584,0.0515783429146,reconstructions/d4edbcc97ec00f079508e13004cf8c0e01806e2a1c89e0eb93c0e8df45158196/diffpir-mask-0.125-0-7.pt
d4edbcc97ec00f079508e13004cf8c0e01806e2a1c89e0eb93c0e8df45158196,3edb09d41378dfae155626fe72b75a2c4bde6a58,cff553233941e75169564d196f318bbdd728713e0809f049f5ada55d92b57e1e,7e25783c0a7c26e9b9f205121679098986989cb4fa109a54923972afe75d60ce,ac6168d8c51a9220ff3b88b5de5c6038c357dcd1c8a36c2a1f201e2293e484e8,False,pigdm,mask,0.125,0,7,0.03,0.03,0.125,0.25,19.3353485528,0.493475577393,0.158114358783,0.165614962578,0.161359086633,-0.00425587594509,reconstructions/d4edbcc97ec00f079508e13004cf8c0e01806e2a1c89e0eb93c0e8df45158196/pigdm-mask-0.125-0-7.pt
d4edbcc97ec00f079508e13004cf8c0e01806e2a1c89e0eb93c0e8df45158196,3edb09d41378dfae155626fe72b75a2c4bde6a58,cff553233941e75169564d196f318bbdd728713e0809f049f5ada55d92b57e1e,7e25783c0a7c26e9b9f205121679098986989cb4fa109a54923972afe75d60ce,ac6168d8c51a9220ff3b88b5de5c6038c357dcd1c8a36c2a1f201e2293e484e8,False,zero_filled,mask,0.125,1,0,0.03,0.03,0.125,0.25,22.0869871801,0.625174034843,0.252513647079,0.044656060636,0.0428159832954,-0.0018400773406,reconstructions/d4edbcc97ec00f079508e13004cf8c0e01806e2a1c89e0eb93c0e8df45158196/zero_filled-mask-0.125-1-0.pt
d4edbcc97ec00f079508e13004cf8c0e01806e2a1c89e0eb93c0e8df45158196,3edb09d41378dfae155626fe72b75a2c4bde6a58,cff553233941e75169564d196f318bbdd728713e0809f049f5ada55d92b57e1e,7e25783c0a7c26e9b9f205121679098986989cb4fa109a54923972afe75d60ce,ac6168d8c51a9220ff3b88b5de5c6038c357dcd1c8a36c2a1f201e2293e484e8,False,tv,mask,0.125,1,0,0.03,0.03,0.125,0.25,22.723751186,0.627575613141,0.139397695661,0.0452012345195,0.0442722700536,-0.000928964465857,reconstructions/d4edbcc97ec00f079508e13004cf8c0e01806e2a1c89e0eb93c0e8df45158196/tv-mask-0.125-1-0.pt
d4edbcc97ec00f079508e13004cf8c0e01806e2a1c89e0eb93c0e8df45158196,3edb09d41378dfae155626fe72b75a2c4bde6a58,cff553233941e75169564d196f318bbdd728713e0809f049f5ada55d92b57e1e,7e25783c0a7c26e9b9f205121679098986989cb4fa109a54923972afe75d60ce,ac6168d8c51a9220ff3b88b5de5c6038c357dcd1c8a36c2a1f201e2293e484e8,False,dps,mask,0.125,1,0,0.03,0.03,0.125,0.25,10.2163079742,0.113207163637,0.340083569288,0.470095157623,0.469015985727,-0.00107917189598,reconstructions/d4edbcc97ec00f079508e13004cf8c0e01806e2a1c89e0eb93c0e8df45158196/dps-mask-0.125-1-0.pt
d4edbcc97ec00f079508e13004cf8c0e01806e2a1c89e0eb93c0e8df45158196,3edb09d41378dfae155626fe72b75a2c4bde6a58,cff553233941e75169564d196f318bbdd728713e0809f049f5ada55d92b57e1e,7e25783c0a7c26e9b9f205121679098986989cb4fa109a54923972afe75d60ce,ac6168d8c51a9220ff3b88b5de5c6038c357dcd1c8a36c2a1f201e2293e484e8,False,diffpir,mask,0.125,1,0,0.03,0.03,0.125,0.25,5.85996777573,0.00179042152761,1.01788651943,0.296127289534,0.339129120111,0.0430018305779,reconstructions/d4edbcc97ec00f079508e13004cf8c0e01806e2a1c89e0eb93c0e8df45158196/diffpir-mask-0.125-1-0.pt
d4edbcc97ec00f079508e13004cf8c0e01806e2a1c89e0eb93c0e8df45158196,3edb09d41378dfae155626fe72b75a2c4bde6a58,cff553233941e75169564d196f318bbdd728713e0809f049f5ada55d92b57e1e,7e25783c0a7c26e9b9f205121679098986989cb4fa109a54923972afe75d60ce,ac6168d8c51a9220ff3b88b5de5c6038c357dcd1c8a36c2a1f201e2293e484e8,False,pigdm,mask,0.125,1,0,0.03,0.03,0.125,0.25,21.9721717863,0.580572382835,0.115512877703,0.0572734698653,0.054977580905,-0.00229588896036,reconstructions/d4edbcc97ec00f079508e13004cf8c0e01806e2a1c89e0eb93c0e8df45158196/pigdm-mask-0.125-1-0.pt
d4edbcc97ec00f079508e13004cf8c0e01806e2a1c89e0eb93c0e8df45158196,3edb09d41378dfae155626fe72b75a2c4bde6a58,cff553233941e75169564d196f318bbdd728713e0809f049f5ada55d92b57e1e,7e25783c0a7c26e9b9f205121679098986989cb4fa109a54923972afe75d60ce,ac6168d8c51a9220ff3b88b5de5c6038c357dcd1c8a36c2a1f201e2293e484e8,False,zero_filled,mask,0.125,1,1,0.03,0.03,0.125,0.25,24.5302149763,0.657205366849,0.474264860153,0.0509962812066,0.0486916936934,-0.00230458751321,reconstructions/d4edbcc97ec00f079508e13004cf8c0e01806e2a1c89e0eb93c0e8df45158196/zero_filled-mask-0.125-1-1.pt
d4edbcc97ec00f079508e13004cf8c0e01806e2a1c89e0eb93c0e8df45158196,3edb09d41378dfae155626fe72b75a2c4bde6a58,cff553233941e75169564d196f318bbdd728713e0809f049f5ada55d92b57e1e,7e25783c0a7c26e9b9f205121679098986989cb4fa109a54923972afe75d60ce,ac6168d8c51a9220ff3b88b5de5c6038c357dcd1c8a36c2a1f201e2293e484e8,False,tv,mask,0.125,1,1,0.03,0.03,0.125,0.25,24.9375633237,0.600094395679,0.36643743515,0.0584052577615,0.0575048029423,-0.000900454819202,reconstructions/d4edbcc97ec00f079508e13004cf8c0e01806e2a1c89e0eb93c0e8df45158196/tv-mask-0.125-1-1.pt
d4edbcc97ec00f079508e13004cf8c0e01806e2a1c89e0eb93c0e8df45158196,3edb09d41378dfae155626fe72b75a2c4bde6a58,cff553233941e75169564d196f318bbdd728713e0809f049f5ada55d92b57e1e,7e25783c0a7c26e9b9f205121679098986989cb4fa109a54923972afe75d60ce,ac6168d8c51a9220ff3b88b5de5c6038c357dcd1c8a36c2a1f201e2293e484e8,False,dps,mask,0.125,1,1,0.03,0.03,0.125,0.25,8.35350347799,0.0284531701673,0.583662807941,0.750374674797,0.747827768326,-0.00254690647125,reconstructions/d4edbcc97ec00f079508e13004cf8c0e01806e2a1c89e0eb93c0e8df45158196/dps-mask-0.125-1-1.pt
d4edbcc97ec00f079508e13004cf8c0e01806e2a1c89e0eb93c0e8df45158196,3edb09d41378dfae155626fe72b75a2c4bde6a58,cff553233941e75169564d196f318bbdd728713e0809f049f5ada55d92b57e1e,7e25783c0a7c26e9b9f205121679098986989cb4fa109a54923972afe75d60ce,ac6168d8c51a9220ff3b88b5de5c6038c357dcd1c8a36c2a1f201e2293e484e8,False,diffpir,mask,0.125,1,1,0.03,0.03,0.125,0.25,6.20541291268,0.00616562519465,0.737049221992,0.29733350873,0.350134074688,0.052800565958,reconstructions/d4edbcc97ec00f079508e13004cf8c0e01806e2a1c89e0eb93c0e8df45158196/diffpir-mask-0.125-1-1.pt
d4edbcc97ec00f079508e13004cf8c0e01806e2a1c89e0eb93c0e8df45158196,3edb09d41378dfae155626fe72b75a2c4bde6a58,cff553233941e75169564d196f318bbdd728713e0809f049f5ada55d92b57e1e,7e25783c0a7c26e9b9f205121679098986989cb4fa109a54923972afe75d60ce,ac6168d8c51a9220ff3b88b5de5c6038c357dcd1c8a36c2a1f201e2293e484e8,False,pigdm,mask,0.125,1,1,0.03,0.03,0.125,0.25,23.9171791923,0.534570510904,0.309831142426,0.0721886008978,0.070749796927,-0.00143880397081,reconstructions/d4edbcc97ec00f079508e13004cf8c0e01806e2a1c89e0eb93c0e8df45158196/pigdm-mask-0.125-1-1.pt
d4edbcc97ec00f079508e13004cf8c0e01806e2a1c89e0eb93c0e8df45158196,3edb09d41378dfae155626fe72b75a2c4bde6a58,cff553233941e75169564d196f318bbdd728713e0809f049f5ada55d92b57e1e,7e25783c0a7c26e9b9f205121679098986989cb4fa109a54923972afe75d60ce,ac6168d8c51a9220ff3b88b5de5c6038c357dcd1c8a36c2a1f201e2293e484e8,False,zero_filled,mask,0.125,1,2,0.03,0.03,0.125,0.25,18.9392210934,0.539527736073,0.233457699418,0.0888015851378,0.0844630971551,-0.00433848798275,reconstructions/d4edbcc97ec00f079508e13004cf8c0e01806e2a1c89e0eb93c0e8df45158196/zero_filled-mask-0.125-1-2.pt
d4edbcc97ec00f079508e13004cf8c0e01806e2a1c89e0eb93c0e8df45158196,3edb09d41378dfae155626fe72b75a2c4bde6a58,cff553233941e75169564d196f318bbdd728713e0809f049f5ada55d92b57e1e,7e25783c0a7c26e9b9f205121679098986989cb4fa109a54923972afe75d60ce,ac6168d8c51a9220ff3b88b5de5c6038c357dcd1c8a36c2a1f201e2293e484e8,False,tv,mask,0.125,1,2,0.03,0.03,0.125,0.25,20.5689015308,0.705564167277,0.112633958459,0.0815941393375,0.0745316147804,-0.00706252455711,reconstructions/d4edbcc97ec00f079508e13004cf8c0e01806e2a1c89e0eb93c0e8df45158196/tv-mask-0.125-1-2.pt
d4edbcc97ec00f079508e13004cf8c0e01806e2a1c89e0eb93c0e8df45158196,3edb09d41378dfae155626fe72b75a2c4bde6a58,cff553233941e75169564d196f318bbdd728713e0809f049f5ada55d92b57e1e,7e25783c0a7c26e9b9f205121679098986989cb4fa109a54923972afe75d60ce,ac6168d8c51a9220ff3b88b5de5c6038c357dcd1c8a36c2a1f201e2293e484e8,False,dps,mask,0.125,1,2,0.03,0.03,0.125,0.25,9.44700539535,0.0638590930026,0.284539163113,0.74472540617,0.741325259209,-0.00340014696121,reconstructions/d4edbcc97ec00f079508e13004cf8c0e01806e2a1c89e0eb93c0e8df45158196/dps-mask-0.125-1-2.pt
d4edbcc97ec00f079508e13004cf8c0e01806e2a1c89e0eb93c0e8df45158196,3edb09d41378dfae155626fe72b75a2c4bde6a58,cff553233941e75169564d196f318bbdd728713e0809f049f5ada55d92b57e1e,7e25783c0a7c26e9b9f205121679098986989cb4fa109a54923972afe75d60ce,ac6168d8c51a9220ff3b88b5de5c6038c357dcd1c8a36c2a1f201e2293e484e8,False,diffpir,mask,0.125,1,2,0.03,0.03,0.125,0.25,4.38240341036,0.0016640883824,0.939181268215,0.871757209301,0.895899355412,0.0241421461105,reconstructions/d4edbcc97ec00f079508e13004cf8c0e01806e2a1c89e0eb93c0e8df45158196/diffpir-mask-0.125-1-2.pt
d4edbcc97ec00f079508e13004cf8c0e01806e2a1c89e0eb93c0e8df45158196,3edb09d41378dfae155626fe72b75a2c4bde6a58,cff553233941e75169564d196f318bbdd728713e0809f049f5ada55d92b57e1e,7e25783c0a7c26e9b9f205121679098986989cb4fa109a54923972afe75d60ce,ac6168d8c51a9220ff3b88b5de5c6038c357dcd1c8a36c2a1f201e2293e484e8,False,pigdm,mask,0.125,1,2,0.03,0.03,0.125,0.25,18.3400152699,0.506249849249,0.129018098116,0.179863780737,0.176737651229,-0.00312612950802,reconstructions/d4edbcc97ec00f079508e13004cf8c0e01806e2a1c89e0eb93c0e8df45158196/pigdm-mask-0.125-1-2.pt
d4edbcc97ec00f079508e13004cf8c0e01806e2a1c89e0eb93c0e8df45158196,3edb09d41378dfae155626fe72b75a2c4bde6a58,cff553233941e75169564d196f318bbdd728713e0809f049f5ada55d92b57e1e,7e25783c0a7c26e9b9f205121679098986989cb4fa109a54923972afe75d60ce,ac6168d8c51a9220ff3b88b5de5c6038c357dcd1c8a36c2a1f201e2293e484e8,False,zero_filled,mask,0.125,1,3,0.03,0.03,0.125,0.25,21.3497987871,0.610475045293,0.270915925503,0.0509334467351,0.0489416345954,-0.00199181213975,reconstructions/d4edbcc97ec00f079508e13004cf8c0e01806e2a1c89e0eb93c0e8df45158196/zero_filled-mask-0.125-1-3.pt
d4edbcc97ec00f079508e13004cf8c0e01806e2a1c89e0eb93c0e8df45158196,3edb09d41378dfae155626fe72b75a2c4bde6a58,cff553233941e75169564d196f318bbdd728713e0809f049f5ada55d92b57e1e,7e25783c0a7c26e9b9f205121679098986989cb4fa109a54923972afe75d60ce,ac6168d8c51a9220ff3b88b5de5c6038c357dcd1c8a36c2a1f201e2293e484e8,False,tv,mask,0.125,1,3,0.03,0.03,0.125,0.25,23.3765596326,0.699584913084,0.21126255393,0.0472273081541,0.0442775860429,-0.00294972211123,reconstructions/d4edbcc97ec00f079508e13004cf8c0e01806e2a1c89e0eb93c0e8df45158196/tv-mask-0.125-1-3.pt
d4edbcc97ec00f079508e13004cf8c0e01806e2a1c89e0eb93c0e8df45158196,3edb09d41378dfae155626fe72b75a2c4bde6a58,cff553233941e75169564d196f318bbdd728713e0809f049f5ada55d92b57e1e,7e25783c0a7c26e9b9f205121679098986989cb4fa109a54923972afe75d60ce,ac6168d8c51a9220ff3b88b5de5c6038c357dcd1c8a36c2a1f201e2293e484e8,False,dps,mask,0.125,1,3,0.03,0.03,0.125,0.25,12.0118589764,0.151461126166,0.385623633862,0.363508731127,0.360734760761,-0.00277397036552,reconstructions/d4edbcc97ec00f079508e13004cf8c0e01806e2a1c89e0eb93c0e8df45158196/dps-mask-0.125-1-3.pt
d4edbcc97ec00f079508e13004cf8c0e01806e2a1c89e0eb93c0e8df45158196,3edb09d41378dfae155626fe72b75a2c4bde6a58,cff553233941e75169564d196f318bbdd728713e0809f049f5ada55d92b57e1e,7e25783c0a7c26e9b9f205121679098986989cb4fa109a54923972afe75d60ce,ac6168d8c51a9220ff3b88b5de5c6038c357dcd1c8a36c2a1f201e2293e484e8,False,diffpir,mask,0.125,1,3,0.03,0.03,0.125,0.25,5.58748528968,0.00828191116347,1.03206396103,0.374329596758,0.418088644743,0.0437590479851,reconstructions/d4edbcc97ec00f079508e13004cf8c0e01806e2a1c89e0eb93c0e8df45158196/diffpir-mask-0.125-1-3.pt
d4edbcc97ec00f079508e13004cf8c0e01806e2a1c89e0eb93c0e8df45158196,3edb09d41378dfae155626fe72b75a2c4bde6a58,cff553233941e75169564d196f318bbdd728713e0809f049f5ada55d92b57e1e,7e25783c0a7c26e9b9f205121679098986989cb4fa109a54923972afe75d60ce,ac6168d8c51a9220ff3b88b5de5c6038c357dcd1c8a36c2a1f201e2293e484e8,False,pigdm,mask,0.125,1,3,0.03,0.03,0.125,0.25,22.7833746528,0.684487012432,0.144764646888,0.0644900724292,0.0600518770516,-0.00443819537759,reconstructions/d4edbcc97ec00f079508e13004cf8c0e01806e2a1c89e0eb93c0e8df45158196/pigdm-mask-0.125-1-3.pt
d4edbcc97ec00f079508e13004cf8c0e01806e2a1c89e0eb93c0e8df45158196,3edb09d41378dfae155626fe72b75a2c4bde6a58,cff553233941e75169564d196f318bbdd728713e0809f049f5ada55d92b57e1e,7e25783c0a7c26e9b9f205121679098986989cb4fa109a54923972afe75d60ce,ac6168d8c51a9220ff3b88b5de5c6038c357dcd1c8a36c2a1f201e2293e484e8,False,zero_filled,mask,0.125,1,4,0.03,0.03,0.125,0.25,20.9722713842,0.686947846385,0.179020836949,0.0469845943153,0.0447374582291,-0.00224713608623,reconstructions/d4edbcc97ec00f079508e13004cf8c0e01806e2a1c89e0eb93c0e8df45158196/zero_filled-mask-0.125-1-4.pt
d4edbcc97ec00f079508e13004cf8c0e01806e2a1c89e0eb93c0e8df45158196,3edb09d41378dfae155626fe72b75a2c4bde6a58,cff553233941e75169564d196f318bbdd728713e0809f049f5ada55d92b57e1e,7e25783c0a7c26e9b9f205121679098986989cb4fa109a54923972afe75d60ce,ac6168d8c51a9220ff3b88b5de5c6038c357dcd1c8a36c2a1f201e2293e484e8,False,tv,mask,0.125,1,4,0.03,0.03,0.125,0.25,21.8243611131,0.705768162821,0.0959541797638,0.0426623858511,0.0406891219318,-0.00197326391935,reconstructions/d4edbcc97ec00f079508e13004cf8c0e01806e2a1c89e0eb93c0e8df45158196/tv-mask-0.125-1-4.pt
d4edbcc97ec00f079508e13004cf8c0e01806e2a1c89e0eb93c0e8df45158196,3edb09d41378dfae155626fe72b75a2c4bde6a58,cff553233941e75169564d196f318bbdd728713e0809f049f5ada55d92b57e1e,7e25783c0a7c26e9b9f205121679098986989cb4fa109a54923972afe75d60ce,ac6168d8c51a9220ff3b88b5de5c6038c357dcd1c8a36c2a1f201e2293e484e8,False,dps,mask,0.125,1,4,0.03,0.03,0.125,0.25,8.14732901531,0.0972114449194,0.471482902765,0.578700602055,0.577767908573,-0.000932693481445,reconstructions/d4edbcc97ec00f079508e13004cf8c0e01806e2a1c89e0eb93c0e8df45158196/dps-mask-0.125-1-4.pt
d4edbcc97ec00f079508e13004cf8c0e01806e2a1c89e0eb93c0e8df45158196,3edb09d41378dfae155626fe72b75a2c4bde6a58,cff553233941e75169564d196f318bbdd728713e0809f049f5ada55d92b57e1e,7e25783c0a7c26e9b9f205121679098986989cb4fa109a54923972afe75d60ce,ac6168d8c51a9220ff3b88b5de5c6038c357dcd1c8a36c2a1f201e2293e484e8,False,diffpir,mask,0.125,1,4,0.03,0.03,0.125,0.25,5.27284474659,0.020088086968,0.985733509064,0.41985860467,0.446752548218,0.0268939435482,reconstructions/d4edbcc97ec00f079508e13004cf8c0e01806e2a1c89e0eb93c0e8df45158196/diffpir-mask-0.125-1-4.pt
d4edbcc97ec00f079508e13004cf8c0e01806e2a1c89e0eb93c0e8df45158196,3edb09d41378dfae155626fe72b75a2c4bde6a58,cff553233941e75169564d196f318bbdd728713e0809f049f5ada55d92b57e1e,7e25783c0a7c26e9b9f205121679098986989cb4fa109a54923972afe75d60ce,ac6168d8c51a9220ff3b88b5de5c6038c357dcd1c8a36c2a1f201e2293e484e8,False,pigdm,mask,0.125,1,4,0.03,0.03,0.125,0.25,21.4663972207,0.664498169381,0.0650673359632,0.0541090369225,0.051699962467,-0.0024090744555,reconstructions/d4edbcc97ec00f079508e13004cf8c0e01806e2a1c89e0eb93c0e8df45158196/pigdm-mask-0.125-1-4.pt
d4edbcc97ec00f079508e13004cf8c0e01806e2a1c89e0eb93c0e8df45158196,3edb09d41378dfae155626fe72b75a2c4bde6a58,cff553233941e75169564d196f318bbdd728713e0809f049f5ada55d92b57e1e,7e25783c0a7c26e9b9f205121679098986989cb4fa109a54923972afe75d60ce,ac6168d8c51a9220ff3b88b5de5c6038c357dcd1c8a36c2a1f201e2293e484e8,False,zero_filled,mask,0.125,1,5,0.03,0.03,0.125,0.25,21.1175288789,0.602601204656,0.363777279854,0.0434279404581,0.0408856384456,-0.00254230201244,reconstructions/d4edbcc97ec00f079508e13004cf8c0e01806e2a1c89e0eb93c0e8df45158196/zero_filled-mask-0.125-1-5.pt
d4edbcc97ec00f079508e13004cf8c0e01806e2a1c89e0eb93c0e8df45158196,3edb09d41378dfae155626fe72b75a2c4bde6a58,cff553233941e75169564d196f318bbdd728713e0809f049f5ada55d92b57e1e,7e25783c0a7c26e9b9f205121679098986989cb4fa109a54923972afe75d60ce,ac6168d8c51a9220ff3b88b5de5c6038c357dcd1c8a36c2a1f201e2293e484e8,False,tv,mask,0.125,1,5,0.03,0.03,0.125,0.25,21.3942678605,0.558256257124,0.299043387175,0.0486708283424,0.047678925097,-0.000991903245449,reconstructions/d4edbcc97ec00f079508e13004cf8c0e01806e2a1c89e0eb93c0e8df45158196/tv-mask-0.125-1-5.pt
d4edbcc97ec00f079508e13004cf8c0e01806e2a1c89e0eb93c0e8df45158196,3edb09d41378dfae155626fe72b75a2c4bde6a58,cff553233941e75169564d196f318bbdd728713e0809f049f5ada55d92b57e1e,7e25783c0a7c26e9b9f205121679098986989cb4fa109a54923972afe75d60ce,ac6168d8c51a9220ff3b88b5de5c6038c357dcd1c8a36c2a1f201e2293e484e8,False,dps,mask,0.125,1,5,0.03,0.03,0.125,0.25,8.46147195634,0.0622267762386,0.455635488033,0.517830073833,0.515814900398,-0.00201517343521,reconstructions/d4edbcc97ec00f079508e13004cf8c0e01806e2a1c89e0eb93c0e8df45158196/dps-mask-0.125-1-5.pt
d4edbcc97ec00f079508e13004cf8c0e01806e2a1c89e0eb93c0e8df45158196,3edb09d41378dfae155626fe72b75a2c4bde6a58,cff553233941e75169564d196f318bbdd728713e0809f049f5ada55d92b57e1e,7e25783c0a7c26e9b9f205121679098986989cb4fa109a54923972afe75d60ce,ac6168d8c51a9220ff3b88b5de5c6038c357dcd1c8a36c2a1f201e2293e484e8,False,diffpir,mask,0.125,1,5,0.03,0.03,0.125,0.25,5.51817566196,0.00755536911347,0.886356592178,0.346171826124,0.37954390049,0.0333720743656,reconstructions/d4edbcc97ec00f079508e13004cf8c0e01806e2a1c89e0eb93c0e8df45158196/diffpir-mask-0.125-1-5.pt
d4edbcc97ec00f079508e13004cf8c0e01806e2a1c89e0eb93c0e8df45158196,3edb09d41378dfae155626fe72b75a2c4bde6a58,cff553233941e75169564d196f318bbdd728713e0809f049f5ada55d92b57e1e,7e25783c0a7c26e9b9f205121679098986989cb4fa109a54923972afe75d60ce,ac6168d8c51a9220ff3b88b5de5c6038c357dcd1c8a36c2a1f201e2293e484e8,False,pigdm,mask,0.125,1,5,0.03,0.03,0.125,0.25,20.0736133774,0.47708332809,0.158688783646,0.0552525818348,0.0567372478545,0.00148466601968,reconstructions/d4edbcc97ec00f079508e13004cf8c0e01806e2a1c89e0eb93c0e8df45158196/pigdm-mask-0.125-1-5.pt
d4edbcc97ec00f079508e13004cf8c0e01806e2a1c89e0eb93c0e8df45158196,3edb09d41378dfae155626fe72b75a2c4bde6a58,cff553233941e75169564d196f318bbdd728713e0809f049f5ada55d92b57e1e,7e25783c0a7c26e9b9f205121679098986989cb4fa109a54923972afe75d60ce,ac6168d8c51a9220ff3b88b5de5c6038c357dcd1c8a36c2a1f201e2293e484e8,False,zero_filled,mask,0.125,1,6,0.03,0.03,0.125,0.25,17.6830436775,0.483145587008,0.282627671957,0.108639128506,0.102119386196,-0.00651974231005,reconstructions/d4edbcc97ec00f079508e13004cf8c0e01806e2a1c89e0eb93c0e8df45158196/zero_filled-mask-0.125-1-6.pt
d4edbcc97ec00f079508e13004cf8c0e01806e2a1c89e0eb93c0e8df45158196,3edb09d41378dfae155626fe72b75a2c4bde6a58,cff553233941e75169564d196f318bbdd728713e0809f049f5ada55d92b57e1e,7e25783c0a7c26e9b9f205121679098986989cb4fa109a54923972afe75d60ce,ac6168d8c51a9220ff3b88b5de5c6038c357dcd1c8a36c2a1f201e2293e484e8,False,tv,mask,0.125,1,6,0.03,0.03,0.125,0.25,19.6463609648,0.649600576699,0.114091575146,0.098500341177,0.0891881510615,-0.00931219011545,reconstructions/d4edbcc97ec00f079508e13004cf8c0e01806e2a1c89e0eb93c0e8df45158196/tv-mask-0.125-1-6.pt
d4edbcc97ec00f079508e13004cf8c0e01806e2a1c89e0eb93c0e8df45158196,3edb09d41378dfae155626fe72b75a2c4bde6a58,cff553233941e75169564d196f318bbdd728713e0809f049f5ada55d92b57e1e,7e25783c0a7c26e9b9f205121679098986989cb4fa109a54923972afe75d60ce,ac6168d8c51a9220ff3b88b5de5c6038c357dcd1c8a36c2a1f201e2293e484e8,False,dps,mask,0.125,1,6,0.03,0.03,0.125,0.25,5.7436615501,-0.0283544128091,0.474872946739,1.23731470108,1.23483026028,-0.00248444080353,reconstructions/d4edbcc97ec00f079508e13004cf8c0e01806e2a1c89e0eb93c0e8df45158196/dps-mask-0.125-1-6.pt
d4edbcc97ec00f079508e13004cf8c0e01806e2a1c89e0eb93c0e8df45158196,3edb09d41378dfae155626fe72b75a2c4bde6a58,cff553233941e75169564d196f318bbdd728713e0809f049f5ada55d92b57e1e,7e25783c0a7c26e9b9f205121679098986989cb4fa109a54923972afe75d60ce,ac6168d8c51a9220ff3b88b5de5c6038c357dcd1c8a36c2a1f201e2293e484e8,False,diffpir,mask,0.125,1,6,0.03,0.03,0.125,0.25,4.36117710884,0.0100597246138,1.02481126785,0.912711560726,0.947654485703,0.0349429249763,reconstructions/d4edbcc97ec00f079508e13004cf8c0e01806e2a1c89e0eb93c0e8df45158196/diffpir-mask-0.125-1-6.pt
d4edbcc97ec00f079508e13004cf8c0e01806e2a1c89e0eb93c0e8df45158196,3edb09d41378dfae155626fe72b75a2c4bde6a58,cff553233941e75169564d196f318bbdd728713e0809f049f5ada55d92b57e1e,7e25783c0a7c26e9b9f205121679098986989cb4fa109a54923972afe75d60ce,ac6168d8c51a9220ff3b88b5de5c6038c357dcd1c8a36c2a1f201e2293e484e8,False,pigdm,mask,0.125,1,6,0.03,0.03,0.125,0.25,17.9394320681,0.479914433816,0.124107070267,0.165238186717,0.156226560473,-0.00901162624359,reconstructions/d4edbcc97ec00f079508e13004cf8c0e01806e2a1c89e0eb93c0e8df45158196/pigdm-mask-0.125-1-6.pt
d4edbcc97ec00f079508e13004cf8c0e01806e2a1c89e0eb93c0e8df45158196,3edb09d41378dfae155626fe72b75a2c4bde6a58,cff553233941e75169564d196f318bbdd728713e0809f049f5ada55d92b57e1e,7e25783c0a7c26e9b9f205121679098986989cb4fa109a54923972afe75d60ce,ac6168d8c51a9220ff3b88b5de5c6038c357dcd1c8a36c2a1f201e2293e484e8,False,zero_filled,mask,0.125,1,7,0.03,0.03,0.125,0.25,19.9891028808,0.591999380164,0.224601119757,0.0824262350798,0.0788930058479,-0.00353322923183,reconstructions/d4edbcc97ec00f079508e13004cf8c0e01806e2a1c89e0eb93c0e8df45158196/zero_filled-mask-0.125-1-7.pt
d4edbcc97ec00f079508e13004cf8c0e01806e2a1c89e0eb93c0e8df45158196,3edb09d41378dfae155626fe72b75a2c4bde6a58,cff553233941e75169564d196f318bbdd728713e0809f049f5ada55d92b57e1e,7e25783c0a7c26e9b9f205121679098986989cb4fa109a54923972afe75d60ce,ac6168d8c51a9220ff3b88b5de5c6038c357dcd1c8a36c2a1f201e2293e484e8,False,tv,mask,0.125,1,7,0.03,0.03,0.125,0.25,21.8061665693,0.703947647315,0.104856595397,0.0746358558536,0.0688416883349,-0.00579416751862,reconstructions/d4edbcc97ec00f079508e13004cf8c0e01806e2a1c89e0eb93c0e8df45158196/tv-mask-0.125-1-7.pt
d4edbcc97ec00f079508e13004cf8c0e01806e2a1c89e0eb93c0e8df45158196,3edb09d41378dfae155626fe72b75a2c4bde6a58,cff553233941e75169564d196f318bbdd728713e0809f049f5ada55d92b57e1e,7e25783c0a7c26e9b9f205121679098986989cb4fa109a54923972afe75d60ce,ac6168d8c51a9220ff3b88b5de5c6038c357dcd1c8a36c2a1f201e2293e484e8,False,dps,mask,0.125,1,7,0.03,0.03,0.125,0.25,4.94068592453,0.00864317527777,0.448449790478,1.28725087643,1.28598558903,-0.00126528739929,reconstructions/d4edbcc97ec00f079508e13004cf8c0e01806e2a1c89e0eb93c0e8df45158196/dps-mask-0.125-1-7.pt
d4edbcc97ec00f079508e13004cf8c0e01806e2a1c89e0eb93c0e8df45158196,3edb09d41378dfae155626fe72b75a2c4bde6a58,cff553233941e75169564d196f318bbdd728713e0809f049f5ada55d92b57e1e,7e25783c0a7c26e9b9f205121679098986989cb4fa109a54923972afe75d60ce,ac6168d8c51a9220ff3b88b5de5c6038c357dcd1c8a36c2a1f201e2293e484e8,False,diffpir,mask,0.125,1,7,0.03,0.03,0.125,0.25,4.70327542765,0.00490379385019,1.00162756443,0.766800403595,0.802008569241,0.0352081656456,reconstructions/d4edbcc97ec00f079508e13004cf8c0e01806e2a1c89e0eb93c0e8df45158196/diffpir-mask-0.125-1-7.pt
d4edbcc97ec00f079508e13004cf8c0e01806e2a1c89e0eb93c0e8df45158196,3edb09d41378dfae155626fe72b75a2c4bde6a58,cff553233941e75169564d196f318bbdd728713e0809f049f5ada55d92b57e1e,7e25783c0a7c26e9b9f205121679098986989cb4fa109a54923972afe75d60ce,ac6168d8c51a9220ff3b88b5de5c6038c357dcd1c8a36c2a1f201e2293e484e8,False,pigdm,mask,0.125,1,7,0.03,0.03,0.125,0.25,18.4359778736,0.454957691235,0.276373535395,0.187160655856,0.185907796025,-0.00125285983086,reconstructions/d4edbcc97ec00f079508e13004cf8c0e01806e2a1c89e0eb93c0e8df45158196/pigdm-mask-0.125-1-7.pt
d4edbcc97ec00f079508e13004cf8c0e01806e2a1c89e0eb93c0e8df45158196,3edb09d41378dfae155626fe72b75a2c4bde6a58,cff553233941e75169564d196f318bbdd728713e0809f049f5ada55d92b57e1e,7e25783c0a7c26e9b9f205121679098986989cb4fa109a54923972afe75d60ce,ac6168d8c51a9220ff3b88b5de5c6038c357dcd1c8a36c2a1f201e2293e484e8,False,zero_filled,mask,0.125,2,0,0.03,0.03,0.125,0.25,21.8009618471,0.602750939129,0.28669115901,0.0383296571672,0.0376370623708,-0.000692594796419,reconstructions/d4edbcc97ec00f079508e13004cf8c0e01806e2a1c89e0eb93c0e8df45158196/zero_filled-mask-0.125-2-0.pt
d4edbcc97ec00f079508e13004cf8c0e01806e2a1c89e0eb93c0e8df45158196,3edb09d41378dfae155626fe72b75a2c4bde6a58,cff553233941e75169564d196f318bbdd728713e0809f049f5ada55d92b57e1e,7e25783c0a7c26e9b9f205121679098986989cb4fa109a54923972afe75d60ce,ac6168d8c51a9220ff3b88b5de5c6038c357dcd1c8a36c2a1f201e2293e484e8,False,tv,mask,0.125,2,0,0.03,0.03,0.125,0.25,22.1651911101,0.590223118421,0.153829410672,0.0397952161729,0.0393054448068,-0.000489771366119,reconstructions/d4edbcc97ec00f079508e13004cf8c0e01806e2a1c89e0eb93c0e8df45158196/tv-mask-0.125-2-0.pt
d4edbcc97ec00f079508e13004cf8c0e01806e2a1c89e0eb93c0e8df45158196,3edb09d41378dfae155626fe72b75a2c4bde6a58,cff553233941e75169564d196f318bbdd728713e0809f049f5ada55d92b57e1e,7e25783c0a7c26e9b9f205121679098986989cb4fa109a54923972afe75d60ce,ac6168d8c51a9220ff3b88b5de5c6038c357dcd1c8a36c2a1f201e2293e484e8,False,dps,mask,0.125,2,0,0.03,0.03,0.125,0.25,10.2036556511,0.0600593452974,0.299227446318,0.45970928669,0.45839869976,-0.00131058692932,reconstructions/d4edbcc97ec00f079508e13004cf8c0e01806e2a1c89e0eb93c0e8df45158196/dps-mask-0.125-2-0.pt
d4edbcc97ec00f079508e13004cf8c0e01806e2a1c89e0eb93c0e8df45158196,3edb09d41378dfae155626fe72b75a2c4bde6a58,cff553233941e75169564d196f318bbdd728713e0809f049f5ada55d92b57e1e,7e25783c0a7c26e9b9f205121679098986989cb4fa109a54923972afe75d60ce,ac6168d8c51a9220ff3b88b5de5c6038c357dcd1c8a36c2a1f201e2293e484e8,False,diffpir,mask,0.125,2,0,0.03,0.03,0.125,0.25,5.91239597232,0.0142218610978,0.97777223587,0.305911421776,0.349304676056,0.0433932542801,reconstructions/d4edbcc97ec00f079508e13004cf8c0e01806e2a1c89e0eb93c0e8df45158196/diffpir-mask-0.125-2-0.pt
d4edbcc97ec00f079508e13004cf8c0e01806e2a1c89e0eb93c0e8df45158196,3edb09d41378dfae155626fe72b75a2c4bde6a58,cff553233941e75169564d196f318bbdd728713e0809f049f5ada55d92b57e1e,7e25783c0a7c26e9b9f205121679098986989cb4fa109a54923972afe75d60ce,ac6168d8c51a9220ff3b88b5de5c6038c357dcd1c8a36c2a1f201e2293e484e8,False,pigdm,mask,0.125,2,0,0.03,0.03,0.125,0.25,21.2716159802,0.539252996531,0.183958515525,0.0484647452831,0.0466863848269,-0.00177836045623,reconstructions/d4edbcc97ec00f079508e13004cf8c0e01806e2a1c89e0eb93c0e8df45158196/pigdm-mask-0.125-2-0.pt
d4edbcc97ec00f079508e13004cf8c0e01806e2a1c89e0eb93c0e8df45158196,3edb09d41378dfae155626fe72b75a2c4bde6a58,cff553233941e75169564d196f318bbdd728713e0809f049f5ada55d92b57e1e,7e25783c0a7c26e9b9f205121679098986989cb4fa109a54923972afe75d60ce,ac6168d8c51a9220ff3b88b5de5c6038c357dcd1c8a36c2a1f201e2293e484e8,False,zero_filled,mask,0.125,2,1,0.03,0.03,0.125,0.25,24.1634262472,0.631114645826,0.498430788517,0.0450194031,0.0434758812189,-0.0015435218811,reconstructions/d4edbcc97ec00f079508e13004cf8c0e01806e2a1c89e0eb93c0e8df45158196/zero_filled-mask-0.125-2-1.pt
d4edbcc97ec00f079508e13004cf8c0e01806e2a1c89e0eb93c0e8df45158196,3edb09d41378dfae155626fe72b75a2c4bde6a58,cff553233941e75169564d196f318bbdd728713e0809f049f5ada55d92b57e1e,7e25783c0a7c26e9b9f205121679098986989cb4fa109a54923972afe75d60ce,ac6168d8c51a9220ff3b88b5de5c6038c357dcd1c8a36c2a1f201e2293e484e8,False,tv,mask,0.125,2,1,0.03,0.03,0.125,0.25,24.4589387793,0.560687422551,0.367018640041,0.0536922104657,0.0525497943163,-0.00114241614938,reconstructions/d4edbcc97ec00f079508e13004cf8c0e01806e2a1c89e0eb93c0e8df45158196/tv-mask-0.125-2-1.pt
d4edbcc97ec00f079508e13004cf8c0e01806e2a1c89e0eb93c0e8df45158196,3edb09d41378dfae155626fe72b75a2c4bde6a58,cff553233941e75169564d196f318bbdd728713e0809f049f5ada55d92b57e1e,7e25783c0a7c26e9b9f205121679098986989cb4fa109a54923972afe75d60ce,ac6168d8c51a9220ff3b88b5de5c6038c357dcd1c8a36c2a1f201e2293e484e8,False,dps,mask,0.125,2,1,0.03,0.03,0.125,0.25,12.7982985681,0.207302752812,0.526796936989,0.443239569664,0.442228347063,-0.00101122260094,reconstructions/d4edbcc97ec00f079508e13004cf8c0e01806e2a1c89e0eb93c0e8df45158196/dps-mask-0.125-2-1.pt
d4edbcc97ec00f079508e13004cf8c0e01806e2a1c89e0eb93c0e8df45158196,3edb09d41378dfae155626fe72b75a2c4bde6a58,cff553233941e75169564d196f318bbdd728713e0809f049f5ada55d92b57e1e,7e25783c0a7c26e9b9f205121679098986989cb4fa109a54923972afe75d60ce,ac6168d8c51a9220ff3b88b5de5c6038c357dcd1c8a36c2a1f201e2293e484e8,False,diffpir,mask,0.125,2,1,0.03,0.03,0.125,0.25,6.21324429942,0.00749299165512,0.736763954163,0.304315179586,0.364059180021,0.0597440004349,reconstructions/d4edbcc97ec00f079508e13004cf8c0e01806e2a1c89e0eb93c0e8df45158196/diffpir-mask-0.125-2-1.pt
d4edbcc97ec00f079508e13004cf8c0e01806e2a1c89e0eb93c0e8df45158196,3edb09d41378dfae155626fe72b75a2c4bde6a58,cff553233941e75169564d196f318bbdd728713e0809f049f5ada55d92b57e1e,7e25783c0a7c26e9b9f205121679098986989cb4fa109a54923972afe75d60ce,ac6168d8c51a9220ff3b88b5de5c6038c357dcd1c8a36c2a1f201e2293e484e8,False,pigdm,mask,0.125,2,1,0.03,0.03,0.125,0.25,24.0316211538,0.508850703927,0.346828699112,0.067661203444,0.0654329806566,-0.00222822278738,reconstructions/d4edbcc97ec00f079508e13004cf8c0e01806e2a1c89e0eb93c0e8df45158196/pigdm-mask-0.125-2-1.pt
d4edbcc97ec00f079508e13004cf8c0e01806e2a1c89e0eb93c0e8df45158196,3edb09d41378dfae155626fe72b75a2c4bde6a58,cff553233941e75169564d196f318bbdd728713e0809f049f5ada55d92b57e1e,7e25783c0a7c26e9b9f205121679098986989cb4fa109a54923972afe75d60ce,ac6168d8c51a9220ff3b88b5de5c6038c357dcd1c8a36c2a1f201e2293e484e8,False,zero_filled,mask,0.125,2,2,0.03,0.03,0.125,0.25,18.6594355733,0.52425006052,0.234795048833,0.0752995461226,0.0719858556986,-0.00331369042397,reconstructions/d4edbcc97ec00f079508e13004cf8c0e01806e2a1c89e0eb93c0e8df45158196/zero_filled-mask-0.125-2-2.pt
d4edbcc97ec00f079508e13004cf8c0e01806e2a1c89e0eb93c0e8df45158196,3edb09d41378dfae155626fe72b75a2c4bde6a58,cff553233941e75169564d196f318bbdd728713e0809f049f5ada55d92b57e1e,7e25783c0a7c26e9b9f205121679098986989cb4fa109a54923972afe75d60ce,ac6168d8c51a9220ff3b88b5de5c6038c357dcd1c8a36c2a1f201e2293e484e8,False,tv,mask,0.125,2,2,0.03,0.03,0.125,0.25,19.9067693864,0.63875029774,0.119583539665,0.0672622099519,0.0617858767509,-0.00547633320093,reconstructions/d4edbcc97ec00f079508e13004cf8c0e01806e2a1c89e0eb93c0e8df45158196/tv-mask-0.125-2-2.pt
d4edbcc97ec00f079508e13004cf8c0e01806e2a1c89e0eb93c0e8df45158196,3edb09d41378dfae155626fe72b75a2c4bde6a58,cff553233941e75169564d196f318bbdd728713e0809f049f5ada55d92b57e1e,7e25783c0a7c26e9b9f205121679098986989cb4fa109a54923972afe75d60ce,ac6168d8c51a9220ff3b88b5de5c6038c357dcd1c8a36c2a1f201e2293e484e8,False,dps,mask,0.125,2,2,0.03,0.03,0.125,0.25,7.54984676211,0.0108268595052,0.421724885702,0.960165858269,0.957887589931,-0.00227826833725,reconstructions/d4edbcc97ec00f079508e13004cf8c0e01806e2a1c89e0eb93c0e8df45158196/dps-mask-0.125-2-2.pt
d4edbcc97ec00f079508e13004cf8c0e01806e2a1c89e0eb93c0e8df45158196,3edb09d41378dfae155626fe72b75a2c4bde6a58,cff553233941e75169564d196f318bbdd728713e0809f049f5ada55d92b57e1e,7e25783c0a7c26e9b9f205121679098986989cb4fa109a54923972afe75d60ce,ac6168d8c51a9220ff3b88b5de5c6038c357dcd1c8a36c2a1f201e2293e484e8,False,diffpir,mask,0.125,2,2,0.03,0.03,0.125,0.25,4.32066005023,0.0137255773656,0.927430272102,0.889288067818,0.928557693958,0.0392696261406,reconstructions/d4edbcc97ec00f079508e13004cf8c0e01806e2a1c89e0eb93c0e8df45158196/diffpir-mask-0.125-2-2.pt
d4edbcc97ec00f079508e13004cf8c0e01806e2a1c89e0eb93c0e8df45158196,3edb09d41378dfae155626fe72b75a2c4bde6a58,cff553233941e75169564d196f318bbdd728713e0809f049f5ada55d92b57e1e,7e25783c0a7c26e9b9f205121679098986989cb4fa109a54923972afe75d60ce,ac6168d8c51a9220ff3b88b5de5c6038c357dcd1c8a36c2a1f201e2293e484e8,False,pigdm,mask,0.125,2,2,0.03,0.03,0.125,0.25,17.9360090124,0.508592098555,0.150707900524,0.172690600157,0.167095050216,-0.00559554994106,reconstructions/d4edbcc97ec00f079508e13004cf8c0e01806e2a1c89e0eb93c0e8df45158196/pigdm-mask-0.125-2-2.pt
d4edbcc97ec00f079508e13004cf8c0e01806e2a1c89e0eb93c0e8df45158196,3edb09d41378dfae155626fe72b75a2c4bde6a58,cff553233941e75169564d196f318bbdd728713e0809f049f5ada55d92b57e1e,7e25783c0a7c26e9b9f205121679098986989cb4fa109a54923972afe75d60ce,ac6168d8c51a9220ff3b88b5de5c6038c357dcd1c8a36c2a1f201e2293e484e8,False,zero_filled,mask,0.125,2,3,0.03,0.03,0.125,0.25,21.0952210605,0.620859765443,0.28479796648,0.0460437126458,0.0448012985289,-0.00124241411686,reconstructions/d4edbcc97ec00f079508e13004cf8c0e01806e2a1c89e0eb93c0e8df45158196/zero_filled-mask-0.125-2-3.pt
d4edbcc97ec00f079508e13004cf8c0e01806e2a1c89e0eb93c0e8df45158196,3edb09d41378dfae155626fe72b75a2c4bde6a58,cff553233941e75169564d196f318bbdd728713e0809f049f5ada55d92b57e1e,7e25783c0a7c26e9b9f205121679098986989cb4fa109a54923972afe75d60ce,ac6168d8c51a9220ff3b88b5de5c6038c357dcd1c8a36c2a1f201e2293e484e8,False,tv,mask,0.125,2,3,0.03,0.03,0.125,0.25,21.8894227033,0.644300385381,0.210719078779,0.0426871031523,0.0406097583473,-0.002077344805,reconstructions/d4edbcc97ec00f079508e13004cf8c0e01806e2a1c89e0eb93c0e8df45158196/tv-mask-0.125-2-3.pt
d4edbcc97ec00f079508e13004cf8c0e01806e2a1c89e0eb93c0e8df45158196,3edb09d41378dfae155626fe72b75a2c4bde6a58,cff553233941e75169564d196f318bbdd728713e0809f049f5ada55d92b57e1e,7e25783c0a7c26e9b9f205121679098986989cb4fa109a54923972afe75d60ce,ac6168d8c51a9220ff3b88b5de5c6038c357dcd1c8a36c2a1f201e2293e484e8,False,dps,mask,0.125,2,3,0.03,0.03,0.125,0.25,9.65801532665,0.0840079808632,0.521091580391,0.500924110413,0.499954223633,-0.000969886779785,reconstructions/d4edbcc97ec00f079508e13004cf8c0e01806e2a1c89e0eb93c0e8df45158196/dps-mask-0.125-2-3.pt
d4edbcc97ec00f079508e13004cf8c0e01806e2a1c89e0eb93c0e8df45158196,3edb09d41378dfae155626fe72b75a2c4bde6a58,cff553233941e75169564d196f318bbdd728713e0809f049f5ada55d92b57e1e,7e25783c0a7c26e9b9f205121679098986989cb4fa109a54923972afe75d60ce,ac6168d8c51a9220ff3b88b5de5c6038c357dcd1c8a36c2a1f201e2293e484e8,False,diffpir,mask,0.125,2,3,0.03,0.03,0.125,0.25,5.42541500439,-0.00701183411298,0.977821230888,0.384764164686,0.420592963696,0.0358287990093,reconstructions/d4edbcc97ec00f079508e13004cf8c0e01806e2a1c89e0eb93c0e8df45158196/diffpir-mask-0.125-2-3.pt
d4edbcc97ec00f079508e13004cf8c0e01806e2a1c89e0eb93c0e8df45158196,3edb09d41378dfae155626fe72b75a2c4bde6a58,cff553233941e75169564d196f318bbdd728713e0809f049f5ada55d92b57e1e,7e25783c0a7c26e9b9f205121679098986989cb4fa109a54923972afe75d60ce,ac6168d8c51a9220ff3b88b5de5c6038c357dcd1c8a36c2a1f201e2293e484e8,False,pigdm,mask,0.125,2,3,0.03,0.03,0.125,0.25,20.7190714688,0.59178062152,0.165998503566,0.0786861330271,0.0760479792953,-0.00263815373182,reconstructions/d4edbcc97ec00f079508e13004cf8c0e01806e2a1c89e0eb93c0e8df45158196/pigdm-mask-0.125-2-3.pt
d4edbcc97ec00f079508e13004cf8c0e01806e2a1c89e0eb93c0e8df45158196,3edb09d41378dfae155626fe72b75a2c4bde6a58,cff553233941e75169564d196f318bbdd728713e0809f049f5ada55d92b57e1e,7e25783c0a7c26e9b9f205121679098986989cb4fa109a54923972afe75d60ce,ac6168d8c51a9220ff3b88b5de5c6038c357dcd1c8a36c2a1f201e2293e484e8,False,zero_filled,mask,0.125,2,4,0.03,0.03,0.125,0.25,20.6927619216,0.680465162756,0.227915361524,0.0396297425032,0.0391552820802,-0.000474460422993,reconstructions/d4edbcc97ec00f079508e13004cf8c0e01806e2a1c89e0eb93c0e8df45158196/zero_filled-mask-0.125-2-4.pt
d4edbcc97ec00f079508e13004cf8c0e01806e2a1c89e0eb93c0e8df45158196,3edb09d41378dfae155626fe72b75a2c4bde6a58,cff553233941e75169564d196f318bbdd728713e0809f049f5ada55d92b57e1e,7e25783c0a7c26e9b9f205121679098986989cb4fa109a54923972afe75d60ce,ac6168d8c51a9220ff3b88b5de5c6038c357dcd1c8a36c2a1f201e2293e484e8,False,tv,mask,0.125,2,4,0.03,0.03,0.125,0.25,21.0381042101,0.677649654325,0.128216221929,0.0349690802395,0.0342151597142,-0.000753920525312,reconstructions/d4edbcc97ec00f079508e13004cf8c0e01806e2a1c89e0eb93c0e8df45158196/tv-mask-0.125-2-4.pt
d4edbcc97ec00f079508e13004cf8c0e01806e2a1c89e0eb93c0e8df45158196,3edb09d41378dfae155626fe72b75a2c4bde6a58,cff553233941e75169564d196f318bbdd728713e0809f049f5ada55d92b57e1e,7e25783c0a7c26e9b9f205121679098986989cb4fa109a54923972afe75d60ce,ac6168d8c51a9220ff3b88b5de5c6038c357dcd1c8a36c2a1f201e2293e484e8,False,dps,mask,0.125,2,4,0.03,0.03,0.125,0.25,9.38087775599,0.0105829328679,0.234877794981,0.484649956226,0.481218665838,-0.00343129038811,reconstructions/d4edbcc97ec00f079508e13004cf8c0e01806e2a1c89e0eb93c0e8df45158196/dps-mask-0.125-2-4.pt
d4edbcc97ec00f079508e13004cf8c0e01806e2a1c89e0eb93c0e8df45158196,3edb09d41378dfae155626fe72b75a2c4bde6a58,cff553233941e75169564d196f318bbdd728713e0809f049f5ada55d92b57e1e,7e25783c0a7c26e9b9f205121679098986989cb4fa109a54923972afe75d60ce,ac6168d8c51a9220ff3b88b5de5c6038c357dcd1c8a36c2a1f201e2293e484e8,False,diffpir,mask,0.125,2,4,0.03,0.03,0.125,0.25,5.21447409897,0.00439725127061,0.991588115692,0.406164109707,0.44219610095,0.0360319912434,reconstructions/d4edbcc97ec00f079508e13004cf8c0e01806e2a1c89e0eb93c0e8df45158196/diffpir-mask-0.125-2-4.pt
d4edbcc97ec00f079508e13004cf8c0e01806e2a1c89e0eb93c0e8df45158196,3edb09d41378dfae155626fe72b75a2c4bde6a58,cff553233941e75169564d196f318bbdd728713e0809f049f5ada55d92b57e1e,7e25783c0a7c26e9b9f205121679098986989cb4fa109a54923972afe75d60ce,ac6168d8c51a9220ff3b88b5de5c6038c357dcd1c8a36c2a1f201e2293e484e8,False,pigdm,mask,0.125,2,4,0.03,0.03,0.125,0.25,20.1765572634,0.565355193266,0.0858538597822,0.0557544976473,0.054073639214,-0.00168085843325,reconstructions/d4edbcc97ec00f079508e13004cf8c0e01806e2a1c89e0eb93c0e8df45158196/pigdm-mask-0.125-2-4.pt
d4edbcc97ec00f079508e13004cf8c0e01806e2a1c89e0eb93c0e8df45158196,3edb09d41378dfae155626fe72b75a2c4bde6a58,cff553233941e75169564d196f318bbdd728713e0809f049f5ada55d92b57e1e,7e25783c0a7c26e9b9f205121679098986989cb4fa109a54923972afe75d60ce,ac6168d8c51a9220ff3b88b5de5c6038c357dcd1c8a36c2a1f201e2293e484e8,False,zero_filled,mask,0.125,2,5,0.03,0.03,0.125,0.25,20.7883465535,0.567390841833,0.42089676857,0.0353040508926,0.0340217277408,-0.00128232315183,reconstructions/d4edbcc97ec00f079508e13004cf8c0e01806e2a1c89e0eb93c0e8df45158196/zero_filled-mask-0.125-2-5.pt
d4edbcc97ec00f079508e13004cf8c0e01806e2a1c89e0eb93c0e8df45158196,3edb09d41378dfae155626fe72b75a2c4bde6a58,cff553233941e75169564d196f318bbdd728713e0809f049f5ada55d92b57e1e,7e25783c0a7c26e9b9f205121679098986989cb4fa109a54923972afe75d60ce,ac6168d8c51a9220ff3b88b5de5c6038c357dcd1c8a36c2a1f201e2293e484e8,False,tv,mask,0.125,2,5,0.03,0.03,0.125,0.25,20.7772545288,0.514766141542,0.313003391027,0.0412885844707,0.0403276756406,-0.000960908830166,reconstructions/d4edbcc97ec00f079508e13004cf8c0e01806e2a1c89e0eb93c0e8df45158196/tv-mask-0.125-2-5.pt
d4edbcc97ec00f079508e13004cf8c0e01806e2a1c89e0eb93c0e8df45158196,3edb09d41378dfae155626fe72b75a2c4bde6a58,cff553233941e75169564d196f318bbdd728713e0809f049f5ada55d92b57e1e,7e25783c0a7c26e9b9f205121679098986989cb4fa109a54923972afe75d60ce,ac6168d8c51a9220ff3b88b5de5c6038c357dcd1c8a36c2a1f201e2293e484e8,False,dps,mask,0.125,2,5,0.03,0.03,0.125,0.25,9.91456205687,0.0828685004014,0.573067426682,0.435798794031,0.433874040842,-0.00192475318909,reconstructions/d4edbcc97ec00f079508e13004cf8c0e01806e2a1c89e0eb93c0e8df45158196/dps-mask-0.125-2-5.pt
d4edbcc97ec00f079508e13004cf8c0e01806e2a1c89e0eb93c0e8df45158196,3edb09d41378dfae155626fe72b75a2c4bde6a58,cff553233941e75169564d196f318bbdd728713e0809f049f5ada55d92b57e1e,7e25783c0a7c26e9b9f205121679098986989cb4fa109a54923972afe75d60ce,ac6168d8c51a9220ff3b88b5de5c6038c357dcd1c8a36c2a1f201e2293e484e8,False,diffpir,mask,0.125,2,5,0.03,0.03,0.125,0.25,5.51147360009,0.0104420399521,0.86745762825,0.349344670773,0.388573378325,0.039228707552,reconstructions/d4edbcc97ec00f079508e13004cf8c0e01806e2a1c89e0eb93c0e8df45158196/diffpir-mask-0.125-2-5.pt
d4edbcc97ec00f079508e13004cf8c0e01806e2a1c89e0eb93c0e8df45158196,3edb09d41378dfae155626fe72b75a2c4bde6a58,cff553233941e75169564d196f318bbdd728713e0809f049f5ada55d92b57e1e,7e25783c0a7c26e9b9f205121679098986989cb4fa109a54923972afe75d60ce,ac6168d8c51a9220ff3b88b5de5c6038c357dcd1c8a36c2a1f201e2293e484e8,False,pigdm,mask,0.125,2,5,0.03,0.03,0.125,0.25,20.0330875616,0.426013113201,0.263417363167,0.0575083978474,0.056426178664,-0.00108221918344,reconstructions/d4edbcc97ec00f079508e13004cf8c0e01806e2a1c89e0eb93c0e8df45158196/pigdm-mask-0.125-2-5.pt
d4edbcc97ec00f079508e13004cf8c0e01806e2a1c89e0eb93c0e8df45158196,3edb09d41378dfae155626fe72b75a2c4bde6a58,cff553233941e75169564d196f318bbdd728713e0809f049f5ada55d92b57e1e,7e25783c0a7c26e9b9f205121679098986989cb4fa109a54923972afe75d60ce,ac6168d8c51a9220ff3b88b5de5c6038c357dcd1c8a36c2a1f201e2293e484e8,False,zero_filled,mask,0.125,2,6,0.03,0.03,0.125,0.25,17.3465742219,0.462388391868,0.307634651661,0.0866764113307,0.0832652971148,-0.00341111421585,reconstructions/d4edbcc97ec00f079508e13004cf8c0e01806e2a1c89e0eb93c0e8df45158196/zero_filled-mask-0.125-2-6.pt
d4edbcc97ec00f079508e13004cf8c0e01806e2a1c89e0eb93c0e8df45158196,3edb09d41378dfae155626fe72b75a2c4bde6a58,cff553233941e75169564d196f318bbdd728713e0809f049f5ada55d92b57e1e,7e25783c0a7c26e9b9f205121679098986989cb4fa109a54923972afe75d60ce,ac6168d8c51a9220ff3b88b5de5c6038c357dcd1c8a36c2a1f201e2293e484e8,False,tv,mask,0.125,2,6,0.03,0.03,0.125,0.25,18.2354227893,0.543205094197,0.170751392841,0.0759346485138,0.0689058154821,-0.00702883303165,reconstructions/d4edbcc97ec00f079508e13004cf8c0e01806e2a1c89e0eb93c0e8df45158196/tv-mask-0.125-2-6.pt
d4edbcc97ec00f079508e13004cf8c0e01806e2a1c89e0eb93c0e8df45158196,3edb09d41378dfae155626fe72b75a2c4bde6a58,cff553233941e75169564d196f318bbdd728713e0809f049f5ada55d92b57e1e,7e25783c0a7c26e9b9f205121679098986989cb4fa109a54923972afe75d60ce,ac6168d8c51a9220ff3b88b5de5c6038c357dcd1c8a36c2a1f201e2293e484e8,False,dps,mask,0.125,2,6,0.03,0.03,0.125,0.25,4.31489124427,-0.00880694313489,0.522703647614,1.50002384186,1.49890434742,-0.00111949443817,reconstructions/d4edbcc97ec00f079508e13004cf8c0e01806e2a1c89e0eb93c0e8df45158196/dps-mask-0.125-2-6.pt
d4edbcc97ec00f079508e13004cf8c0e01806e2a1c89e0eb93c0e8df45158196,3edb09d41378dfae155626fe72b75a2c4bde6a58,cff553233941e75169564d196f318bbdd728713e0809f049f5ada55d92b57e1e,7e25783c0a7c26e9b9f205121679098986989cb4fa109a54923972afe75d60ce,ac6168d8c51a9220ff3b88b5de5c6038c357dcd1c8a36c2a1f201e2293e484e8,False,diffpir,mask,0.125,2,6,0.03,0.03,0.125,0.25,4.38233197803,0.0145006133408,0.909271001816,0.912345409393,0.948033034801,0.0356876254082,reconstructions/d4edbcc97ec00f079508e13004cf8c0e01806e2a1c89e0eb93c0e8df45158196/diffpir-mask-0.125-2-6.pt
d4edbcc97ec00f079508e13004cf8c0e01806e2a1c89e0eb93c0e8df45158196,3edb09d41378dfae155626fe72b75a2c4bde6a58,cff553233941e75169564d196f318bbdd728713e0809f049f5ada55d92b57e1e,7e25783c0a7c26e9b9f205121679098986989cb4fa109a54923972afe75d60ce,ac6168d8c51a9220ff3b88b5de5c6038c357dcd1c8a36c2a1f201e2293e484e8,False,pigdm,mask,0.125,2,6,0.03,0.03,0.125,0.25,17.2459464196,0.437790264057,0.189537972212,0.171889930964,0.163760453463,-0.00812947750092,reconstructions/d4edbcc97ec00f079508e13004cf8c0e01806e2a1c89e0eb93c0e8df45158196/pigdm-mask-0.125-2-6.pt
d4edbcc97ec00f079508e13004cf8c0e01806e2a1c89e0eb93c0e8df45158196,3edb09d41378dfae155626fe72b75a2c4bde6a58,cff553233941e75169564d196f318bbdd728713e0809f049f5ada55d92b57e1e,7e25783c0a7c26e9b9f205121679098986989cb4fa109a54923972afe75d60ce,ac6168d8c51a9220ff3b88b5de5c6038c357dcd1c8a36c2a1f201e2293e484e8,False,zero_filled,mask,0.125,2,7,0.03,0.03,0.125,0.25,19.6842121746,0.591934035726,0.235265731812,0.0699136927724,0.0678733587265,-0.00204033404589,reconstructions/d4edbcc97ec00f079508e13004cf8c0e01806e2a1c89e0eb93c0e8df45158196/zero_filled-mask-0.125-2-7.pt
d4edbcc97ec00f079508e13004cf8c0e01806e2a1c89e0eb93c0e8df45158196,3edb09d41378dfae155626fe72b75a2c4bde6a58,cff553233941e75169564d196f318bbdd728713e0809f049f5ada55d92b57e1e,7e25783c0a7c26e9b9f205121679098986989cb4fa109a54923972afe75d60ce,ac6168d8c51a9220ff3b88b5de5c6038c357dcd1c8a36c2a1f201e2293e484e8,False,tv,mask,0.125,2,7,0.03,0.03,0.125,0.25,20.4587314579,0.631065130754,0.139108031988,0.0619391985238,0.0585403218865,-0.00339887663722,reconstructions/d4edbcc97ec00f079508e13004cf8c0e01806e2a1c89e0eb93c0e8df45158196/tv-mask-0.125-2-7.pt
d4edbcc97ec00f079508e13004cf8c0e01806e2a1c89e0eb93c0e8df45158196,3edb09d41378dfae155626fe72b75a2c4bde6a58,cff553233941e75169564d196f318bbdd728713e0809f049f5ada55d92b57e1e,7e25783c0a7c26e9b9f205121679098986989cb4fa109a54923972afe75d60ce,ac6168d8c51a9220ff3b88b5de5c6038c357dcd1c8a36c2a1f201e2293e484e8,False,dps,mask,0.125,2,7,0.03,0.03,0.125,0.25,6.66984696306,0.074836280366,0.577826142311,1.05293905735,1.05230426788,-0.000634789466858,reconstructions/d4edbcc97ec00f079508e13004cf8c0e01806e2a1c89e0eb93c0e8df45158196/dps-mask-0.125-2-7.pt
d4edbcc97ec00f079508e13004cf8c0e01806e2a1c89e0eb93c0e8df45158196,3edb09d41378dfae155626fe72b75a2c4bde6a58,cff553233941e75169564d196f318bbdd728713e0809f049f5ada55d92b57e1e,7e25783c0a7c26e9b9f205121679098986989cb4fa109a54923972afe75d60ce,ac6168d8c51a9220ff3b88b5de5c6038c357dcd1c8a36c2a1f201e2293e484e8,False,diffpir,mask,0.125,2,7,0.03,0.03,0.125,0.25,4.74771143189,0.00834239813793,0.985001027584,0.757593989372,0.787669658661,0.0300756692886,reconstructions/d4edbcc97ec00f079508e13004cf8c0e01806e2a1c89e0eb93c0e8df45158196/diffpir-mask-0.125-2-7.pt
d4edbcc97ec00f079508e13004cf8c0e01806e2a1c89e0eb93c0e8df45158196,3edb09d41378dfae155626fe72b75a2c4bde6a58,cff553233941e75169564d196f318bbdd728713e0809f049f5ada55d92b57e1e,7e25783c0a7c26e9b9f205121679098986989cb4fa109a54923972afe75d60ce,ac6168d8c51a9220ff3b88b5de5c6038c357dcd1c8a36c2a1f201e2293e484e8,False,pigdm,mask,0.125,2,7,0.03,0.03,0.125,0.25,20.64644969,0.53111564211,0.134860098362,0.10648303479,0.0993030741811,-0.00717996060848,reconstructions/d4edbcc97ec00f079508e13004cf8c0e01806e2a1c89e0eb93c0e8df45158196/pigdm-mask-0.125-2-7.pt
d4edbcc97ec00f079508e13004cf8c0e01806e2a1c89e0eb93c0e8df45158196,3edb09d41378dfae155626fe72b75a2c4bde6a58,cff553233941e75169564d196f318bbdd728713e0809f049f5ada55d92b57e1e,7e25783c0a7c26e9b9f205121679098986989cb4fa109a54923972afe75d60ce,ac6168d8c51a9220ff3b88b5de5c6038c357dcd1c8a36c2a1f201e2293e484e8,False,zero_filled,mask,0.1875,0,0,0.03,0.03,0.1875,0.25,21.8305458159,0.601575892638,0.297200143337,0.058252658695,0.058252658695,0,reconstructions/d4edbcc97ec00f079508e13004cf8c0e01806e2a1c89e0eb93c0e8df45158196/zero_filled-mask-0.1875-0-0.pt
d4edbcc97ec00f079508e13004cf8c0e01806e2a1c89e0eb93c0e8df45158196,3edb09d41378dfae155626fe72b75a2c4bde6a58,cff553233941e75169564d196f318bbdd728713e0809f049f5ada55d92b57e1e,7e25783c0a7c26e9b9f205121679098986989cb4fa109a54923972afe75d60ce,ac6168d8c51a9220ff3b88b5de5c6038c357dcd1c8a36c2a1f201e2293e484e8,False,tv,mask,0.1875,0,0,0.03,0.03,0.1875,0.25,22.2721766867,0.596291196144,0.152313530445,0.0578878521919,0.0554814860225,-0.00240636616945,reconstructions/d4edbcc97ec00f079508e13004cf8c0e01806e2a1c89e0eb93c0e8df45158196/tv-mask-0.1875-0-0.pt
d4edbcc97ec00f079508e13004cf8c0e01806e2a1c89e0eb93c0e8df45158196,3edb09d41378dfae155626fe72b75a2c4bde6a58,cff553233941e75169564d196f318bbdd728713e0809f049f5ada55d92b57e1e,7e25783c0a7c26e9b9f205121679098986989cb4fa109a54923972afe75d60ce,ac6168d8c51a9220ff3b88b5de5c6038c357dcd1c8a36c2a1f201e2293e484e8,False,dps,mask,0.1875,0,0,0.03,0.03,0.1875,0.25,7.81490515262,0.0646675052075,0.38489228487,0.617658555508,0.616778075695,-0.000880479812622,reconstructions/d4edbcc97ec00f079508e13004cf8c0e01806e2a1c89e0eb93c0e8df45158196/dps-mask-0.1875-0-0.pt
d4edbcc97ec00f079508e13004cf8c0e01806e2a1c89e0eb93c0e8df45158196,3edb09d41378dfae155626fe72b75a2c4bde6a58,cff553233941e75169564d196f318bbdd728713e0809f049f5ada55d92b57e1e,7e25783c0a7c26e9b9f205121679098986989cb4fa109a54923972afe75d60ce,ac6168d8c51a9220ff3b88b5de5c6038c357dcd1c8a36c2a1f201e2293e484e8,False,diffpir,mask,0.1875,0,0,0.03,0.03,0.1875,0.25,5.87608119895,0.00994589591586,1.02464687824,0.305400103331,0.39001044631,0.0846103429794,reconstructions/d4edbcc97ec00f079508e13004cf8c0e01806e2a1c89e0eb93c0e8df45158196/diffpir-mask-0.1875-0-0.pt
d4edbcc97ec00f079508e13004cf8c0e01806e2a1c89e0eb93c0e8df45158196,3edb09d41378dfae155626fe72b75a2c4bde6a58,cff553233941e75169564d196f318bbdd728713e0809f049f5ada55d92b57e1e,7e25783c0a7c26e9b9f205121679098986989cb4fa109a54923972afe75d60ce,ac6168d8c51a9220ff3b88b5de5c6038c357dcd1c8a36c2a1f201e2293e484e8,False,pigdm,mask,0.1875,0,0,0.03,0.03,0.1875,0.25,21.0931649506,0.530677955642,0.1806576401,0.0738620236516,0.0728398263454,-0.00102219730616,reconstructions/d4edbcc97ec00f079508e13004cf8c0e01806e2a1c89e0eb93c0e8df45158196/pigdm-mask-0.1875-0-0.pt
d4edbcc97ec00f079508e13004cf8c0e01806e2a1c89e0eb93c0e8df45158196,3edb09d41378dfae155626fe72b75a2c4bde6a58,cff553233941e75169564d196f318bbdd728713e0809f049f5ada55d92b57e1e,7e25783c0a7c26e9b9f205121679098986989cb4fa109a54923972afe75d60ce,ac6168d8c51a9220ff3b88b5de5c6038c357dcd1c8a36c2a1f201e2293e484e8,False,zero_filled,mask,0.1875,0,1,0.03,0.03,0.1875,0.25,24.2539501288,0.637361388403,0.593873918056,0.0611506663263,0.0611506663263,0,reconstructions/d4edbcc97ec00f079508e13004cf8c0e01806e2a1c89e0eb93c0e8df45158196/zero_filled-mask-0.1875-0-1.pt
d4edbcc97ec00f079508e13004cf8c0e01806e2a1c89e0eb93c0e8df45158196,3edb09d41378dfae155626fe72b75a2c4bde6a58,cff553233941e75169564d196f318bbdd728713e0809f049f5ada55d92b57e1e,7e25783c0a7c26e9b9f205121679098986989cb4fa109a54923972afe75d60ce,ac6168d8c51a9220ff3b88b5de5c6038c357dcd1c8a36c2a1f201e2293e484e8,False,tv,mask,0.1875,0,1,0.03,0.03,0.1875,0.25,24.934509144,0.588089899174,0.420763731003,0.0662085935473,0.0618108808994,-0.00439771264791,reconstructions/d4edbcc97ec00f079508e13004cf8c0e01806e2a1c89e0eb93c0e8df45158196/tv-mask-0.1875-0-1.pt
d4edbcc97ec00f079508e13004cf8c0e01806e2a1c89e0eb93c0e8df45158196,3edb09d41378dfae155626fe72b75a2c4bde6a58,cff553233941e75169564d196f318bbdd728713e0809f049f5ada55d92b57e1e,7e25783c0a7c26e9b9f205121679098986989cb4fa109a54923972afe75d60ce,ac6168d8c51a9220ff3b88b5de5c6038c357dcd1c8a36c2a1f201e2293e484e8,False,dps,mask,0.1875,0,1,0.03,0.03,0.1875,0.25,13.019310695,0.108325097986,0.508733332157,0.413396000862,0.415942370892,0.00254637002945,reconstructions/d4edbcc97ec00f079508e13004cf8c0e01806e2a1c89e0eb93c0e8df45158196/dps-mask-0.1875-0-1.pt
d4edbcc97ec00f079508e13004cf8c0e01806e2a1c89e0eb93c0e8df45158196,3edb09d41378dfae155626fe72b75a2c4bde6a58,cff553233941e75169564d196f318bbdd728713e0809f049f5ada55d92b57e1e,7e25783c0a7c26e9b9f205121679098986989cb4fa109a54923972afe75d60ce,ac6168d8c51a9220ff3b88b5de5c6038c357dcd1c8a36c2a1f201e2293e484e8,False,diffpir,mask,0.1875,0,1,0.03,0.03,0.1875,0.25,6.26767698225,0.0114834274931,0.762902259827,0.289720505476,0.413470804691,0.123750299215,reconstructions/d4edbcc97ec00f079508e13004cf8c0e01806e2a1c89e0eb93c0e8df45158196/diffpir-mask-0.1875-0-1.pt
d4edbcc97ec00f079508e13004cf8c0e01806e2a1c89e0eb93c0e8df45158196,3edb09d41378dfae155626fe72b75a2c4bde6a58,cff553233941e75169564d196f318bbdd728713e0809f049f5ada55d92b57e1e,7e25783c0a7c26e9b9f205121679098986989cb4fa109a54923972afe75d60ce,ac6168d8c51a9220ff3b88b5de5c6038c357dcd1c8a36c2a1f201e2293e484e8,False,pigdm,mask,0.1875,0,1,0.03,0.03,0.1875,0.25,23.8326511017,0.502622684516,0.389277398586,0.0796939209104,0.0772591754794,-0.00243474543095,reconstructions/d4edbcc97ec00f079508e13004cf8c0e01806e2a1c89e0eb93c0e8df45158196/pigdm-mask-0.1875-0-1.pt
d4edbcc97ec00f079508e13004cf8c0e01806e2a1c89e0eb93c0e8df45158196,3edb09d41378dfae155626fe72b75a2c4bde6a58,cff553233941e75169564d196f318bbdd728713e0809f049f5ada55d92b57e1e,7e25783c0a7c26e9b9f205121679098986989cb4fa109a54923972afe75d60ce,ac6168d8c51a9220ff3b88b5de5c6038c357dcd1c8a36c2a1f201e2293e484e8,False,zero_filled,mask,0.1875,0,2,0.03,0.03,0.1875,0.25,18.7267968132,0.524465934207,0.260866940022,0.126109153032,0.126109153032,0,reconstructions/d4edbcc97ec00f079508e13004cf8c0e01806e2a1c89e0eb93c0e8df45158196/zero_filled-mask-0.1875-0-2.pt
d4edbcc97ec00f079508e13004cf8c0e01806e2a1c89e0eb93c0e8df45158196,3edb09d41378dfae155626fe72b75a2c4bde6a58,cff553233941e75169564d196f318bbdd728713e0809f049f5ada55d92b57e1e,7e25783c0a7c26e9b9f205121679098986989cb4fa109a54923972afe75d60ce,ac6168d8c51a9220ff3b88b5de5c6038c357dcd1c8a36c2a1f201e2293e484e8,False,tv,mask,0.1875,0,2,0.03,0.03,0.1875,0.25,19.9445068778,0.636062169128,0.121317006648,0.119710616767,0.107885703444,-0.0118249133229,reconstructions/d4edbcc97ec00f079508e13004cf8c0e01806e2a1c89e0eb93c0e8df45158196/tv-mask-0.1875-0-2.pt
d4edbcc97ec00f079508e13004cf8c0e01806e2a1c89e0eb93c0e8df45158196,3edb09d41378dfae155626fe72b75a2c4bde6a58,cff553233941e75169564d196f318bbdd728713e0809f049f5ada55d92b57e1e,7e25783c0a7c26e9b9f205121679098986989cb4fa109a54923972afe75d60ce,ac6168d8c51a9220ff3b88b5de5c6038c357dcd1c8a36c2a1f201e2293e484e8,False,dps,mask,0.1875,0,2,0.03,0.03,0.1875,0.25,11.3978223519,0.184920963696,0.151158198714,0.559105157852,0.561902821064,0.00279766321182,reconstructions/d4edbcc97ec00f079508e13004cf8c0e01806e2a1c89e0eb93c0e8df45158196/dps-mask-0.1875-0-2.pt
d4edbcc97ec00f079508e13004cf8c0e01806e2a1c89e0eb93c0e8df45158196,3edb09d41378dfae155626fe72b75a2c4bde6a58,cff553233941e75169564d196f318bbdd728713e0809f049f5ada55d92b57e1e,7e25783c0a7c26e9b9f205121679098986989cb4fa109a54923972afe75d60ce,ac6168d8c51a9220ff3b88b5de5c6038c357dcd1c8a36c2a1f201e2293e484e8,False,diffpir,mask,0.1875,0,2,0.03,0.03,0.1875,0.25,4.52386371889,0.0313344938074,0.952997267246,0.858245193958,0.927021741867,0.0687765479088,reconstructions/d4edbcc97ec00f079508e13004cf8c0e01806e2a1c89e0eb93c0e8df45158196/diffpir-mask-0.1875-0-2.pt
d4edbcc97ec00f079508e13004cf8c0e01806e2a1c89e0eb93c0e8df45158196,3edb09d41378dfae155626fe72b75a2c4bde6a58,cff553233941e75169564d196f318bbdd728713e0809f049f5ada55d92b57e1e,7e25783c0a7c26e9b9f205121679098986989cb4fa109a54923972afe75d60ce,ac6168d8c51a9220ff3b88b5de5c6038c357dcd1c8a36c2a1f201e2293e484e8,False,pigdm,mask,0.1875,0,2,0.03,0.03,0.1875,0.25,16.6629202081,0.473133823608,0.142727077007,0.2544067204,0.248439177871,-0.00596754252911,reconstructions/d4edbcc97ec00f079508e13004cf8c0e01806e2a1c89e0eb93c0e8df45158196/pigdm-mask-0.1875-0-2.pt
d4edbcc97ec00f079508e13004cf8c0e01806e2a1c89e0eb93c0e8df45158196,3edb09d41378dfae155626fe72b75a2c4bde6a58,cff553233941e75169564d196f318bbdd728713e0809f049f5ada55d92b57e1e,7e25783c0a7c26e9b9f205121679098986989cb4fa109a54923972afe75d60ce,ac6168d8c51a9220ff3b88b5de5c6038c357dcd1c8a36c2a1f201e2293e484e8,False,zero_filled,mask,0.1875,0,3,0.03,0.03,0.1875,0.25,21.1741536516,0.604969688384,0.346085608006,0.0660811513662,0.0660811513662,0,reconstructions/d4edbcc97ec00f079508e13004cf8c0e01806e2a1c89e0eb93c0e8df45158196/zero_filled-mask-0.1875-0-3.pt
d4edbcc97ec00f079508e13004cf8c0e01806e2a1c89e0eb93c0e8df45158196,3edb09d41378dfae155626fe72b75a2c4bde6a58,cff553233941e75169564d196f318bbdd728713e0809f049f5ada55d92b57e1e,7e25783c0a7c26e9b9f205121679098986989cb4fa109a54923972afe75d60ce,ac6168d8c51a9220ff3b88b5de5c6038c357dcd1c8a36c2a1f201e2293e484e8,False,tv,mask,0.1875,0,3,0.03,0.03,0.1875,0.25,22.4909607682,0.638099888875,0.2166197896,0.0621869005263,0.0570209398866,-0.00516596063972,reconstructions/d4edbcc97ec00f079508e13004cf8c0e01806e2a1c89e0eb93c0e8df45158196/tv-mask-0.1875-0-3.pt
d4edbcc97ec00f079508e13004cf8c0e01806e2a1c89e0eb93c0e8df45158196,3edb09d41378dfae155626fe72b75a2c4bde6a58,cff553233941e75169564d196f318bbdd728713e0809f049f5ada55d92b57e1e,7e25783c0a7c26e9b9f205121679098986989cb4fa109a54923972afe75d60ce,ac6168d8c51a9220ff3b88b5de5c6038c357dcd1c8a36c2a1f201e2293e484e8,False,dps,mask,0.1875,0,3,0.03,0.03,0.1875,0.25,5.56143748366,0.0364700729004,0.593817949295,0.839985191822,0.840742230415,0.000757038593292,reconstructions/d4edbcc97ec00f079508e13004cf8c0e01806e2a1c89e0eb93c0e8df45158196/dps-mask-0.1875-0-3.pt
d4edbcc97ec00f079508e13004cf8c0e01806e2a1c89e0eb93c0e8df45158196,3edb09d41378dfae155626fe72b75a2c4bde6a58,cff553233941e75169564d196f318bbdd728713e0809f049f5ada55d92b57e1e,7e25783c0a7c26e9b9f205121679098986989cb4fa109a54923972afe75d60ce,ac6168d8c51a9220ff3b88b5de5c6038c357dcd1c8a36c2a1f201e2293e484e8,False,diffpir,mask,0.1875,0,3,0.03,0.03,0.1875,0.25,5.54897201514,0.00704717146566,0.940625369549,0.370460778475,0.434316128492,0.0638553500175,reconstructions/d4edbcc97ec00f079508e13004cf8c0e01806e2a1c89e0eb93c0e8df45158196/diffpir-mask-0.1875-0-3.pt
d4edbcc97ec00f079508e13004cf8c0e01806e2a1c89e0eb93c0e8df45158196,3edb09d41378dfae155626fe72b75a2c4bde6a58,cff553233941e75169564d196f318bbdd728713e0809f049f5ada55d92b57e1e,7e25783c0a7c26e9b9f205121679098986989cb4fa109a54923972afe75d60ce,ac6168d8c51a9220ff3b88b5de5c6038c357dcd1c8a36c2a1f201e2293e484e8,False,pigdm,mask,0.1875,0,3,0.03,0.03,0.1875,0.25,20.5508135115,0.534360301612,0.196250349283,0.0754791796207,0.0781215578318,0.00264237821102,reconstructions/d4edbcc97ec00f079508e13004cf8c0e01806e2a1c89e0eb93c0e8df45158196/pigdm-mask-0.1875-0-3.pt
d4edbcc97ec00f079508e13004cf8c0e01806e2a1c89e0eb93c0e8df45158196,3edb09d41378dfae155626fe72b75a2c4bde6a58,cff553233941e75169564d196f318bbdd728713e0809f049f5ada55d92b57e1e,7e25783c0a7c26e9b9f205121679098986989cb4fa109a54923972afe75d60ce,ac6168d8c51a9220ff3b88b5de5c6038c357dcd1c8a36c2a1f201e2293e484e8,False,zero_filled,mask,0.1875,0,4,0.03,0.03,0.1875,0.25,20.7992378735,0.679467134715,0.26277410984,0.0631897300482,0.0631897300482,0,reconstructions/d4edbcc97ec00f079508e13004cf8c0e01806e2a1c89e0eb93c0e8df45158196/zero_filled-mask-0.1875-0-4.pt
d4edbcc97ec00f079508e13004cf8c0e01806e2a1c89e0eb93c0e8df45158196,3edb09d41378dfae155626fe72b75a2c4bde6a58,cff553233941e75169564d196f318bbdd728713e0809f049f5ada55d92b57e1e,7e25783c0a7c26e9b9f205121679098986989cb4fa109a54923972afe75d60ce,ac6168d8c51a9220ff3b88b5de5c6038c357dcd1c8a36c2a1f201e2293e484e8,False,tv,mask,0.1875,0,4,0.03,0.03,0.1875,0.25,21.5009946276,0.68895320336,0.106719136238,0.0592488795519,0.0555046387017,-0.00374424085021,reconstructions/d4edbcc97ec00f079508e13004cf8c0e01806e2a1c89e0eb93c0e8df45158196/tv-mask-0.1875-0-4.pt
d4edbcc97ec00f079508e13004cf8c0e01806e2a1c89e0eb93c0e8df45158196,3edb09d41378dfae155626fe72b75a2c4bde6a58,cff553233941e75169564d196f318bbdd728713e0809f049f5ada55d92b57e1e,7e25783c0a7c26e9b9f205121679098986989cb4fa109a54923972afe75d60ce,ac6168d8c51a9220ff3b88b5de5c6038c357dcd1c8a36c2a1f201e2293e484e8,False,dps,mask,0.1875,0,4,0.03,0.03,0.1875,0.25,10.9435047141,0.111481079758,0.216850623488,0.406534850597,0.406134337187,-0.000400513410568,reconstructions/d4edbcc97ec00f079508e13004cf8c0e01806e2a1c89e0eb93c0e8df45158196/dps-mask-0.1875-0-4.pt
d4edbcc97ec00f079508e13004cf8c0e01806e2a1c89e0eb93c0e8df45158196,3edb09d41378dfae155626fe72b75a2c4bde6a58,cff553233941e75169564d196f318bbdd728713e0809f049f5ada55d92b57e1e,7e25783c0a7c26e9b9f205121679098986989cb4fa109a54923972afe75d60ce,ac6168d8c51a9220ff3b88b5de5c6038c357dcd1c8a36c2a1f201e2293e484e8,False,diffpir,mask,0.1875,0,4,0.03,0.03,0.1875,0.25,5.22623527792,0.0100272728969,0.994039833546,0.413531064987,0.465931087732,0.0524000227451,reconstructions/d4edbcc97ec00f079508e13004cf8c0e01806e2a1c89e0eb93c0e8df45158196/diffpir-mask-0.1875-0-4.pt
d4edbcc97ec00f079508e13004cf8c0e01806e2a1c89e0eb93c0e8df45158196,3edb09d41378dfae155626fe72b75a2c4bde6a58,cff553233941e75169564d196f318bbdd728713e0809f049f5ada55d92b57e1e,7e25783c0a7c26e9b9f205121679098986989cb4fa109a54923972afe75d60ce,ac6168d8c51a9220ff3b88b5de5c6038c357dcd1c8a36c2a1f201e2293e484e8,False,pigdm,mask,0.1875,0,4,0.03,0.03,0.1875,0.25,21.7110616294,0.679805044166,0.0719177797437,0.0680872052908,0.0615919902921,-0.00649521499872,reconstructions/d4edbcc97ec00f079508e13004cf8c0e01806e2a1c89e0eb93c0e8df45158196/pigdm-mask-0.1875-0-4.pt
d4edbcc97ec00f079508e13004cf8c0e01806e2a1c89e0eb93c0e8df45158196,3edb09d41378dfae155626fe72b75a2c4bde6a58,cff553233941e75169564d196f318bbdd728713e0809f049f5ada55d92b57e1e,7e25783c0a7c26e9b9f205121679098986989cb4fa109a54923972afe75d60ce,ac6168d8c51a9220ff3b88b5de5c6038c357dcd1c8a36c2a1f201e2293e484e8,False,zero_filled,mask,0.1875,0,5,0.03,0.03,0.1875,0.25,21.0470223088,0.569732101427,0.466830819845,0.0606724619865,0.0606724619865,0,reconstructions/d4edbcc97ec00f079508e13004cf8c0e01806e2a1c89e0eb93c0e8df45158196/zero_filled-mask-0.1875-0-5.pt
d4edbcc97ec00f079508e13004cf8c0e01806e2a1c89e0eb93c0e8df45158196,3edb09d41378dfae155626fe72b75a2c4bde6a58,cff553233941e75169564d196f318bbdd728713e0809f049f5ada55d92b57e1e,7e25783c0a7c26e9b9f205121679098986989cb4fa109a54923972afe75d60ce,ac6168d8c51a9220ff3b88b5de5c6038c357dcd1c8a36c2a1f201e2293e484e8,False,tv,mask,0.1875,0,5,0.03,0.03,0.1875,0.25,21.3603196343,0.534546425012,0.296195089817,0.0623585879803,0.0607033036649,-0.00165528431535,reconstructions/d4edbcc97ec00f079508e13004cf8c0e01806e2a1c89e0eb93c0e8df45158196/tv-mask-0.1875-0-5.pt
d4edbcc97ec00f079508e13004cf8c0e01806e2a1c89e0eb93c0e8df45158196,3edb09d41378dfae155626fe72b75a2c4bde6a58,cff553233941e75169564d196f318bbdd728713e0809f049f5ada55d92b57e1e,7e25783c0a7c26e9b9f205121679098986989cb4fa109a54923972afe75d60ce,ac6168d8c51a9220ff3b88b5de5c6038c357dcd1c8a36c2a1f201e2293e484e8,False,dps,mask,0.1875,0,5,0.03,0.03,0.1875,0.25,9.73769169717,0.0819440283941,0.657094120979,0.462035655975,0.461671173573,-0.000364482402802,reconstructions/d4edbcc97ec00f079508e13004cf8c0e01806e2a1c89e0eb93c0e8df45158196/dps-mask-0.1875-0-5.pt
d4edbcc97ec00f079508e13004cf8c0e01806e2a1c89e0eb93c0e8df45158196,3edb09d41378dfae155626fe72b75a2c4bde6a58,cff553233941e75169564d196f318bbdd728713e0809f049f5ada55d92b57e1e,7e25783c0a7c26e9b9f205121679098986989cb4fa109a54923972afe75d60ce,ac6168d8c51a9220ff3b88b5de5c6038c357dcd1c8a36c2a1f201e2293e484e8,False,diffpir,mask,0.1875,0,5,0.03,0.03,0.1875,0.25,5.55725382521,0.00232217685643,0.871694087982,0.346135884523,0.395124346018,0.0489884614944,reconstructions/d4edbcc97ec00f079508e13004cf8c0e01806e2a1c89e0eb93c0e8df45158196/diffpir-mask-0.1875-0-5.pt
d4edbcc97ec00f079508e13004cf8c0e01806e2a1c89e0eb93c0e8df45158196,3edb09d41378dfae155626fe72b75a2c4bde6a58,cff553233941e75169564d196f318bbdd728713e0809f049f5ada55d92b57e1e,7e25783c0a7c26e9b9f205121679098986989cb4fa109a54923972afe75d60ce,ac6168d8c51a9220ff3b88b5de5c6038c357dcd1c8a36c2a1f201e2293e484e8,False,pigdm,mask,0.1875,0,5,0.03,0.03,0.1875,0.25,20.6329432985,0.468002092967,0.251889944077,0.0718217864633,0.0720669105649,0.000245124101639,reconstructions/d4edbcc97ec00f079508e13004cf8c0e01806e2a1c89e0eb93c0e8df45158196/pigdm-mask-0.1875-0-5.pt
d4edbcc97ec00f079508e13004cf8c0e01806e2a1c89e0eb93c0e8df45158196,3edb09d41378dfae155626fe72b75a2c4bde6a58,cff553233941e75169564d196f318bbdd728713e0809f049f5ada55d92b57e1e,7e25783c0a7c26e9b9f205121679098986989cb4fa109a54923972afe75d60ce,ac6168d8c51a9220ff3b88b5de5c6038c357dcd1c8a36c2a1f201e2293e484e8,False,zero_filled,mask,0.1875,0,6,0.03,0.03,0.1875,0.25,17.3456703321,0.464001677392,0.353310227394,0.136020153761,0.136020153761,0,reconstructions/d4edbcc97ec00f079508e13004cf8c0e01806e2a1c89e0eb93c0e8df45158196/zero_filled-mask-0.1875-0-6.pt
d4edbcc97ec00f079508e13004cf8c0e01806e2a1c89e0eb93c0e8df45158196,3edb09d41378dfae155626fe72b75a2c4bde6a58,cff553233941e75169564d196f318bbdd728713e0809f049f5ada55d92b57e1e,7e25783c0a7c26e9b9f205121679098986989cb4fa109a54923972afe75d60ce,ac6168d8c51a9220ff3b88b5de5c6038c357dcd1c8a36c2a1f201e2293e484e8,False,tv,mask,0.1875,0,6,0.03,0.03,0.1875,0.25,18.0977027355,0.557141544496,0.176507294178,0.127516627312,0.114409282804,-0.0131073445082,reconstructions/d4edbcc97ec00f079508e13004cf8c0e01806e2a1c89e0eb93c0e8df45158196/tv-mask-0.1875-0-6.pt
d4edbcc97ec00f079508e13004cf8c0e01806e2a1c89e0eb93c0e8df45158196,3edb09d41378dfae155626fe72b75a2c4bde6a58,cff553233941e75169564d196f318bbdd728713e0809f049f5ada55d92b57e1e,7e25783c0a7c26e9b9f205121679098986989cb4fa109a54923972afe75d60ce,ac6168d8c51a9220ff3b88b5de5c6038c357dcd1c8a36c2a1f201e2293e484e8,False,dps,mask,0.1875,0,6,0.03,0.03,0.1875,0.25,8.37877655822,0.00889177734956,0.534753501415,0.894574820995,0.894763469696,0.000188648700714,reconstructions/d4edbcc97ec00f079508e13004cf8c0e01806e2a1c89e0eb93c0e8df45158196/dps-mask-0.1875-0-6.pt
d4edbcc97ec00f079508e13004cf8c0e01806e2a1c89e0eb93c0e8df45158196,3edb09d41378dfae155626fe72b75a2c4bde6a58,cff553233941e75169564d196f318bbdd728713e0809f049f5ada55d92b57e1e,7e25783c0a7c26e9b9f205121679098986989cb4fa109a54923972afe75d60ce,ac6168d8c51a9220ff3b88b5de5c6038c357dcd1c8a36c2a1f201e2293e484e8,False,diffpir,mask,0.1875,0,6,0.03,0.03,0.1875,0.25,4.42877773341,0.0140345257998,0.919608294964,0.90323227644,0.979179024696,0.0759467482567,reconstructions/d4edbcc97ec00f079508e13004cf8c0e01806e2a1c89e0eb93c0e8df45158196/diffpir-mask-0.1875-0-6.pt
d4edbcc97ec00f079508e13004cf8c0e01806e2a1c89e0eb93c0e8df45158196,3edb09d41378dfae155626fe72b75a2c4bde6a58,cff553233941e75169564d196f318bbdd728713e0809f049f5ada55d92b57e1e,7e25783c0a7c26e9b9f205121679098986989cb4fa109a54923972afe75d60ce,ac6168d8c51a9220ff3b88b5de5c6038c357dcd1c8a36c2a1f201e2293e484e8,False,pigdm,mask,0.1875,0,6,0.03,0.03,0.1875,0.25,15.5793255109,0.427747742197,0.198117464781,0.30551019311,0.29598069191,-0.00952950119972,reconstructions/d4edbcc97ec00f079508e13004cf8c0e01806e2a1c89e0eb93c0e8df45158196/pigdm-mask-0.1875-0-6.pt
d4edbcc97ec00f079508e13004cf8c0e01806e2a1c89e0eb93c0e8df45158196,3edb09d41378dfae155626fe72b75a2c4bde6a58,cff553233941e75169564d196f318bbdd728713e0809f049f5ada55d92b57e1e,7e25783c0a7c26e9b9f205121679098986989cb4fa109a54923972afe75d60ce,ac6168d8c51a9220ff3b88b5de5c6038c357dcd1c8a36c2a1f201e2293e484e8,False,zero_filled,mask,0.1875,0,7,0.03,0.03,0.1875,0.25,19.7556846263,0.581369913125,0.251698195934,0.105094581842,0.105094581842,0,reconstructions/d4edbcc97ec00f079508e13004cf8c0e01806e2a1c89e0eb93c0e8df45158196/zero_filled-mask-0.1875-0-7.pt
d4edbcc97ec00f079508e13004cf8c0e01806e2a1c89e0eb93c0e8df45158196,3edb09d41378dfae155626fe72b75a2c4bde6a58,cff553233941e75169564d196f318bbdd728713e0809f049f5ada55d92b57e1e,7e25783c0a7c26e9b9f205121679098986989cb4fa109a54923972afe75d60ce,ac6168d8c51a9220ff3b88b5de5c6038c357dcd1c8a36c2a1f201e2293e484e8,False,tv,mask,0.1875,0,7,0.03,0.03,0.1875,0.25,20.3063359882,0.636276210776,0.142269074917,0.0982283875346,0.0960869863629,-0.00214140117168,reconstructions/d4edbcc97ec00f079508e13004cf8c0e01806e2a1c89e0eb93c0e8df45158196/tv-mask-0.1875-0-7.pt
d4edbcc97ec00f079508e13004cf8c0e01806e2a1c89e0eb93c0e8df45158196,3edb09d41378dfae155626fe72b75a2c4bde6a58,cff553233941e75169564d196f318bbdd728713e0809f049f5ada55d92b57e1e,7e25783c0a7c26e9b9f205121679098986989cb4fa109a54923972afe75d60ce,ac6168d8c51a9220ff3b88b5de5c6038c357dcd1c8a36c2a1f201e2293e484e8,False,dps,mask,0.1875,0,7,0.03,0.03,0.1875,0.25,6.78313069908,-0.0385890992039,0.379781603813,1.00169014931,1.00238263607,0.000692486763,reconstructions/d4edbcc97ec00f079508e13004cf8c0e01806e2a1c89e0eb93c0e8df45158196/dps-mask-0.1875-0-7.pt
d4edbcc97ec00f079508e13004cf8c0e01806e2a1c89e0eb93c0e8df45158196,3edb09d41378dfae155626fe72b75a2c4bde6a58,cff553233941e75169564d196f318bbdd728713e0809f049f5ada55d92b57e1e,7e25783c0a7c26e9b9f205121679098986989cb4fa109a54923972afe75d60ce,ac6168d8c51a9220ff3b88b5de5c6038c357dcd1c8a36c2a1f201e2293e484e8,False,diffpir,mask,0.1875,0,7,0.03,0.03,0.1875,0.25,4.76816925919,0.00252300913461,0.981494128704,0.751474380493,0.842203736305,0.0907293558121,reconstructions/d4edbcc97ec00f079508e13004cf8c0e01806e2a1c89e0eb93c0e8df45158196/diffpir-mask-0.1875-0-7.pt
d4edbcc97ec00f079508e13004cf8c0e01806e2a1c89e0eb93c0e8df45158196,3edb09d41378dfae155626fe72b75a2c4bde6a58,cff553233941e75169564d196f318bbdd728713e0809f049f5ada55d92b57e1e,7e25783c0a7c26e9b9f205121679098986989cb4fa109a54923972afe75d60ce,ac6168d8c51a9220ff3b88b5de5c6038c357dcd1c8a36c2a1f201e2293e484e8,False,pigdm,mask,0.1875,0,7,0.03,0.03,0.1875,0.25,19.1025427061,0.484509692201,0.152473524213,0.166790038347,0.161294996738,-0.00549504160881,reconstructions/d4edbcc97ec00f079508e13004cf8c0e01806e2a1c89e0eb93c0e8df45158196/pigdm-mask-0.1875-0-7.pt
d4edbcc97ec00f079508e13004cf8c0e01806e2a1c89e0eb93c0e8df45158196,3edb09d41378dfae155626fe72b75a2c4bde6a58,cff553233941e75169564d196f318bbdd728713e0809f049f5ada55d92b57e1e,7e25783c0a7c26e9b9f205121679098986989cb4fa109a54923972afe75d60ce,ac6168d8c51a9220ff3b88b5de5c6038c357dcd1c8a36c2a1f201e2293e484e8,False,zero_filled,mask,0.1875,1,0,0.03,0.03,0.1875,0.25,21.9129784998,0.613801869375,0.27739661932,0.0499891079962,0.0483524128795,-0.00163669511676,reconstructions/d4edbcc97ec00f079508e13004cf8c0e01806e2a1c89e0eb93c0e8df45158196/zero_filled-mask-0.1875-1-0.pt
d4edbcc97ec00f079508e13004cf8c0e01806e2a1c89e0eb93c0e8df45158196,3edb09d41378dfae155626fe72b75a2c4bde6a58,cff553233941e75169564d196f318bbdd728713e0809f049f5ada55d92b57e1e,7e25783c0a7c26e9b9f205121679098986989cb4fa109a54923972afe75d60ce,ac6168d8c51a9220ff3b88b5de5c6038c357dcd1c8a36c2a1f201e2293e484e8,False,tv,mask,0.1875,1,0,0.03,0.03,0.1875,0.25,22.3393117602,0.610161495256,0.159763336182,0.0505035929382,0.0495138354599,-0.000989757478237,reconstructions/d4edbcc97ec00f079508e13004cf8c0e01806e2a1c89e0eb93c0e8df45158196/tv-mask-0.1875-1-0.pt
d4edbcc97ec00f079508e13004cf8c0e01806e2a1c89e0eb93c0e8df45158196,3edb09d41378dfae155626fe72b75a2c4bde6a58,cff553233941e75169564d196f318bbdd728713e0809f049f5ada55d92b57e1e,7e25783c0a7c26e9b9f205121679098986989cb4fa109a54923972afe75d60ce,ac6168d8c51a9220ff3b88b5de5c6038c357dcd1c8a36c2a1f201e2293e484e8,False,dps,mask,0.1875,1,0,0.03,0.03,0.1875,0.25,10.2151393674,0.11319048685,0.33997553587,0.470806568861,0.469102621078,-0.00170394778252,reconstructions/d4edbcc97ec00f079508e13004cf8c0e01806e2a1c89e0eb93c0e8df45158196/dps-mask-0.1875-1-0.pt
d4edbcc97ec00f079508e13004cf8c0e01806e2a1c89e0eb93c0e8df45158196,3edb09d41378dfae155626fe72b75a2c4bde6a58,cff553233941e75169564d196f318bbdd728713e0809f049f5ada55d92b57e1e,7e25783c0a7c26e9b9f205121679098986989cb4fa109a54923972afe75d60ce,ac6168d8c51a9220ff3b88b5de5c6038c357dcd1c8a36c2a1f201e2293e484e8,False,diffpir,mask,0.1875,1,0,0.03,0.03,0.1875,0.25,5.84858439851,0.00574130364433,1.00521016121,0.310514301062,0.379333049059,0.0688187479973,reconstructions/d4edbcc97ec00f079508e13004cf8c0e01806e2a1c89e0eb93c0e8df45158196/diffpir-mask-0.1875-1-0.pt
d4edbcc97ec00f079508e13004cf8c0e01806e2a1c89e0eb93c0e8df45158196,3edb09d41378dfae155626fe72b75a2c4bde6a58,cff553233941e75169564d196f318bbdd728713e0809f049f5ada55d92b57e1e,7e25783c0a7c26e9b9f205121679098986989cb4fa109a54923972afe75d60ce,ac6168d8c51a9220ff3b88b5de5c6038c357dcd1c8a36c2a1f201e2293e484e8,False,pigdm,mask,0.1875,1,0,0.03,0.03,0.1875,0.25,21.9129389772,0.573499397954,0.140084147453,0.0616394728422,0.0585986860096,-0.00304078683257,reconstructions/d4edbcc97ec00f079508e13004cf8c0e01806e2a1c89e0eb93c0e8df45158196/pigdm-mask-0.1875-1-0.pt
d4edbcc97ec00f079508e13004cf8c0e01806e2a1c89e0eb93c0e8df45158196,3edb09d41378dfae155626fe72b75a2c4bde6a58,cff553233941e75169564d196f318bbdd728713e0809f049f5ada55d92b57e1e,7e25783c0a7c26e9b9f205121679098986989cb4fa109a54923972afe75d60ce,ac6168d8c51a9220ff3b88b5de5c6038c357dcd1c8a36c2a1f201e2293e484e8,False,zero_filled,mask,0.1875,1,1,0.03,0.03,0.1875,0.25,24.3034480286,0.638442502239,0.522921562195,0.0566263236105,0.0545600764453,-0.0020662471652,reconstructions/d4edbcc97ec00f079508e13004cf8c0e01806e2a1c89e0eb93c0e8df45158196/zero_filled-mask-0.1875-1-1.pt
d4edbcc97ec00f079508e13004cf8c0e01806e2a1c89e0eb93c0e8df45158196,3edb09d41378dfae155626fe72b75a2c4bde6a58,cff553233941e75169564d196f318bbdd728713e0809f049f5ada55d92b57e1e,7e25783c0a7c26e9b9f205121679098986989cb4fa109a54923972afe75d60ce,ac6168d8c51a9220ff3b88b5de5c6038c357dcd1c8a36c2a1f201e2293e484e8,False,tv,mask,0.1875,1,1,0.03,0.03,0.1875,0.25,24.5764690832,0.585201073564,0.416015148163,0.0625615119934,0.0608707331121,-0.00169077888131,reconstructions/d4edbcc97ec00f079508e13004cf8c0e01806e2a1c89e0eb93c0e8df45158196/tv-mask-0.1875-1-1.pt
d4edbcc97ec00f079508e13004cf8c0e01806e2a1c89e0eb93c0e8df45158196,3edb09d41378dfae155626fe72b75a2c4bde6a58,cff553233941e75169564d196f318bbdd728713e0809f049f5ada55d92b57e1e,7e25783c0a7c26e9b9f205121679098986989cb4fa109a54923972afe75d60ce,ac6168d8c51a9220ff3b88b5de5c6038c357dcd1c8a36c2a1f201e2293e484e8,False,dps,mask,0.1875,1,1,0.03,0.03,0.1875,0.25,8.34982345878,0.0285099294009,0.583876550198,0.751154959202,0.74814170599,-0.00301325321198,reconstructions/d4edbcc97ec00f079508e13004cf8c0e01806e2a1c89e0eb93c0e8df45158196/dps-mask-0.1875-1-1.pt
d4edbcc97ec00f079508e13004cf8c0e01806e2a1c89e0eb93c0e8df45158196,3edb09d41378dfae155626fe72b75a2c4bde6a58,cff553233941e75169564d196f318bbdd728713e0809f049f5ada55d92b57e1e,7e25783c0a7c26e9b9f205121679098986989cb4fa109a54923972afe75d60ce,ac6168d8c51a9220ff3b88b5de5c6038c357dcd1c8a36c2a1f201e2293e484e8,False,diffpir,mask,0.1875,1,1,0.03,0.03,0.1875,0.25,6.23257110159,0.00966621843909,0.759584903717,0.290170639753,0.414387732744,0.124217092991,reconstructions/d4edbcc97ec00f079508e13004cf8c0e01806e2a1c89e0eb93c0e8df45158196/diffpir-mask-0.1875-1-1.pt
d4edbcc97ec00f079508e13004cf8c0e01806e2a1c89e0eb93c0e8df45158196,3edb09d41378dfae155626fe72b75a2c4bde6a58,cff553233941e75169564d196f318bbdd728713e0809f049f5ada55d92b57e1e,7e25783c0a7c26e9b9f205121679098986989cb4fa109a54923972afe75d60ce,ac6168d8c51a9220ff3b88b5de5c6038c357dcd1c8a36c2a1f201e2293e484e8,False,pigdm,mask,0.1875,1,1,0.03,0.03,0.1875,0.25,23.773015908,0.529612516913,0.312482535839,0.0747154280543,0.0731470957398,-0.00156833231449,reconstructions/d4edbcc97ec00f079508e13004cf8c0e01806e2a1c89e0eb93c0e8df45158196/pigdm-mask-0.1875-1-1.pt
d4edbcc97ec00f079508e13004cf8c0e01806e2a1c89e0eb93c0e8df45158196,3edb09d41378dfae155626fe72b75a2c4bde6a58,cff553233941e75169564d196f318bbdd728713e0809f049f5ada55d92b57e1e,7e25783c0a7c26e9b9f205121679098986989cb4fa109a54923972afe75d60ce,ac6168d8c51a9220ff3b88b5de5c6038c357dcd1c8a36c2a1f201e2293e484e8,False,zero_filled,mask,0.1875,1,2,0.03,0.03,0.1875,0.25,18.7315423184,0.529564614496,0.250321805477,0.099864423275,0.0960270613432,-0.0038373619318,reconstructions/d4edbcc97ec00f079508e13004cf8c0e01806e2a1c89e0eb93c0e8df45158196/zero_filled-mask-0.1875-1-2.pt
d4edbcc97ec00f079508e13004cf8c0e01806e2a1c89e0eb93c0e8df45158196,3edb09d41378dfae155626fe72b75a2c4bde6a58,cff553233941e75169564d196f318bbdd728713e0809f049f5ada55d92b57e1e,7e25783c0a7c26e9b9f205121679098986989cb4fa109a54923972afe75d60ce,ac6168d8c51a9220ff3b88b5de5c6038c357dcd1c8a36c2a1f201e2293e484e8,False,tv,mask,0.1875,1,2,0.03,0.03,0.1875,0.25,19.6765015527,0.671940701938,0.151796221733,0.0951121225953,0.0908742472529,-0.00423787534237,reconstructions/d4edbcc97ec00f079508e13004cf8c0e01806e2a1c89e0eb93c0e8df45158196/tv-mask-0.1875-1-2.pt
d4edbcc97ec00f079508e13004cf8c0e01806e2a1c89e0eb93c0e8df45158196,3edb09d41378dfae155626fe72b75a2c4bde6a58,cff553233941e75169564d196f318bbdd728713e0809f049f5ada55d92b57e1e,7e25783c0a7c26e9b9f205121679098986989cb4fa109a54923972afe75d60ce,ac6168d8c51a9220ff3b88b5de5c6038c357dcd1c8a36c2a1f201e2293e484e8,False,dps,mask,0.1875,1,2,0.03,0.03,0.1875,0.25,9.44789136569,0.0638635399204,0.284471750259,0.746199369431,0.741250395775,-0.0049489736557,reconstructions/d4edbcc97ec00f079508e13004cf8c0e01806e2a1c89e0eb93c0e8df45158196/dps-mask-0.1875-1-2.pt
d4edbcc97ec00f079508e13004cf8c0e01806e2a1c89e0eb93c0e8df45158196,3edb09d41378dfae155626fe72b75a2c4bde6a58,cff553233941e75169564d196f318bbdd728713e0809f049f5ada55d92b57e1e,7e25783c0a7c26e9b9f205121679098986989cb4fa109a54923972afe75d60ce,ac6168d8c51a9220ff3b88b5de5c6038c357dcd1c8a36c2a1f201e2293e484e8,False,diffpir,mask,0.1875,1,2,0.03,0.03,0.1875,0.25,4.41005253675,0.0130823754515,1.00525712967,0.867616891861,0.938841998577,0.0712251067162,reconstructions/d4edbcc97ec00f079508e13004cf8c0e01806e2a1c89e0eb93c0e8df45158196/diffpir-mask-0.1875-1-2.pt
d4edbcc97ec00f079508e13004cf8c0e01806e2a1c89e0eb93c0e8df45158196,3edb09d41378dfae155626fe72b75a2c4bde6a58,cff553233941e75169564d196f318bbdd728713e0809f049f5ada55d92b57e1e,7e25783c0a7c26e9b9f205121679098986989cb4fa109a54923972afe75d60ce,ac6168d8c51a9220ff3b88b5de5c6038c357dcd1c8a36c2a1f201e2293e484e8,False,pigdm,mask,0.1875,1,2,0.03,0.03,0.1875,0.25,18.3073114904,0.507547310775,0.158144593239,0.173771336675,0.168838560581,-0.00493277609348,reconstructions/d4edbcc97ec00f079508e13004cf8c0e01806e2a1c89e0eb93c0e8df45158196/pigdm-mask-0.1875-1-2.pt
d4edbcc97ec00f079508e13004cf8c0e01806e2a1c89e0eb93c0e8df45158196,3edb09d41378dfae155626fe72b75a2c4bde6a58,cff553233941e75169564d196f318bbdd728713e0809f049f5ada55d92b57e1e,7e25783c0a7c26e9b9f205121679098986989cb4fa109a54923972afe75d60ce,ac6168d8c51a9220ff3b88b5de5c6038c357dcd1c8a36c2a1f201e2293e484e8,False,zero_filled,mask,0.1875,1,3,0.03,0.03,0.1875,0.25,21.2031539695,0.612129431895,0.308641165495,0.0554702170193,0.0536471046507,-0.00182311236858,reconstructions/d4edbcc97ec00f079508e13004cf8c0e01806e2a1c89e0eb93c0e8df45158196/zero_filled-mask-0.1875-1-3.pt
d4edbcc97ec00f079508e13004cf8c0e01806e2a1c89e0eb93c0e8df45158196,3edb09d41378dfae155626fe72b75a2c4bde6a58,cff553233941e75169564d196f318bbdd728713e0809f049f5ada55d92b57e1e,7e25783c0a7c26e9b9f205121679098986989cb4fa109a54923972afe75d60ce,ac6168d8c51a9220ff3b88b5de5c6038c357dcd1c8a36c2a1f201e2293e484e8,False,tv,mask,0.1875,1,3,0.03,0.03,0.1875,0.25,22.7009906283,0.679964752528,0.230709433556,0.0523392446339,0.0488504171371,-0.00348882749677,reconstructions/d4edbcc97ec00f079508e13004cf8c0e01806e2a1c89e0eb93c0e8df45158196/tv-mask-0.1875-1-3.pt
d4edbcc97ec00f079508e13004cf8c0e01806e2a1c89e0eb93c0e8df45158196,3edb09d41378dfae155626fe72b75a2c4bde6a58,cff553233941e75169564d196f318bbdd728713e0809f049f5ada55d92b57e1e,7e25783c0a7c26e9b9f205121679098986989cb4fa109a54923972afe75d60ce,ac6168d8c51a9220ff3b88b5de5c6038c357dcd1c8a36c2a1f201e2293e484e8,False,dps,mask,0.1875,1,3,0.03,0.03,0.1875,0.25,12.0231271681,0.151635925772,0.385615080595,0.363918840885,0.360135942698,-0.00378289818764,reconstructions/d4edbcc97ec00f079508e13004cf8c0e01806e2a1c89e0eb93c0e8df45158196/dps-mask-0.1875-1-3.pt
d4edbcc97ec00f079508e13004cf8c0e01806e2a1c89e0eb93c0e8df45158196,3edb09d41378dfae155626fe72b75a2c4bde6a58,cff553233941e75169564d196f318bbdd728713e0809f049f5ada55d92b57e1e,7e25783c0a7c26e9b9f205121679098986989cb4fa109a54923972afe75d60ce,ac6168d8c51a9220ff3b88b5de5c6038c357dcd1c8a36c2a1f201e2293e484e8,False,diffpir,mask,0.1875,1,3,0.03,0.03,0.1875,0.25,5.54682440288,0.0104386686458,1.01768064499,0.36986848712,0.443235725164,0.0733672380447,reconstructions/d4edbcc97ec00f079508e13004cf8c0e01806e2a1c89e0eb93c0e8df45158196/diffpir-mask-0.1875-1-3.pt
d4edbcc97ec00f079508e13004cf8c0e01806e2a1c89e0eb93c0e8df45158196,3edb09d41378dfae155626fe72b75a2c4bde6a58,cff553233941e75169564d196f318bbdd728713e0809f049f5ada55d92b57e1e,7e25783c0a7c26e9b9f205121679098986989cb4fa109a54923972afe75d60ce,ac6168d8c51a9220ff3b88b5de5c6038c357dcd1c8a36c2a1f201e2293e484e8,False,pigdm,mask,0.1875,1,3,0.03,0.03,0.1875,0.25,22.3680603044,0.673839234025,0.160674542189,0.0677492320538,0.0637699812651,-0.00397925078869,reconstructions/d4edbcc97ec00f079508e13004cf8c0e01806e2a1c89e0eb93c0e8df45158196/pigdm-mask-0.1875-1-3.pt
d4edbcc97ec00f079508e13004cf8c0e01806e2a1c89e0eb93c0e8df45158196,3edb09d41378dfae155626fe72b75a2c4bde6a58,cff553233941e75169564d196f318bbdd728713e0809f049f5ada55d92b57e1e,7e25783c0a7c26e9b9f205121679098986989cb4fa109a54923972afe75d60ce,ac6168d8c51a9220ff3b88b5de5c6038c357dcd1c8a36c2a1f201e2293e484e8,False,zero_filled,mask,0.1875,1,4,0.03,0.03,0.1875,0.25,20.8429576578,0.676864089989,0.204749643803,0.0510070882738,0.0489449799061,-0.00206210836768,reconstructions/d4edbcc97ec00f079508e13004cf8c0e01806e2a1c89e0eb93c0e8df45158196/zero_filled-mask-0.1875-1-4.pt
d4edbcc97ec00f079508e13004cf8c0e01806e2a1c89e0eb93c0e8df45158196,3edb09d41378dfae155626fe72b75a2c4bde6a58,cff553233941e75169564d196f318bbdd728713e0809f049f5ada55d92b57e1e,7e25783c0a7c26e9b9f205121679098986989cb4fa109a54923972afe75d60ce,ac6168d8c51a9220ff3b88b5de5c6038c357dcd1c8a36c2a1f201e2293e484e8,False,tv,mask,0.1875,1,4,0.03,0.03,0.1875,0.25,21.5677931166,0.697433734378,0.122699938715,0.0473366528749,0.0453029610217,-0.00203369185328,reconstructions/d4edbcc97ec00f079508e13004cf8c0e01806e2a1c89e0eb93c0e8df45158196/tv-mask-0.1875-1-4.pt
d4edbcc97ec00f079508e13004cf8c0e01806e2a1c89e0eb93c0e8df45158196,3edb09d41378dfae155626fe72b75a2c4bde6a58,cff553233941e75169564d196f318bbdd728713e0809f049f5ada55d92b57e1e,7e25783c0a7c26e9b9f205121679098986989cb4fa109a54923972afe75d60ce,ac6168d8c51a9220ff3b88b5de5c6038c357dcd1c8a36c2a1f201e2293e484e8,False,dps,mask,0.1875,1,4,0.03,0.03,0.1875,0.25,8.15116060906,0.0972198593242,0.471296876669,0.5787525177,0.577506005764,-0.00124651193619,reconstructions/d4edbcc97ec00f079508e13004cf8c0e01806e2a1c89e0eb93c0e8df45158196/dps-mask-0.1875-1-4.pt
d4edbcc97ec00f079508e13004cf8c0e01806e2a1c89e0eb93c0e8df45158196,3edb09d41378dfae155626fe72b75a2c4bde6a58,cff553233941e75169564d196f318bbdd728713e0809f049f5ada55d92b57e1e,7e25783c0a7c26e9b9f205121679098986989cb4fa109a54923972afe75d60ce,ac6168d8c51a9220ff3b88b5de5c6038c357dcd1c8a36c2a1f201e2293e484e8,False,diffpir,mask,0.1875,1,4,0.03,0.03,0.1875,0.25,5.27712008295,0.0201701102378,0.983057379723,0.412152796984,0.465666562319,0.0535137653351,reconstructions/d4edbcc97ec00f079508e13004cf8c0e01806e2a1c89e0eb93c0e8df45158196/diffpir-mask-0.1875-1-4.pt
d4edbcc97ec00f079508e13004cf8c0e01806e2a1c89e0eb93c0e8df45158196,3edb09d41378dfae155626fe72b75a2c4bde6a58,cff553233941e75169564d196f318bbdd728713e0809f049f5ada55d92b57e1e,7e25783c0a7c26e9b9f205121679098986989cb4fa109a54923972afe75d60ce,ac6168d8c51a9220ff3b88b5de5c6038c357dcd1c8a36c2a1f201e2293e484e8,False,pigdm,mask,0.1875,1,4,0.03,0.03,0.1875,0.25,20.8143550005,0.6531858688,0.0830732285976,0.0814457163215,0.0791741609573,-0.00227155536413,reconstructions/d4edbcc97ec00f079508e13004cf8c0e01806e2a1c89e0eb93c0e8df45158196/pigdm-mask-0.1875-1-4.pt
d4edbcc97ec00f079508e13004cf8c0e01806e2a1c89e0eb93c0e8df45158196,3edb09d41378dfae155626fe72b75a2c4bde6a58,cff553233941e75169564d196f318bbdd728713e0809f049f5ada55d92b57e1e,7e25783c0a7c26e9b9f205121679098986989cb4fa109a54923972afe75d60ce,ac6168d8c51a9220ff3b88b5de5c6038c357dcd1c8a36c2a1f201e2293e484e8,False,zero_filled,mask,0.1875,1,5,0.03,0.03,0.1875,0.25,20.9705098054,0.581153451755,0.410764485598,0.0478565245867,0.0455620102584,-0.00229451432824,reconstructions/d4edbcc97ec00f079508e13004cf8c0e01806e2a1c89e0eb93c0e8df45158196/zero_filled-mask-0.1875-1-5.pt
d4edbcc97ec00f079508e13004cf8c0e01806e2a1c89e0eb93c0e8df45158196,3edb09d41378dfae155626fe72b75a2c4bde6a58,cff553233941e75169564d196f318bbdd728713e0809f049f5ada55d92b57e1e,7e25783c0a7c26e9b9f205121679098986989cb4fa109a54923972afe75d60ce,ac6168d8c51a9220ff3b88b5de5c6038c357dcd1c8a36c2a1f201e2293e484e8,False,tv,mask,0.1875,1,5,0.03,0.03,0.1875,0.25,21.1657585174,0.53250376854,0.317431539297,0.0523151308298,0.051309954375,-0.00100517645478,reconstructions/d4edbcc97ec00f079508e13004cf8c0e01806e2a1c89e0eb93c0e8df45158196/tv-mask-0.1875-1-5.pt
d4edbcc97ec00f079508e13004cf8c0e01806e2a1c89e0eb93c0e8df45158196,3edb09d41378dfae155626fe72b75a2c4bde6a58,cff553233941e75169564d196f318bbdd728713e0809f049f5ada55d92b57e1e,7e25783c0a7c26e9b9f205121679098986989cb4fa109a54923972afe75d60ce,ac6168d8c51a9220ff3b88b5de5c6038c357dcd1c8a36c2a1f201e2293e484e8,False,dps,mask,0.1875,1,5,0.03,0.03,0.1875,0.25,8.45830057794,0.0621236716936,0.455377459526,0.519282519817,0.516046285629,-0.00323623418808,reconstructions/d4edbcc97ec00f079508e13004cf8c0e01806e2a1c89e0eb93c0e8df45158196/dps-mask-0.1875-1-5.pt
d4edbcc97ec00f079508e13004cf8c0e01806e2a1c89e0eb93c0e8df45158196,3edb09d41378dfae155626fe72b75a2c4bde6a58,cff553233941e75169564d196f318bbdd728713e0809f049f5ada55d92b57e1e,7e25783c0a7c26e9b9f205121679098986989cb4fa109a54923972afe75d60ce,ac6168d8c51a9220ff3b88b5de5c6038c357dcd1c8a36c2a1f201e2293e484e8,False,diffpir,mask,0.1875,1,5,0.03,0.03,0.1875,0.25,5.53800921885,0.00645694607836,0.870289981365,0.342473000288,0.407196372747,0.0647233724594,reconstructions/d4edbcc97ec00f079508e13004cf8c0e01806e2a1c89e0eb93c0e8df45158196/diffpir-mask-0.1875-1-5.pt
d4edbcc97ec00f079508e13004cf8c0e01806e2a1c89e0eb93c0e8df45158196,3edb09d41378dfae155626fe72b75a2c4bde6a58,cff553233941e75169564d196f318bbdd728713e0809f049f5ada55d92b57e1e,7e25783c0a7c26e9b9f205121679098986989cb4fa109a54923972afe75d60ce,ac6168d8c51a9220ff3b88b5de5c6038c357dcd1c8a36c2a1f201e2293e484e8,False,pigdm,mask,0.1875,1,5,0.03,0.03,0.1875,0.25,20.1434717972,0.466635961762,0.180186152458,0.0589985139668,0.0606503672898,0.00165185332298,reconstructions/d4edbcc97ec00f079508e13004cf8c0e01806e2a1c89e0eb93c0e8df45158196/pigdm-mask-0.1875-1-5.pt
d4edbcc97ec00f079508e13004cf8c0e01806e2a1c89e0eb93c0e8df45158196,3edb09d41378dfae155626fe72b75a2c4bde6a58,cff553233941e75169564d196f318bbdd728713e0809f049f5ada55d92b57e1e,7e25783c0a7c26e9b9f205121679098986989cb4fa109a54923972afe75d60ce,ac6168d8c51a9220ff3b88b5de5c6038c357dcd1c8a36c2a1f201e2293e484e8,False,zero_filled,mask,0.1875,1,6,0.03,0.03,0.1875,0.25,17.4633000629,0.472485867351,0.318711102009,0.123088613153,0.117374248803,-0.00571436434984,reconstructions/d4edbcc97ec00f079508e13004cf8c0e01806e2a1c89e0eb93c0e8df45158196/zero_filled-mask-0.1875-1-6.pt
d4edbcc97ec00f079508e13004cf8c0e01806e2a1c89e0eb93c0e8df45158196,3edb09d41378dfae155626fe72b75a2c4bde6a58,cff553233941e75169564d196f318bbdd728713e0809f049f5ada55d92b57e1e,7e25783c0a7c26e9b9f205121679098986989cb4fa109a54923972afe75d60ce,ac6168d8c51a9220ff3b88b5de5c6038c357dcd1c8a36c2a1f201e2293e484e8,False,tv,mask,0.1875,1,6,0.03,0.03,0.1875,0.25,18.6801009187,0.614906743522,0.166583329439,0.117006726563,0.108078755438,-0.00892797112465,reconstructions/d4edbcc97ec00f079508e13004cf8c0e01806e2a1c89e0eb93c0e8df45158196/tv-mask-0.1875-1-6.pt
d4edbcc97ec00f079508e13004cf8c0e01806e2a1c89e0eb93c0e8df45158196,3edb09d41378dfae155626fe72b75a2c4bde6a58,cff553233941e75169564d196f318bbdd728713e0809f049f5ada55d92b57e1e,7e25783c0a7c26e9b9f205121679098986989cb4fa109a54923972afe75d60ce,ac6168d8c51a9220ff3b88b5de5c6038c357dcd1c8a36c2a1f201e2293e484e8,False,dps,mask,0.1875,1,6,0.03,0.03,0.1875,0.25,5.73755394846,-0.0286853632922,0.479516506195,1.23949158192,1.23591589928,-0.00357568264008,reconstructions/d4edbcc97ec00f079508e13004cf8c0e01806e2a1c89e0eb93c0e8df45158196/dps-mask-0.1875-1-6.pt
d4edbcc97ec00f079508e13004cf8c0e01806e2a1c89e0eb93c0e8df45158196,3edb09d41378dfae155626fe72b75a2c4bde6a58,cff553233941e75169564d196f318bbdd728713e0809f049f5ada55d92b57e1e,7e25783c0a7c26e9b9f205121679098986989cb4fa109a54923972afe75d60ce,ac6168d8c51a9220ff3b88b5de5c6038c357dcd1c8a36c2a1f201e2293e484e8,False,diffpir,mask,0.1875,1,6,0.03,0.03,0.1875,0.25,4.36936413858,0.00796740932495,0.913007438183,0.915717840195,0.989943087101,0.0742252469063,reconstructions/d4edbcc97ec00f079508e13004cf8c0e01806e2a1c89e0eb93c0e8df45158196/diffpir-mask-0.1875-1-6.pt
d4edbcc97ec00f079508e13004cf8c0e01806e2a1c89e0eb93c0e8df45158196,3edb09d41378dfae155626fe72b75a2c4bde6a58,cff553233941e75169564d196f318bbdd728713e0809f049f5ada55d92b57e1e,7e25783c0a7c26e9b9f205121679098986989cb4fa109a54923972afe75d60ce,ac6168d8c51a9220ff3b88b5de5c6038c357dcd1c8a36c2a1f201e2293e484e8,False,pigdm,mask,0.1875,1,6,0.03,0.03,0.1875,0.25,17.5636209753,0.459482312454,0.16282081604,0.180080473423,0.168908238411,-0.0111722350121,reconstructions/d4edbcc97ec00f079508e13004cf8c0e01806e2a1c89e0eb93c0e8df45158196/pigdm-mask-0.1875-1-6.pt
d4edbcc97ec00f079508e13004cf8c0e01806e2a1c89e0eb93c0e8df45158196,3edb09d41378dfae155626fe72b75a2c4bde6a58,cff553233941e75169564d196f318bbdd728713e0809f049f5ada55d92b57e1e,7e25783c0a7c26e9b9f205121679098986989cb4fa109a54923972afe75d60ce,ac6168d8c51a9220ff3b88b5de5c6038c357dcd1c8a36c2a1f201e2293e484e8,False,zero_filled,mask,0.1875,1,7,0.03,0.03,0.1875,0.25,19.811302778,0.592616929156,0.225879192352,0.0908541828394,0.0876613110304,-0.00319287180901,reconstructions/d4edbcc97ec00f079508e13004cf8c0e01806e2a1c89e0eb93c0e8df45158196/zero_filled-mask-0.1875-1-7.pt
d4edbcc97ec00f079508e13004cf8c0e01806e2a1c89e0eb93c0e8df45158196,3edb09d41378dfae155626fe72b75a2c4bde6a58,cff553233941e75169564d196f318bbdd728713e0809f049f5ada55d92b57e1e,7e25783c0a7c26e9b9f205121679098986989cb4fa109a54923972afe75d60ce,ac6168d8c51a9220ff3b88b5de5c6038c357dcd1c8a36c2a1f201e2293e484e8,False,tv,mask,0.1875,1,7,0.03,0.03,0.1875,0.25,20.9923303553,0.683423000846,0.125931546092,0.0849627330899,0.0803807005286,-0.0045820325613,reconstructions/d4edbcc97ec00f079508e13004cf8c0e01806e2a1c89e0eb93c0e8df45158196/tv-mask-0.1875-1-7.pt
d4edbcc97ec00f079508e13004cf8c0e01806e2a1c89e0eb93c0e8df45158196,3edb09d41378dfae155626fe72b75a2c4bde6a58,cff553233941e75169564d196f318bbdd728713e0809f049f5ada55d92b57e1e,7e25783c0a7c26e9b9f205121679098986989cb4fa109a54923972afe75d60ce,ac6168d8c51a9220ff3b88b5de5c6038c357dcd1c8a36c2a1f201e2293e484e8,False,dps,mask,0.1875,1,7,0.03,0.03,0.1875,0.25,4.94036052717,0.00867089285395,0.448822766542,1.28769028187,1.28606319427,-0.00162708759308,reconstructions/d4edbcc97ec00f079508e13004cf8c0e01806e2a1c89e0eb93c0e8df45158196/dps-mask-0.1875-1-7.pt
d4edbcc97ec00f079508e13004cf8c0e01806e2a1c89e0eb93c0e8df45158196,3edb09d41378dfae155626fe72b75a2c4bde6a58,cff553233941e75169564d196f318bbdd728713e0809f049f5ada55d92b57e1e,7e25783c0a7c26e9b9f205121679098986989cb4fa109a54923972afe75d60ce,ac6168d8c51a9220ff3b88b5de5c6038c357dcd1c8a36c2a1f201e2293e484e8,False,diffpir,mask,0.1875,1,7,0.03,0.03,0.1875,0.25,4.74046886714,0.00634771164389,1.02342164516,0.760494351387,0.826428949833,0.0659345984459,reconstructions/d4edbcc97ec00f079508e13004cf8c0e01806e2a1c89e0eb93c0e8df45158196/diffpir-mask-0.1875-1-7.pt
d4edbcc97ec00f079508e13004cf8c0e01806e2a1c89e0eb93c0e8df45158196,3edb09d41378dfae155626fe72b75a2c4bde6a58,cff553233941e75169564d196f318bbdd728713e0809f049f5ada55d92b57e1e,7e25783c0a7c26e9b9f205121679098986989cb4fa109a54923972afe75d60ce,ac6168d8c51a9220ff3b88b5de5c6038c357dcd1c8a36c2a1f201e2293e484e8,False,pigdm,mask,0.1875,1,7,0.03,0.03,0.1875,0.25,16.6763656282,0.454213848405,0.289195477962,0.259283185005,0.258866548538,-0.00041663646698,reconstructions/d4edbcc97ec00f079508e13004cf8c0e01806e2a1c89e0eb93c0e8df45158196/pigdm-mask-0.1875-1-7.pt
d4edbcc97ec00f079508e13004cf8c0e01806e2a1c89e0eb93c0e8df45158196,3edb09d41378dfae155626fe72b75a2c4bde6a58,cff553233941e75169564d196f318bbdd728713e0809f049f5ada55d92b57e1e,7e25783c0a7c26e9b9f205121679098986989cb4fa109a54923972afe75d60ce,ac6168d8c51a9220ff3b88b5de5c6038c357dcd1c8a36c2a1f201e2293e484e8,False,zero_filled,mask,0.1875,2,0,0.03,0.03,0.1875,0.25,21.6791425127,0.593009521281,0.309900462627,0.0430246181786,0.0430246181786,0,reconstructions/d4edbcc97ec00f079508e13004cf8c0e01806e2a1c89e0eb93c0e8df45158196/zero_filled-mask-0.1875-2-0.pt
d4edbcc97ec00f079508e13004cf8c0e01806e2a1c89e0eb93c0e8df45158196,3edb09d41378dfae155626fe72b75a2c4bde6a58,cff553233941e75169564d196f318bbdd728713e0809f049f5ada55d92b57e1e,7e25783c0a7c26e9b9f205121679098986989cb4fa109a54923972afe75d60ce,ac6168d8c51a9220ff3b88b5de5c6038c357dcd1c8a36c2a1f201e2293e484e8,False,tv,mask,0.1875,2,0,0.03,0.03,0.1875,0.25,21.7548437037,0.573501686886,0.161096557975,0.0438249334693,0.0440392903984,0.000214356929064,reconstructions/d4edbcc97ec00f079508e13004cf8c0e01806e2a1c89e0eb93c0e8df45158196/tv-mask-0.1875-2-0.pt
d4edbcc97ec00f079508e13004cf8c0e01806e2a1c89e0eb93c0e8df45158196,3edb09d41378dfae155626fe72b75a2c4bde6a58,cff553233941e75169564d196f318bbdd728713e0809f049f5ada55d92b57e1e,7e25783c0a7c26e9b9f205121679098986989cb4fa109a54923972afe75d60ce,ac6168d8c51a9220ff3b88b5de5c6038c357dcd1c8a36c2a1f201e2293e484e8,False,dps,mask,0.1875,2,0,0.03,0.03,0.1875,0.25,10.2113238981,0.0600470708285,0.29954969883,0.460612684488,0.45790091157,-0.0027117729187,reconstructions/d4edbcc97ec00f079508e13004cf8c0e01806e2a1c89e0eb93c0e8df45158196/dps-mask-0.1875-2-0.pt
d4edbcc97ec00f079508e13004cf8c0e01806e2a1c89e0eb93c0e8df45158196,3edb09d41378dfae155626fe72b75a2c4bde6a58,cff553233941e75169564d196f318bbdd728713e0809f049f5ada55d92b57e1e,7e25783c0a7c26e9b9f205121679098986989cb4fa109a54923972afe75d60ce,ac6168d8c51a9220ff3b88b5de5c6038c357dcd1c8a36c2a1f201e2293e484e8,False,diffpir,mask,0.1875,2,0,0.03,0.03,0.1875,0.25,5.88526475323,0.00846196972437,1.0310343504,0.301079213619,0.405488491058,0.104409277439,reconstructions/d4edbcc97ec00f079508e13004cf8c0e01806e2a1c89e0eb93c0e8df45158196/diffpir-mask-0.1875-2-0.pt
d4edbcc97ec00f079508e13004cf8c0e01806e2a1c89e0eb93c0e8df45158196,3edb09d41378dfae155626fe72b75a2c4bde6a58,cff553233941e75169564d196f318bbdd728713e0809f049f5ada55d92b57e1e,7e25783c0a7c26e9b9f205121679098986989cb4fa109a54923972afe75d60ce,ac6168d8c51a9220ff3b88b5de5c6038c357dcd1c8a36c2a1f201e2293e484e8,False,pigdm,mask,0.1875,2,0,0.03,0.03,0.1875,0.25,21.3611586326,0.539063846051,0.169673249125,0.0522091090679,0.0516132488847,-0.000595860183239,reconstructions/d4edbcc97ec00f079508e13004cf8c0e01806e2a1c89e0eb93c0e8df45158196/pigdm-mask-0.1875-2-0.pt
d4edbcc97ec00f079508e13004cf8c0e01806e2a1c89e0eb93c0e8df45158196,3edb09d41378dfae155626fe72b75a2c4bde6a58,cff553233941e75169564d196f318bbdd728713e0809f049f5ada55d92b57e1e,7e25783c0a7c26e9b9f205121679098986989cb4fa109a54923972afe75d60ce,ac6168d8c51a9220ff3b88b5de5c6038c357dcd1c8a36c2a1f201e2293e484e8,False,zero_filled,mask,0.1875,2,1,0.03,0.03,0.1875,0.25,23.9787664487,0.613409183328,0.546737313271,0.0511645972729,0.0511645972729,0,reconstructions/d4edbcc97ec00f079508e13004cf8c0e01806e2a1c89e0eb93c0e8df45158196/zero_filled-mask-0.1875-2-1.pt
d4edbcc97ec00f079508e13004cf8c0e01806e2a1c89e0eb93c0e8df45158196,3edb09d41378dfae155626fe72b75a2c4bde6a58,cff553233941e75169564d196f318bbdd728713e0809f049f5ada55d92b57e1e,7e25783c0a7c26e9b9f205121679098986989cb4fa109a54923972afe75d60ce,ac6168d8c51a9220ff3b88b5de5c6038c357dcd1c8a36c2a1f201e2293e484e8,False,tv,mask,0.1875,2,1,0.03,0.03,0.1875,0.25,24.1178000175,0.554370933535,0.431622028351,0.0579085759819,0.0573357343674,-0.000572841614485,reconstructions/d4edbcc97ec00f079508e13004cf8c0e01806e2a1c89e0eb93c0e8df45158196/tv-mask-0.1875-2-1.pt
d4edbcc97ec00f079508e13004cf8c0e01806e2a1c89e0eb93c0e8df45158196,3edb09d41378dfae155626fe72b75a2c4bde6a58,cff553233941e75169564d196f318bbdd728713e0809f049f5ada55d92b57e1e,7e25783c0a7c26e9b9f205121679098986989cb4fa109a54923972afe75d60ce,ac6168d8c51a9220ff3b88b5de5c6038c357dcd1c8a36c2a1f201e2293e484e8,False,dps,mask,0.1875,2,1,0.03,0.03,0.1875,0.25,12.8067770007,0.207617181978,0.527847647667,0.443623155355,0.441761493683,-0.00186166167259,reconstructions/d4edbcc97ec00f079508e13004cf8c0e01806e2a1c89e0eb93c0e8df45158196/dps-mask-0.1875-2-1.pt
d4edbcc97ec00f079508e13004cf8c0e01806e2a1c89e0eb93c0e8df45158196,3edb09d41378dfae155626fe72b75a2c4bde6a58,cff553233941e75169564d196f318bbdd728713e0809f049f5ada55d92b57e1e,7e25783c0a7c26e9b9f205121679098986989cb4fa109a54923972afe75d60ce,ac6168d8c51a9220ff3b88b5de5c6038c357dcd1c8a36c2a1f201e2293e484e8,False,diffpir,mask,0.1875,2,1,0.03,0.03,0.1875,0.25,6.2607017512,0.00873336713547,0.773526370525,0.299196302891,0.404296249151,0.10509994626,reconstructions/d4edbcc97ec00f079508e13004cf8c0e01806e2a1c89e0eb93c0e8df45158196/diffpir-mask-0.1875-2-1.pt
d4edbcc97ec00f079508e13004cf8c0e01806e2a1c89e0eb93c0e8df45158196,3edb09d41378dfae155626fe72b75a2c4bde6a58,cff553233941e75169564d196f318bbdd728713e0809f049f5ada55d92b57e1e,7e25783c0a7c26e9b9f205121679098986989cb4fa109a54923972afe75d60ce,ac6168d8c51a9220ff3b88b5de5c6038c357dcd1c8a36c2a1f201e2293e484e8,False,pigdm,mask,0.1875,2,1,0.03,0.03,0.1875,0.25,23.9761966301,0.505238383067,0.397172361612,0.0706952884793,0.0679247155786,-0.00277057290077,reconstructions/d4edbcc97ec00f079508e13004cf8c0e01806e2a1c89e0eb93c0e8df45158196/pigdm-mask-0.1875-2-1.pt
d4edbcc97ec00f079508e13004cf8c0e01806e2a1c89e0eb93c0e8df45158196,3edb09d41378dfae155626fe72b75a2c4bde6a58,cff553233941e75169564d196f318bbdd728713e0809f049f5ada55d92b57e1e,7e25783c0a7c26e9b9f205121679098986989cb4fa109a54923972afe75d60ce,ac6168d8c51a9220ff3b88b5de5c6038c357dcd1c8a36c2a1f201e2293e484e8,False,zero_filled,mask,0.1875,2,2,0.03,0.03,0.1875,0.25,18.5256272828,0.518596885806,0.264499515295,0.0851126909256,0.0851126983762,7.45058059692e-09,reconstructions/d4edbcc97ec00f079508e13004cf8c0e01806e2a1c89e0eb93c0e8df45158196/zero_filled-mask-0.1875-2-2.pt
d4edbcc97ec00f079508e13004cf8c0e01806e2a1c89e0eb93c0e8df45158196,3edb09d41378dfae155626fe72b75a2c4bde6a58,cff553233941e75169564d196f318bbdd728713e0809f049f5ada55d92b57e1e,7e25783c0a7c26e9b9f205121679098986989cb4fa109a54923972afe75d60ce,ac6168d8c51a9220ff3b88b5de5c6038c357dcd1c8a36c2a1f201e2293e484e8,False,tv,mask,0.1875,2,2,0.03,0.03,0.1875,0.25,19.3098601436,0.608088846608,0.149607658386,0.0792374908924,0.0767527073622,-0.00248478353024,reconstructions/d4edbcc97ec00f079508e13004cf8c0e01806e2a1c89e0eb93c0e8df45158196/tv-mask-0.1875-2-2.pt
d4edbcc97ec00f079508e13004cf8c0e01806e2a1c89e0eb93c0e8df45158196,3edb09d41378dfae155626fe72b75a2c4bde6a58,cff553233941e75169564d196f318bbdd728713e0809f049f5ada55d92b57e1e,7e25783c0a7c26e9b9f205121679098986989cb4fa109a54923972afe75d60ce,ac6168d8c51a9220ff3b88b5de5c6038c357dcd1c8a36c2a1f201e2293e484e8,False,dps,mask,0.1875,2,2,0.03,0.03,0.1875,0.25,7.5573559815,0.0106467587793,0.422036796808,0.960538744926,0.957141876221,-0.00339686870575,reconstructions/d4edbcc97ec00f079508e13004cf8c0e01806e2a1c89e0eb93c0e8df45158196/dps-mask-0.1875-2-2.pt
d4edbcc97ec00f079508e13004cf8c0e01806e2a1c89e0eb93c0e8df45158196,3edb09d41378dfae155626fe72b75a2c4bde6a58,cff553233941e75169564d196f318bbdd728713e0809f049f5ada55d92b57e1e,7e25783c0a7c26e9b9f205121679098986989cb4fa109a54923972afe75d60ce,ac6168d8c51a9220ff3b88b5de5c6038c357dcd1c8a36c2a1f201e2293e484e8,False,diffpir,mask,0.1875,2,2,0.03,0.03,0.1875,0.25,4.38373058899,0.0119642849489,0.95698851347,0.875896573067,0.951401531696,0.0755049586296,reconstructions/d4edbcc97ec00f079508e13004cf8c0e01806e2a1c89e0eb93c0e8df45158196/diffpir-mask-0.1875-2-2.pt
d4edbcc97ec00f079508e13004cf8c0e01806e2a1c89e0eb93c0e8df45158196,3edb09d41378dfae155626fe72b75a2c4bde6a58,cff553233941e75169564d196f318bbdd728713e0809f049f5ada55d92b57e1e,7e25783c0a7c26e9b9f205121679098986989cb4fa109a54923972afe75d60ce,ac6168d8c51a9220ff3b88b5de5c6038c357dcd1c8a36c2a1f201e2293e484e8,False,pigdm,mask,0.1875,2,2,0.03,0.03,0.1875,0.25,17.7509672144,0.499959236001,0.138842612505,0.18695859611,0.182243004441,-0.00471559166908,reconstructions/d4edbcc97ec00f079508e13004cf8c0e01806e2a1c89e0eb93c0e8df45158196/pigdm-mask-0.1875-2-2.pt
d4edbcc97ec00f079508e13004cf8c0e01806e2a1c89e0eb93c0e8df45158196,3edb09d41378dfae155626fe72b75a2c4bde6a58,cff553233941e75169564d196f318bbdd728713e0809f049f5ada55d92b57e1e,7e25783c0a7c26e9b9f205121679098986989cb4fa109a54923972afe75d60ce,ac6168d8c51a9220ff3b88b5de5c6038c357dcd1c8a36c2a1f201e2293e484e8,False,zero_filled,mask,0.1875,2,3,0.03,0.03,0.1875,0.25,20.9861798337,0.613132051378,0.328651607037,0.0503687150776,0.0503687150776,0,reconstructions/d4edbcc97ec00f079508e13004cf8c0e01806e2a1c89e0eb93c0e8df45158196/zero_filled-mask-0.1875-2-3.pt
d4edbcc97ec00f079508e13004cf8c0e01806e2a1c89e0eb93c0e8df45158196,3edb09d41378dfae155626fe72b75a2c4bde6a58,cff553233941e75169564d196f318bbdd728713e0809f049f5ada55d92b57e1e,7e25783c0a7c26e9b9f205121679098986989cb4fa109a54923972afe75d60ce,ac6168d8c51a9220ff3b88b5de5c6038c357dcd1c8a36c2a1f201e2293e484e8,False,tv,mask,0.1875,2,3,0.03,0.03,0.1875,0.25,21.3952789952,0.63011203361,0.235125288367,0.0471710450947,0.0457952432334,-0.00137580186129,reconstructions/d4edbcc97ec00f079508e13004cf8c0e01806e2a1c89e0eb93c0e8df45158196/tv-mask-0.1875-2-3.pt
d4edbcc97ec00f079508e13004cf8c0e01806e2a1c89e0eb93c0e8df45158196,3edb09d41378dfae155626fe72b75a2c4bde6a58,cff553233941e75169564d196f318bbdd728713e0809f049f5ada55d92b57e1e,7e25783c0a7c26e9b9f205121679098986989cb4fa109a54923972afe75d60ce,ac6168d8c51a9220ff3b88b5de5c6038c357dcd1c8a36c2a1f201e2293e484e8,False,dps,mask,0.1875,2,3,0.03,0.03,0.1875,0.25,9.6570079885,0.0839777254936,0.521048605442,0.502018332481,0.500032961369,-0.00198537111282,reconstructions/d4edbcc97ec00f079508e13004cf8c0e01806e2a1c89e0eb93c0e8df45158196/dps-mask-0.1875-2-3.pt
d4edbcc97ec00f079508e13004cf8c0e01806e2a1c89e0eb93c0e8df45158196,3edb09d41378dfae155626fe72b75a2c4bde6a58,cff553233941e75169564d196f318bbdd728713e0809f049f5ada55d92b57e1e,7e25783c0a7c26e9b9f205121679098986989cb4fa109a54923972afe75d60ce,ac6168d8c51a9220ff3b88b5de5c6038c357dcd1c8a36c2a1f201e2293e484e8,False,diffpir,mask,0.1875,2,3,0.03,0.03,0.1875,0.25,5.56518906179,0.00289626557953,0.984150052071,0.367460340261,0.457859873772,0.0903995335102,reconstructions/d4edbcc97ec00f079508e13004cf8c0e01806e2a1c89e0eb93c0e8df45158196/diffpir-mask-0.1875-2-3.pt
d4edbcc97ec00f079508e13004cf8c0e01806e2a1c89e0eb93c0e8df45158196,3edb09d41378dfae155626fe72b75a2c4bde6a58,cff553233941e75169564d196f318bbdd728713e0809f049f5ada55d92b57e1e,7e25783c0a7c26e9b9f205121679098986989cb4fa109a54923972afe75d60ce,ac6168d8c51a9220ff3b88b5de5c6038c357dcd1c8a36c2a1f201e2293e484e8,False,pigdm,mask,0.1875,2,3,0.03,0.03,0.1875,0.25,21.0184598481,0.614277376035,0.177823379636,0.0764328166842,0.0738680958748,-0.00256472080946,reconstructions/d4edbcc97ec00f079508e13004cf8c0e01806e2a1c89e0eb93c0e8df45158196/pigdm-mask-0.1875-2-3.pt
d4edbcc97ec00f079508e13004cf8c0e01806e2a1c89e0eb93c0e8df45158196,3edb09d41378dfae155626fe72b75a2c4bde6a58,cff553233941e75169564d196f318bbdd728713e0809f049f5ada55d92b57e1e,7e25783c0a7c26e9b9f205121679098986989cb4fa109a54923972afe75d60ce,ac6168d8c51a9220ff3b88b5de5c6038c357dcd1c8a36c2a1f201e2293e484e8,False,zero_filled,mask,0.1875,2,4,0.03,0.03,0.1875,0.25,20.6047101612,0.670637247024,0.263562917709,0.0436368510127,0.0436368510127,0,reconstructions/d4edbcc97ec00f079508e13004cf8c0e01806e2a1c89e0eb93c0e8df45158196/zero_filled-mask-0.1875-2-4.pt
d4edbcc97ec00f079508e13004cf8c0e01806e2a1c89e0eb93c0e8df45158196,3edb09d41378dfae155626fe72b75a2c4bde6a58,cff553233941e75169564d196f318bbdd728713e0809f049f5ada55d92b57e1e,7e25783c0a7c26e9b9f205121679098986989cb4fa109a54923972afe75d60ce,ac6168d8c51a9220ff3b88b5de5c6038c357dcd1c8a36c2a1f201e2293e484e8,False,tv,mask,0.1875,2,4,0.03,0.03,0.1875,0.25,20.8503389378,0.665703991729,0.131956383586,0.0394077412784,0.0395505614579,0.000142820179462,reconstructions/d4edbcc97ec00f079508e13004cf8c0e01806e2a1c89e0eb93c0e8df45158196/tv-mask-0.1875-2-4.pt
d4edbcc97ec00f079508e13004cf8c0e01806e2a1c89e0eb93c0e8df45158196,3edb09d41378dfae155626fe72b75a2c4bde6a58,cff553233941e75169564d196f318bbdd728713e0809f049f5ada55d92b57e1e,7e25783c0a7c26e9b9f205121679098986989cb4fa109a54923972afe75d60ce,ac6168d8c51a9220ff3b88b5de5c6038c357dcd1c8a36c2a1f201e2293e484e8,False,dps,mask,0.1875,2,4,0.03,0.03,0.1875,0.25,9.37513659511,0.0102995745263,0.235592707992,0.486701160669,0.48141643405,-0.00528472661972,reconstructions/d4edbcc97ec00f079508e13004cf8c0e01806e2a1c89e0eb93c0e8df45158196/dps-mask-0.1875-2-4.pt
d4edbcc97ec00f079508e13004cf8c0e01806e2a1c89e0eb93c0e8df45158196,3edb09d41378dfae155626fe72b75a2c4bde6a58,cff553233941e75169564d196f318bbdd728713e0809f049f5ada55d92b57e1e,7e25783c0a7c26e9b9f205121679098986989cb4fa109a54923972afe75d60ce,ac6168d8c51a9220ff3b88b5de5c6038c357dcd1c8a36c2a1f201e2293e484e8,False,diffpir,mask,0.1875,2,4,0.03,0.03,0.1875,0.25,5.20327123461,0.0102987829841,0.974714577198,0.418728262186,0.483003467321,0.0642752051353,reconstructions/d4edbcc97ec00f079508e13004cf8c0e01806e2a1c89e0eb93c0e8df45158196/diffpir-mask-0.1875-2-4.pt
d4edbcc97ec00f079508e13004cf8c0e01806e2a1c89e0eb93c0e8df45158196,3edb09d41378dfae155626fe72b75a2c4bde6a58,cff553233941e75169564d196f318bbdd728713e0809f049f5ada55d92b57e1e,7e25783c0a7c26e9b9f205121679098986989cb4fa109a54923972afe75d60ce,ac6168d8c51a9220ff3b88b5de5c6038c357dcd1c8a36c2a1f201e2293e484e8,False,pigdm,mask,0.1875,2,4,0.03,0.03,0.1875,0.25,20.4432250946,0.594720516433,0.0928512960672,0.0590907931328,0.0566311255097,-0.00245966762304,reconstructions/d4edbcc97ec00f079508e13004cf8c0e01806e2a1c89e0eb93c0e8df45158196/pigdm-mask-0.1875-2-4.pt
d4edbcc97ec00f079508e13004cf8c0e01806e2a1c89e0eb93c0e8df45158196,3edb09d41378dfae155626fe72b75a2c4bde6a58,cff553233941e75169564d196f318bbdd728713e0809f049f5ada55d92b57e1e,7e25783c0a7c26e9b9f205121679098986989cb4fa109a54923972afe75d60ce,ac6168d8c51a9220ff3b88b5de5c6038c357dcd1c8a36c2a1f201e2293e484e8,False,zero_filled,mask,0.1875,2,5,0.03,0.03,0.1875,0.25,20.6958742059,0.55243756738,0.4687936306,0.0395187586546,0.0395187586546,0,reconstructions/d4edbcc97ec00f079508e13004cf8c0e01806e2a1c89e0eb93c0e8df45158196/zero_filled-mask-0.1875-2-5.pt
d4edbcc97ec00f079508e13004cf8c0e01806e2a1c89e0eb93c0e8df45158196,3edb09d41378dfae155626fe72b75a2c4bde6a58,cff553233941e75169564d196f318bbdd728713e0809f049f5ada55d92b57e1e,7e25783c0a7c26e9b9f205121679098986989cb4fa109a54923972afe75d60ce,ac6168d8c51a9220ff3b88b5de5c6038c357dcd1c8a36c2a1f201e2293e484e8,False,tv,mask,0.1875,2,5,0.03,0.03,0.1875,0.25,20.7050658973,0.505610737868,0.347350925207,0.0444035492837,0.0446457378566,0.000242188572884,reconstructions/d4edbcc97ec00f079508e13004cf8c0e01806e2a1c89e0eb93c0e8df45158196/tv-mask-0.1875-2-5.pt
d4edbcc97ec00f079508e13004cf8c0e01806e2a1c89e0eb93c0e8df45158196,3edb09d41378dfae155626fe72b75a2c4bde6a58,cff553233941e75169564d196f318bbdd728713e0809f049f5ada55d92b57e1e,7e25783c0a7c26e9b9f205121679098986989cb4fa109a54923972afe75d60ce,ac6168d8c51a9220ff3b88b5de5c6038c357dcd1c8a36c2a1f201e2293e484e8,False,dps,mask,0.1875,2,5,0.03,0.03,0.1875,0.25,9.91796132612,0.0828198820926,0.573050320148,0.436991989613,0.43371412158,-0.00327786803246,reconstructions/d4edbcc97ec00f079508e13004cf8c0e01806e2a1c89e0eb93c0e8df45158196/dps-mask-0.1875-2-5.pt
d4edbcc97ec00f079508e13004cf8c0e01806e2a1c89e0eb93c0e8df45158196,3edb09d41378dfae155626fe72b75a2c4bde6a58,cff553233941e75169564d196f318bbdd728713e0809f049f5ada55d92b57e1e,7e25783c0a7c26e9b9f205121679098986989cb4fa109a54923972afe75d60ce,ac6168d8c51a9220ff3b88b5de5c6038c357dcd1c8a36c2a1f201e2293e484e8,False,diffpir,mask,0.1875,2,5,0.03,0.03,0.1875,0.25,5.57364387598,0.0142001253389,0.84830725193,0.34154933691,0.435799926519,0.0942505896091,reconstructions/d4edbcc97ec00f079508e13004cf8c0e01806e2a1c89e0eb93c0e8df45158196/diffpir-mask-0.1875-2-5.pt
d4edbcc97ec00f079508e13004cf8c0e01806e2a1c89e0eb93c0e8df45158196,3edb09d41378dfae155626fe72b75a2c4bde6a58,cff553233941e75169564d196f318bbdd728713e0809f049f5ada55d92b57e1e,7e25783c0a7c26e9b9f205121679098986989cb4fa109a54923972afe75d60ce,ac6168d8c51a9220ff3b88b5de5c6038c357dcd1c8a36c2a1f201e2293e484e8,False,pigdm,mask,0.1875,2,5,0.03,0.03,0.1875,0.25,20.0761961189,0.427005282607,0.307561963797,0.0593880824745,0.0583726093173,-0.00101547315717,reconstructions/d4edbcc97ec00f079508e13004cf8c0e01806e2a1c89e0eb93c0e8df45158196/pigdm-mask-0.1875-2-5.pt
d4edbcc97ec00f079508e13004cf8c0e01806e2a1c89e0eb93c0e8df45158196,3edb09d41378dfae155626fe72b75a2c4bde6a58,cff553233941e75169564d196f318bbdd728713e0809f049f5ada55d92b57e1e,7e25783c0a7c26e9b9f205121679098986989cb4fa109a54923972afe75d60ce,ac6168d8c51a9220ff3b88b5de5c6038c357dcd1c8a36c2a1f201e2293e484e8,False,zero_filled,mask,0.1875,2,6,0.03,0.03,0.1875,0.25,17.203120533,0.454331147641,0.344281703234,0.0994070544839,0.0994070544839,0,reconstructions/d4edbcc97ec00f079508e13004cf8c0e01806e2a1c89e0eb93c0e8df45158196/zero_filled-mask-0.1875-2-6.pt
d4edbcc97ec00f079508e13004cf8c0e01806e2a1c89e0eb93c0e8df45158196,3edb09d41378dfae155626fe72b75a2c4bde6a58,cff553233941e75169564d196f318bbdd728713e0809f049f5ada55d92b57e1e,7e25783c0a7c26e9b9f205121679098986989cb4fa109a54923972afe75d60ce,ac6168d8c51a9220ff3b88b5de5c6038c357dcd1c8a36c2a1f201e2293e484e8,False,tv,mask,0.1875,2,6,0.03,0.03,0.1875,0.25,17.6818573896,0.50003308193,0.206389605999,0.0917535200715,0.0878334790468,-0.00392004102468,reconstructions/d4edbcc97ec00f079508e13004cf8c0e01806e2a1c89e0eb93c0e8df45158196/tv-mask-0.1875-2-6.pt
d4edbcc97ec00f079508e13004cf8c0e01806e2a1c89e0eb93c0e8df45158196,3edb09d41378dfae155626fe72b75a2c4bde6a58,cff553233941e75169564d196f318bbdd728713e0809f049f5ada55d92b57e1e,7e25783c0a7c26e9b9f205121679098986989cb4fa109a54923972afe75d60ce,ac6168d8c51a9220ff3b88b5de5c6038c357dcd1c8a36c2a1f201e2293e484e8,False,dps,mask,0.1875,2,6,0.03,0.03,0.1875,0.25,4.31572707861,-0.00881158770144,0.522661685944,1.50024914742,1.4987527132,-0.00149643421173,reconstructions/d4edbcc97ec00f079508e13004cf8c0e01806e2a1c89e0eb93c0e8df45158196/dps-mask-0.1875-2-6.pt
d4edbcc97ec00f079508e13004cf8c0e01806e2a1c89e0eb93c0e8df45158196,3edb09d41378dfae155626fe72b75a2c4bde6a58,cff553233941e75169564d196f318bbdd728713e0809f049f5ada55d92b57e1e,7e25783c0a7c26e9b9f205121679098986989cb4fa109a54923972afe75d60ce,ac6168d8c51a9220ff3b88b5de5c6038c357dcd1c8a36c2a1f201e2293e484e8,False,diffpir,mask,0.1875,2,6,0.03,0.03,0.1875,0.25,4.24938278617,0.00286913121865,0.990873277187,0.932180583477,1.01177191734,0.0795913338661,reconstructions/d4edbcc97ec00f079508e13004cf8c0e01806e2a1c89e0eb93c0e8df45158196/diffpir-mask-0.1875-2-6.pt
d4edbcc97ec00f079508e13004cf8c0e01806e2a1c89e0eb93c0e8df45158196,3edb09d41378dfae155626fe72b75a2c4bde6a58,cff553233941e75169564d196f318bbdd728713e0809f049f5ada55d92b57e1e,7e25783c0a7c26e9b9f205121679098986989cb4fa109a54923972afe75d60ce,ac6168d8c51a9220ff3b88b5de5c6038c357dcd1c8a36c2a1f201e2293e484e8,False,pigdm,mask,0.1875,2,6,0.03,0.03,0.1875,0.25,16.9705183581,0.423785487928,0.192488789558,0.182500213385,0.173707395792,-0.00879281759262,reconstructions/d4edbcc97ec00f079508e13004cf8c0e01806e2a1c89e0eb93c0e8df45158196/pigdm-mask-0.1875-2-6.pt
d4edbcc97ec00f079508e13004cf8c0e01806e2a1c89e0eb93c0e8df45158196,3edb09d41378dfae155626fe72b75a2c4bde6a58,cff553233941e75169564d196f318bbdd728713e0809f049f5ada55d92b57e1e,7e25783c0a7c26e9b9f205121679098986989cb4fa109a54923972afe75d60ce,ac6168d8c51a9220ff3b88b5de5c6038c357dcd1c8a36c2a1f201e2293e484e8,False,zero_filled,mask,0.1875,2,7,0.03,0.03,0.1875,0.25,19.5666071812,0.591909526136,0.258064091206,0.0775669962168,0.0775669962168,0,reconstructions/d4edbcc97ec00f079508e13004cf8c0e01806e2a1c89e0eb93c0e8df45158196/zero_filled-mask-0.1875-2-7.pt
d4edbcc97ec00f079508e13004cf8c0e01806e2a1c89e0eb93c0e8df45158196,3edb09d41378dfae155626fe72b75a2c4bde6a58,cff553233941e75169564d196f318bbdd728713e0809f049f5ada55d92b57e1e,7e25783c0a7c26e9b9f205121679098986989cb4fa109a54923972afe75d60ce,ac6168d8c51a9220ff3b88b5de5c6038c357dcd1c8a36c2a1f201e2293e484e8,False,tv,mask,0.1875,2,7,0.03,0.03,0.1875,0.25,19.9561326201,0.611888177772,0.161072582006,0.0706728622317,0.0691478177905,-0.00152504444122,reconstructions/d4edbcc97ec00f079508e13004cf8c0e01806e2a1c89e0eb93c0e8df45158196/tv-mask-0.1875-2-7.pt
d4edbcc97ec00f079508e13004cf8c0e01806e2a1c89e0eb93c0e8df45158196,3edb09d41378dfae155626fe72b75a2c4bde6a58,cff553233941e75169564d196f318bbdd728713e0809f049f5ada55d92b57e1e,7e25783c0a7c26e9b9f205121679098986989cb4fa109a54923972afe75d60ce,ac6168d8c51a9220ff3b88b5de5c6038c357dcd1c8a36c2a1f201e2293e484e8,False,dps,mask,0.1875,2,7,0.03,0.03,0.1875,0.25,6.67392985559,0.0748599365446,0.577835738659,1.05276620388,1.05177986622,-0.000986337661743,reconstructions/d4edbcc97ec00f079508e13004cf8c0e01806e2a1c89e0eb93c0e8df45158196/dps-mask-0.1875-2-7.pt
d4edbcc97ec00f079508e13004cf8c0e01806e2a1c89e0eb93c0e8df45158196,3edb09d41378dfae155626fe72b75a2c4bde6a58,cff553233941e75169564d196f318bbdd728713e0809f049f5ada55d92b57e1e,7e25783c0a7c26e9b9f205121679098986989cb4fa109a54923972afe75d60ce,ac6168d8c51a9220ff3b88b5de5c6038c357dcd1c8a36c2a1f201e2293e484e8,False,diffpir,mask,0.1875,2,7,0.03,0.03,0.1875,0.25,4.6727482786,0.0117025029517,0.928828954697,0.780069172382,0.86080789566,0.080738723278,reconstructions/d4edbcc97ec00f079508e13004cf8c0e01806e2a1c89e0eb93c0e8df45158196/diffpir-mask-0.1875-2-7.pt
d4edbcc97ec00f079508e13004cf8c0e01806e2a1c89e0eb93c0e8df45158196,3edb09d41378dfae155626fe72b75a2c4bde6a58,cff553233941e75169564d196f318bbdd728713e0809f049f5ada55d92b57e1e,7e25783c0a7c26e9b9f205121679098986989cb4fa109a54923972afe75d60ce,ac6168d8c51a9220ff3b88b5de5c6038c357dcd1c8a36c2a1f201e2293e484e8,False,pigdm,mask,0.1875,2,7,0.03,0.03,0.1875,0.25,20.2403457587,0.523908875904,0.143930003047,0.111557103693,0.105524301529,-0.00603280216455,reconstructions/d4edbcc97ec00f079508e13004cf8c0e01806e2a1c89e0eb93c0e8df45158196/pigdm-mask-0.1875-2-7.pt
d4edbcc97ec00f079508e13004cf8c0e01806e2a1c89e0eb93c0e8df45158196,3edb09d41378dfae155626fe72b75a2c4bde6a58,cff553233941e75169564d196f318bbdd728713e0809f049f5ada55d92b57e1e,7e25783c0a7c26e9b9f205121679098986989cb4fa109a54923972afe75d60ce,ac6168d8c51a9220ff3b88b5de5c6038c357dcd1c8a36c2a1f201e2293e484e8,False,zero_filled,mask,0.25,0,0,0.03,0.03,0.25,0.25,21.6342205313,0.586842017313,0.355481922626,0.062655210495,0.062655210495,0,reconstructions/d4edbcc97ec00f079508e13004cf8c0e01806e2a1c89e0eb93c0e8df45158196/zero_filled-mask-0.25-0-0.pt
d4edbcc97ec00f079508e13004cf8c0e01806e2a1c89e0eb93c0e8df45158196,3edb09d41378dfae155626fe72b75a2c4bde6a58,cff553233941e75169564d196f318bbdd728713e0809f049f5ada55d92b57e1e,7e25783c0a7c26e9b9f205121679098986989cb4fa109a54923972afe75d60ce,ac6168d8c51a9220ff3b88b5de5c6038c357dcd1c8a36c2a1f201e2293e484e8,False,tv,mask,0.25,0,0,0.03,0.03,0.25,0.25,21.8754514505,0.581328176128,0.183703690767,0.0625140592456,0.0611481703818,-0.0013658888638,reconstructions/d4edbcc97ec00f079508e13004cf8c0e01806e2a1c89e0eb93c0e8df45158196/tv-mask-0.25-0-0.pt
d4edbcc97ec00f079508e13004cf8c0e01806e2a1c89e0eb93c0e8df45158196,3edb09d41378dfae155626fe72b75a2c4bde6a58,cff553233941e75169564d196f318bbdd728713e0809f049f5ada55d92b57e1e,7e25783c0a7c26e9b9f205121679098986989cb4fa109a54923972afe75d60ce,ac6168d8c51a9220ff3b88b5de5c6038c357dcd1c8a36c2a1f201e2293e484e8,False,dps,mask,0.25,0,0,0.03,0.03,0.25,0.25,7.81158484984,0.0645744430649,0.384880751371,0.617218077183,0.617011368275,-0.000206708908081,reconstructions/d4edbcc97ec00f079508e13004cf8c0e01806e2a1c89e0eb93c0e8df45158196/dps-mask-0.25-0-0.pt
d4edbcc97ec00f079508e13004cf8c0e01806e2a1c89e0eb93c0e8df45158196,3edb09d41378dfae155626fe72b75a2c4bde6a58,cff553233941e75169564d196f318bbdd728713e0809f049f5ada55d92b57e1e,7e25783c0a7c26e9b9f205121679098986989cb4fa109a54923972afe75d60ce,ac6168d8c51a9220ff3b88b5de5c6038c357dcd1c8a36c2a1f201e2293e484e8,False,diffpir,mask,0.25,0,0,0.03,0.03,0.25,0.25,5.90368940463,0.0164321694044,1.00104832649,0.301881611347,0.393994539976,0.0921129286289,reconstructions/d4edbcc97ec00f079508e13004cf8c0e01806e2a1c89e0eb93c0e8df45158196/diffpir-mask-0.25-0-0.pt
d4edbcc97ec00f079508e13004cf8c0e01806e2a1c89e0eb93c0e8df45158196,3edb09d41378dfae155626fe72b75a2c4bde6a58,cff553233941e75169564d196f318bbdd728713e0809f049f5ada55d92b57e1e,7e25783c0a7c26e9b9f205121679098986989cb4fa109a54923972afe75d60ce,ac6168d8c51a9220ff3b88b5de5c6038c357dcd1c8a36c2a1f201e2293e484e8,False,pigdm,mask,0.25,0,0,0.03,0.03,0.25,0.25,20.641893543,0.49862897106,0.211276382208,0.077248044312,0.0776329264045,0.000384882092476,reconstructions/d4edbcc97ec00f079508e13004cf8c0e01806e2a1c89e0eb93c0e8df45158196/pigdm-mask-0.25-0-0.pt
d4edbcc97ec00f079508e13004cf8c0e01806e2a1c89e0eb93c0e8df45158196,3edb09d41378dfae155626fe72b75a2c4bde6a58,cff553233941e75169564d196f318bbdd728713e0809f049f5ada55d92b57e1e,7e25783c0a7c26e9b9f205121679098986989cb4fa109a54923972afe75d60ce,ac6168d8c51a9220ff3b88b5de5c6038c357dcd1c8a36c2a1f201e2293e484e8,False,zero_filled,mask,0.25,0,1,0.03,0.03,0.25,0.25,23.8825264321,0.615829673889,0.669458270073,0.0682390481234,0.0682390481234,0,reconstructions/d4edbcc97ec00f079508e13004cf8c0e01806e2a1c89e0eb93c0e8df45158196/zero_filled-mask-0.25-0-1.pt
d4edbcc97ec00f079508e13004cf8c0e01806e2a1c89e0eb93c0e8df45158196,3edb09d41378dfae155626fe72b75a2c4bde6a58,cff553233941e75169564d196f318bbdd728713e0809f049f5ada55d92b57e1e,7e25783c0a7c26e9b9f205121679098986989cb4fa109a54923972afe75d60ce,ac6168d8c51a9220ff3b88b5de5c6038c357dcd1c8a36c2a1f201e2293e484e8,False,tv,mask,0.25,0,1,0.03,0.03,0.25,0.25,24.0661766492,0.550731073918,0.518292546272,0.0726929605007,0.0715774297714,-0.00111553072929,reconstructions/d4edbcc97ec00f079508e13004cf8c0e01806e2a1c89e0eb93c0e8df45158196/tv-mask-0.25-0-1.pt
d4edbcc97ec00f079508e13004cf8c0e01806e2a1c89e0eb93c0e8df45158196,3edb09d41378dfae155626fe72b75a2c4bde6a58,cff553233941e75169564d196f318bbdd728713e0809f049f5ada55d92b57e1e,7e25783c0a7c26e9b9f205121679098986989cb4fa109a54923972afe75d60ce,ac6168d8c51a9220ff3b88b5de5c6038c357dcd1c8a36c2a1f201e2293e484e8,False,dps,mask,0.25,0,1,0.03,0.03,0.25,0.25,13.0137560835,0.109120558423,0.509747684002,0.412660777569,0.416429191828,0.00376841425896,reconstructions/d4edbcc97ec00f079508e13004cf8c0e01806e2a1c89e0eb93c0e8df45158196/dps-mask-0.25-0-1.pt
d4edbcc97ec00f079508e13004cf8c0e01806e2a1c89e0eb93c0e8df45158196,3edb09d41378dfae155626fe72b75a2c4bde6a58,cff553233941e75169564d196f318bbdd728713e0809f049f5ada55d92b57e1e,7e25783c0a7c26e9b9f205121679098986989cb4fa109a54923972afe75d60ce,ac6168d8c51a9220ff3b88b5de5c6038c357dcd1c8a36c2a1f201e2293e484e8,False,diffpir,mask,0.25,0,1,0.03,0.03,0.25,0.25,6.25197569,0.0126132988823,0.739163994789,0.295046955347,0.463189601898,0.168142646551,reconstructions/d4edbcc97ec00f079508e13004cf8c0e01806e2a1c89e0eb93c0e8df45158196/diffpir-mask-0.25-0-1.pt
d4edbcc97ec00f079508e13004cf8c0e01806e2a1c89e0eb93c0e8df45158196,3edb09d41378dfae155626fe72b75a2c4bde6a58,cff553233941e75169564d196f318bbdd728713e0809f049f5ada55d92b57e1e,7e25783c0a7c26e9b9f205121679098986989cb4fa109a54923972afe75d60ce,ac6168d8c51a9220ff3b88b5de5c6038c357dcd1c8a36c2a1f201e2293e484e8,False,pigdm,mask,0.25,0,1,0.03,0.03,0.25,0.25,23.0343755124,0.468366287557,0.410816729069,0.0839741900563,0.0856648460031,0.00169065594673,reconstructions/d4edbcc97ec00f079508e13004cf8c0e01806e2a1c89e0eb93c0e8df45158196/pigdm-mask-0.25-0-1.pt
d4edbcc97ec00f079508e13004cf8c0e01806e2a1c89e0eb93c0e8df45158196,3edb09d41378dfae155626fe72b75a2c4bde6a58,cff553233941e75169564d196f318bbdd728713e0809f049f5ada55d92b57e1e,7e25783c0a7c26e9b9f205121679098986989cb4fa109a54923972afe75d60ce,ac6168d8c51a9220ff3b88b5de5c6038c357dcd1c8a36c2a1f201e2293e484e8,False,zero_filled,mask,0.25,0,2,0.03,0.03,0.25,0.25,18.4217025911,0.515793838731,0.301685482264,0.137778833508,0.137778833508,0,reconstructions/d4edbcc97ec00f079508e13004cf8c0e01806e2a1c89e0eb93c0e8df45158196/zero_filled-mask-0.25-0-2.pt
d4edbcc97ec00f079508e13004cf8c0e01806e2a1c89e0eb93c0e8df45158196,3edb09d41378dfae155626fe72b75a2c4bde6a58,cff553233941e75169564d196f318bbdd728713e0809f049f5ada55d92b57e1e,7e25783c0a7c26e9b9f205121679098986989cb4fa109a54923972afe75d60ce,ac6168d8c51a9220ff3b88b5de5c6038c357dcd1c8a36c2a1f201e2293e484e8,False,tv,mask,0.25,0,2,0.03,0.03,0.25,0.25,19.0505283971,0.630321371229,0.177341297269,0.13438013196,0.127525344491,-0.00685478746891,reconstructions/d4edbcc97ec00f079508e13004cf8c0e01806e2a1c89e0eb93c0e8df45158196/tv-mask-0.25-0-2.pt
d4edbcc97ec00f079508e13004cf8c0e01806e2a1c89e0eb93c0e8df45158196,3edb09d41378dfae155626fe72b75a2c4bde6a58,cff553233941e75169564d196f318bbdd728713e0809f049f5ada55d92b57e1e,7e25783c0a7c26e9b9f205121679098986989cb4fa109a54923972afe75d60ce,ac6168d8c51a9220ff3b88b5de5c6038c357dcd1c8a36c2a1f201e2293e484e8,False,dps,mask,0.25,0,2,0.03,0.03,0.25,0.25,11.3987002286,0.184890218627,0.151315033436,0.557917714119,0.561764895916,0.00384718179703,reconstructions/d4edbcc97ec00f079508e13004cf8c0e01806e2a1c89e0eb93c0e8df45158196/dps-mask-0.25-0-2.pt
d4edbcc97ec00f079508e13004cf8c0e01806e2a1c89e0eb93c0e8df45158196,3edb09d41378dfae155626fe72b75a2c4bde6a58,cff553233941e75169564d196f318bbdd728713e0809f049f5ada55d92b57e1e,7e25783c0a7c26e9b9f205121679098986989cb4fa109a54923972afe75d60ce,ac6168d8c51a9220ff3b88b5de5c6038c357dcd1c8a36c2a1f201e2293e484e8,False,diffpir,mask,0.25,0,2,0.03,0.03,0.25,0.25,4.47227866618,0.0184010655505,0.950788259506,0.869347691536,0.973867475986,0.104519784451,reconstructions/d4edbcc97ec00f079508e13004cf8c0e01806e2a1c89e0eb93c0e8df45158196/diffpir-mask-0.25-0-2.pt
d4edbcc97ec00f079508e13004cf8c0e01806e2a1c89e0eb93c0e8df45158196,3edb09d41378dfae155626fe72b75a2c4bde6a58,cff553233941e75169564d196f318bbdd728713e0809f049f5ada55d92b57e1e,7e25783c0a7c26e9b9f205121679098986989cb4fa109a54923972afe75d60ce,ac6168d8c51a9220ff3b88b5de5c6038c357dcd1c8a36c2a1f201e2293e484e8,False,pigdm,mask,0.25,0,2,0.03,0.03,0.25,0.25,15.9206323819,0.446246072567,0.16364581883,0.277414739132,0.273836642504,-0.00357809662819,reconstructions/d4edbcc97ec00f079508e13004cf8c0e01806e2a1c89e0eb93c0e8df45158196/pigdm-mask-0.25-0-2.pt
d4edbcc97ec00f079508e13004cf8c0e01806e2a1c89e0eb93c0e8df45158196,3edb09d41378dfae155626fe72b75a2c4bde6a58,cff553233941e75169564d196f318bbdd728713e0809f049f5ada55d92b57e1e,7e25783c0a7c26e9b9f205121679098986989cb4fa109a54923972afe75d60ce,ac6168d8c51a9220ff3b88b5de5c6038c357dcd1c8a36c2a1f201e2293e484e8,False,zero_filled,mask,0.25,0,3,0.03,0.03,0.25,0.25,20.9131636711,0.620684204529,0.3835965693,0.0714462995529,0.0714462995529,0,reconstructions/d4edbcc97ec00f079508e13004cf8c0e01806e2a1c89e0eb93c0e8df45158196/zero_filled-mask-0.25-0-3.pt
d4edbcc97ec00f079508e13004cf8c0e01806e2a1c89e0eb93c0e8df45158196,3edb09d41378dfae155626fe72b75a2c4bde6a58,cff553233941e75169564d196f318bbdd728713e0809f049f5ada55d92b57e1e,7e25783c0a7c26e9b9f205121679098986989cb4fa109a54923972afe75d60ce,ac6168d8c51a9220ff3b88b5de5c6038c357dcd1c8a36c2a1f201e2293e484e8,False,tv,mask,0.25,0,3,0.03,0.03,0.25,0.25,21.2250429106,0.635692639505,0.249699860811,0.0687002763152,0.0698146671057,0.00111439079046,reconstructions/d4edbcc97ec00f079508e13004cf8c0e01806e2a1c89e0eb93c0e8df45158196/tv-mask-0.25-0-3.pt
d4edbcc97ec00f079508e13004cf8c0e01806e2a1c89e0eb93c0e8df45158196,3edb09d41378dfae155626fe72b75a2c4bde6a58,cff553233941e75169564d196f318bbdd728713e0809f049f5ada55d92b57e1e,7e25783c0a7c26e9b9f205121679098986989cb4fa109a54923972afe75d60ce,ac6168d8c51a9220ff3b88b5de5c6038c357dcd1c8a36c2a1f201e2293e484e8,False,dps,mask,0.25,0,3,0.03,0.03,0.25,0.25,5.56139304235,0.0363855822938,0.593951046467,0.839900612831,0.84071213007,0.000811517238617,reconstructions/d4edbcc97ec00f079508e13004cf8c0e01806e2a1c89e0eb93c0e8df45158196/dps-mask-0.25-0-3.pt
d4edbcc97ec00f079508e13004cf8c0e01806e2a1c89e0eb93c0e8df45158196,3edb09d41378dfae155626fe72b75a2c4bde6a58,cff553233941e75169564d196f318bbdd728713e0809f049f5ada55d92b57e1e,7e25783c0a7c26e9b9f205121679098986989cb4fa109a54923972afe75d60ce,ac6168d8c51a9220ff3b88b5de5c6038c357dcd1c8a36c2a1f201e2293e484e8,False,diffpir,mask,0.25,0,3,0.03,0.03,0.25,0.25,5.55720634495,0.00575137280049,0.975671887398,0.367942214012,0.476152271032,0.10821005702,reconstructions/d4edbcc97ec00f079508e13004cf8c0e01806e2a1c89e0eb93c0e8df45158196/diffpir-mask-0.25-0-3.pt
d4edbcc97ec00f079508e13004cf8c0e01806e2a1c89e0eb93c0e8df45158196,3edb09d41378dfae155626fe72b75a2c4bde6a58,cff553233941e75169564d196f318bbdd728713e0809f049f5ada55d92b57e1e,7e25783c0a7c26e9b9f205121679098986989cb4fa109a54923972afe75d60ce,ac6168d8c51a9220ff3b88b5de5c6038c357dcd1c8a36c2a1f201e2293e484e8,False,pigdm,mask,0.25,0,3,0.03,0.03,0.25,0.25,19.2413856006,0.543172019495,0.175605028868,0.0786024034023,0.0938025414944,0.015200138092,reconstructions/d4edbcc97ec00f079508e13004cf8c0e01806e2a1c89e0eb93c0e8df45158196/pigdm-mask-0.25-0-3.pt
d4edbcc97ec00f079508e13004cf8c0e01806e2a1c89e0eb93c0e8df45158196,3edb09d41378dfae155626fe72b75a2c4bde6a58,cff553233941e75169564d196f318bbdd728713e0809f049f5ada55d92b57e1e,7e25783c0a7c26e9b9f205121679098986989cb4fa109a54923972afe75d60ce,ac6168d8c51a9220ff3b88b5de5c6038c357dcd1c8a36c2a1f201e2293e484e8,False,zero_filled,mask,0.25,0,4,0.03,0.03,0.25,0.25,20.5536578628,0.666095489339,0.328741014004,0.0685007274151,0.0685007274151,0,reconstructions/d4edbcc97ec00f079508e13004cf8c0e01806e2a1c89e0eb93c0e8df45158196/zero_filled-mask-0.25-0-4.pt
d4edbcc97ec00f079508e13004cf8c0e01806e2a1c89e0eb93c0e8df45158196,3edb09d41378dfae155626fe72b75a2c4bde6a58,cff553233941e75169564d196f318bbdd728713e0809f049f5ada55d92b57e1e,7e25783c0a7c26e9b9f205121679098986989cb4fa109a54923972afe75d60ce,ac6168d8c51a9220ff3b88b5de5c6038c357dcd1c8a36c2a1f201e2293e484e8,False,tv,mask,0.25,0,4,0.03,0.03,0.25,0.25,20.8104146846,0.666168513072,0.183051168919,0.0658164620399,0.0670516863465,0.00123522430658,reconstructions/d4edbcc97ec00f079508e13004cf8c0e01806e2a1c89e0eb93c0e8df45158196/tv-mask-0.25-0-4.pt
d4edbcc97ec00f079508e13004cf8c0e01806e2a1c89e0eb93c0e8df45158196,3edb09d41378dfae155626fe72b75a2c4bde6a58,cff553233941e75169564d196f318bbdd728713e0809f049f5ada55d92b57e1e,7e25783c0a7c26e9b9f205121679098986989cb4fa109a54923972afe75d60ce,ac6168d8c51a9220ff3b88b5de5c6038c357dcd1c8a36c2a1f201e2293e484e8,False,dps,mask,0.25,0,4,0.03,0.03,0.25,0.25,10.936409731,0.111130621619,0.216845631599,0.40676805377,0.406461149454,-0.000306904315948,reconstructions/d4edbcc97ec00f079508e13004cf8c0e01806e2a1c89e0eb93c0e8df45158196/dps-mask-0.25-0-4.pt
d4edbcc97ec00f079508e13004cf8c0e01806e2a1c89e0eb93c0e8df45158196,3edb09d41378dfae155626fe72b75a2c4bde6a58,cff553233941e75169564d196f318bbdd728713e0809f049f5ada55d92b57e1e,7e25783c0a7c26e9b9f205121679098986989cb4fa109a54923972afe75d60ce,ac6168d8c51a9220ff3b88b5de5c6038c357dcd1c8a36c2a1f201e2293e484e8,False,diffpir,mask,0.25,0,4,0.03,0.03,0.25,0.25,5.17472618098,0.00129437790144,0.984107792377,0.425285071135,0.499157577753,0.0738725066185,reconstructions/d4edbcc97ec00f079508e13004cf8c0e01806e2a1c89e0eb93c0e8df45158196/diffpir-mask-0.25-0-4.pt
d4edbcc97ec00f079508e13004cf8c0e01806e2a1c89e0eb93c0e8df45158196,3edb09d41378dfae155626fe72b75a2c4bde6a58,cff553233941e75169564d196f318bbdd728713e0809f049f5ada55d92b57e1e,7e25783c0a7c26e9b9f205121679098986989cb4fa109a54923972afe75d60ce,ac6168d8c51a9220ff3b88b5de5c6038c357dcd1c8a36c2a1f201e2293e484e8,False,pigdm,mask,0.25,0,4,0.03,0.03,0.25,0.25,21.4845763854,0.66657929346,0.109065979719,0.0727718919516,0.0666723847389,-0.00609950721264,reconstructions/d4edbcc97ec00f079508e13004cf8c0e01806e2a1c89e0eb93c0e8df45158196/pigdm-mask-0.25-0-4.pt
d4edbcc97ec00f079508e13004cf8c0e01806e2a1c89e0eb93c0e8df45158196,3edb09d41378dfae155626fe72b75a2c4bde6a58,cff553233941e75169564d196f318bbdd728713e0809f049f5ada55d92b57e1e,7e25783c0a7c26e9b9f205121679098986989cb4fa109a54923972afe75d60ce,ac6168d8c51a9220ff3b88b5de5c6038c357dcd1c8a36c2a1f201e2293e484e8,False,zero_filled,mask,0.25,0,5,0.03,0.03,0.25,0.25,20.5932211327,0.530603445939,0.566424012184,0.0689885318279,0.0689885318279,0,reconstructions/d4edbcc97ec00f079508e13004cf8c0e01806e2a1c89e0eb93c0e8df45158196/zero_filled-mask-0.25-0-5.pt
d4edbcc97ec00f079508e13004cf8c0e01806e2a1c89e0eb93c0e8df45158196,3edb09d41378dfae155626fe72b75a2c4bde6a58,cff553233941e75169564d196f318bbdd728713e0809f049f5ada55d92b57e1e,7e25783c0a7c26e9b9f205121679098986989cb4fa109a54923972afe75d60ce,ac6168d8c51a9220ff3b88b5de5c6038c357dcd1c8a36c2a1f201e2293e484e8,False,tv,mask,0.25,0,5,0.03,0.03,0.25,0.25,20.7040638217,0.489780111137,0.428173750639,0.0716209933162,0.0710088387132,-0.000612154603004,reconstructions/d4edbcc97ec00f079508e13004cf8c0e01806e2a1c89e0eb93c0e8df45158196/tv-mask-0.25-0-5.pt
d4edbcc97ec00f079508e13004cf8c0e01806e2a1c89e0eb93c0e8df45158196,3edb09d41378dfae155626fe72b75a2c4bde6a58,cff553233941e75169564d196f318bbdd728713e0809f049f5ada55d92b57e1e,7e25783c0a7c26e9b9f205121679098986989cb4fa109a54923972afe75d60ce,ac6168d8c51a9220ff3b88b5de5c6038c357dcd1c8a36c2a1f201e2293e484e8,False,dps,mask,0.25,0,5,0.03,0.03,0.25,0.25,9.76287395024,0.0820114593085,0.657721161842,0.460247665644,0.460238128901,-9.53674316406e-06,reconstructions/d4edbcc97ec00f079508e13004cf8c0e01806e2a1c89e0eb93c0e8df45158196/dps-mask-0.25-0-5.pt
d4edbcc97ec00f079508e13004cf8c0e01806e2a1c89e0eb93c0e8df45158196,3edb09d41378dfae155626fe72b75a2c4bde6a58,cff553233941e75169564d196f318bbdd728713e0809f049f5ada55d92b57e1e,7e25783c0a7c26e9b9f205121679098986989cb4fa109a54923972afe75d60ce,ac6168d8c51a9220ff3b88b5de5c6038c357dcd1c8a36c2a1f201e2293e484e8,False,diffpir,mask,0.25,0,5,0.03,0.03,0.25,0.25,5.51224297046,0.00964273277047,0.86578142643,0.349175959826,0.427829891443,0.0786539316177,reconstructions/d4edbcc97ec00f079508e13004cf8c0e01806e2a1c89e0eb93c0e8df45158196/diffpir-mask-0.25-0-5.pt
d4edbcc97ec00f079508e13004cf8c0e01806e2a1c89e0eb93c0e8df45158196,3edb09d41378dfae155626fe72b75a2c4bde6a58,cff553233941e75169564d196f318bbdd728713e0809f049f5ada55d92b57e1e,7e25783c0a7c26e9b9f205121679098986989cb4fa109a54923972afe75d60ce,ac6168d8c51a9220ff3b88b5de5c6038c357dcd1c8a36c2a1f201e2293e484e8,False,pigdm,mask,0.25,0,5,0.03,0.03,0.25,0.25,19.7445509617,0.413165748211,0.312847077847,0.0781124457717,0.0836871862411,0.00557474046946,reconstructions/d4edbcc97ec00f079508e13004cf8c0e01806e2a1c89e0eb93c0e8df45158196/pigdm-mask-0.25-0-5.pt
d4edbcc97ec00f079508e13004cf8c0e01806e2a1c89e0eb93c0e8df45158196,3edb09d41378dfae155626fe72b75a2c4bde6a58,cff553233941e75169564d196f318bbdd728713e0809f049f5ada55d92b57e1e,7e25783c0a7c26e9b9f205121679098986989cb4fa109a54923972afe75d60ce,ac6168d8c51a9220ff3b88b5de5c6038c357dcd1c8a36c2a1f201e2293e484e8,False,zero_filled,mask,0.25,0,6,0.03,0.03,0.25,0.25,17.0959193134,0.453046071209,0.388786971569,0.14984112978,0.14984112978,0,reconstructions/d4edbcc97ec00f079508e13004cf8c0e01806e2a1c89e0eb93c0e8df45158196/zero_filled-mask-0.25-0-6.pt
d4edbcc97ec00f079508e13004cf8c0e01806e2a1c89e0eb93c0e8df45158196,3edb09d41378dfae155626fe72b75a2c4bde6a58,cff553233941e75169564d196f318bbdd728713e0809f049f5ada55d92b57e1e,7e25783c0a7c26e9b9f205121679098986989cb4fa109a54923972afe75d60ce,ac6168d8c51a9220ff3b88b5de5c6038c357dcd1c8a36c2a1f201e2293e484e8,False,tv,mask,0.25,0,6,0.03,0.03,0.25,0.25,17.4047034724,0.5208451671,0.256835520267,0.144762039185,0.139034554362,-0.00572748482227,reconstructions/d4edbcc97ec00f079508e13004cf8c0e01806e2a1c89e0eb93c0e8df45158196/tv-mask-0.25-0-6.pt
d4edbcc97ec00f079508e13004cf8c0e01806e2a1c89e0eb93c0e8df45158196,3edb09d41378dfae155626fe72b75a2c4bde6a58,cff553233941e75169564d196f318bbdd728713e0809f049f5ada55d92b57e1e,7e25783c0a7c26e9b9f205121679098986989cb4fa109a54923972afe75d60ce,ac6168d8c51a9220ff3b88b5de5c6038c357dcd1c8a36c2a1f201e2293e484e8,False,dps,mask,0.25,0,6,0.03,0.03,0.25,0.25,8.36614543903,0.0089262204523,0.53464192152,0.895396530628,0.896200120449,0.000803589820862,reconstructions/d4edbcc97ec00f079508e13004cf8c0e01806e2a1c89e0eb93c0e8df45158196/dps-mask-0.25-0-6.pt
d4edbcc97ec00f079508e13004cf8c0e01806e2a1c89e0eb93c0e8df45158196,3edb09d41378dfae155626fe72b75a2c4bde6a58,cff553233941e75169564d196f318bbdd728713e0809f049f5ada55d92b57e1e,7e25783c0a7c26e9b9f205121679098986989cb4fa109a54923972afe75d60ce,ac6168d8c51a9220ff3b88b5de5c6038c357dcd1c8a36c2a1f201e2293e484e8,False,diffpir,mask,0.25,0,6,0.03,0.03,0.25,0.25,4.34208182607,0.0134115819344,0.929051876068,0.93011790514,1.03258812428,0.102470219135,reconstructions/d4edbcc97ec00f079508e13004cf8c0e01806e2a1c89e0eb93c0e8df45158196/diffpir-mask-0.25-0-6.pt
d4edbcc97ec00f079508e13004cf8c0e01806e2a1c89e0eb93c0e8df45158196,3edb09d41378dfae155626fe72b75a2c4bde6a58,cff553233941e75169564d196f318bbdd728713e0809f049f5ada55d92b57e1e,7e25783c0a7c26e9b9f205121679098986989cb4fa109a54923972afe75d60ce,ac6168d8c51a9220ff3b88b5de5c6038c357dcd1c8a36c2a1f201e2293e484e8,False,pigdm,mask,0.25,0,6,0.03,0.03,0.25,0.25,15.3067370985,0.393491918866,0.22098582983,0.299636870623,0.294582366943,-0.00505450367928,reconstructions/d4edbcc97ec00f079508e13004cf8c0e01806e2a1c89e0eb93c0e8df45158196/pigdm-mask-0.25-0-6.pt
d4edbcc97ec00f079508e13004cf8c0e01806e2a1c89e0eb93c0e8df45158196,3edb09d41378dfae155626fe72b75a2c4bde6a58,cff553233941e75169564d196f318bbdd728713e0809f049f5ada55d92b57e1e,7e25783c0a7c26e9b9f205121679098986989cb4fa109a54923972afe75d60ce,ac6168d8c51a9220ff3b88b5de5c6038c357dcd1c8a36c2a1f201e2293e484e8,False,zero_filled,mask,0.25,0,7,0.03,0.03,0.25,0.25,19.4891539684,0.586007060739,0.300511151552,0.114655964077,0.114655949175,-1.49011611938e-08,reconstructions/d4edbcc97ec00f079508e13004cf8c0e01806e2a1c89e0eb93c0e8df45158196/zero_filled-mask-0.25-0-7.pt
d4edbcc97ec00f079508e13004cf8c0e01806e2a1c89e0eb93c0e8df45158196,3edb09d41378dfae155626fe72b75a2c4bde6a58,cff553233941e75169564d196f318bbdd728713e0809f049f5ada55d92b57e1e,7e25783c0a7c26e9b9f205121679098986989cb4fa109a54923972afe75d60ce,ac6168d8c51a9220ff3b88b5de5c6038c357dcd1c8a36c2a1f201e2293e484e8,False,tv,mask,0.25,0,7,0.03,0.03,0.25,0.25,19.6924919875,0.632578923563,0.158768430352,0.110007405281,0.110584564507,0.000577159225941,reconstructions/d4edbcc97ec00f079508e13004cf8c0e01806e2a1c89e0eb93c0e8df45158196/tv-mask-0.25-0-7.pt
d4edbcc97ec00f079508e13004cf8c0e01806e2a1c89e0eb93c0e8df45158196,3edb09d41378dfae155626fe72b75a2c4bde6a58,cff553233941e75169564d196f318bbdd728713e0809f049f5ada55d92b57e1e,7e25783c0a7c26e9b9f205121679098986989cb4fa109a54923972afe75d60ce,ac6168d8c51a9220ff3b88b5de5c6038c357dcd1c8a36c2a1f201e2293e484e8,False,dps,mask,0.25,0,7,0.03,0.03,0.25,0.25,6.78950114447,-0.0386499178239,0.378748655319,1.00050997734,1.00166141987,0.00115144252777,reconstructions/d4edbcc97ec00f079508e13004cf8c0e01806e2a1c89e0eb93c0e8df45158196/dps-mask-0.25-0-7.pt
d4edbcc97ec00f079508e13004cf8c0e01806e2a1c89e0eb93c0e8df45158196,3edb09d41378dfae155626fe72b75a2c4bde6a58,cff553233941e75169564d196f318bbdd728713e0809f049f5ada55d92b57e1e,7e25783c0a7c26e9b9f205121679098986989cb4fa109a54923972afe75d60ce,ac6168d8c51a9220ff3b88b5de5c6038c357dcd1c8a36c2a1f201e2293e484e8,False,diffpir,mask,0.25,0,7,0.03,0.03,0.25,0.25,4.70416728905,0.016293456535,0.993446946144,0.773817718029,0.885374546051,0.111556828022,reconstructions/d4edbcc97ec00f079508e13004cf8c0e01806e2a1c89e0eb93c0e8df45158196/diffpir-mask-0.25-0-7.pt
d4edbcc97ec00f079508e13004cf8c0e01806e2a1c89e0eb93c0e8df45158196,3edb09d41378dfae155626fe72b75a2c4bde6a58,cff553233941e75169564d196f318bbdd728713e0809f049f5ada55d92b57e1e,7e25783c0a7c26e9b9f205121679098986989cb4fa109a54923972afe75d60ce,ac6168d8c51a9220ff3b88b5de5c6038c357dcd1c8a36c2a1f201e2293e484e8,False,pigdm,mask,0.25,0,7,0.03,0.03,0.25,0.25,18.5767526041,0.465386534759,0.16105492413,0.170524358749,0.168445572257,-0.00207878649235,reconstructions/d4edbcc97ec00f079508e13004cf8c0e01806e2a1c89e0eb93c0e8df45158196/pigdm-mask-0.25-0-7.pt
d4edbcc97ec00f079508e13004cf8c0e01806e2a1c89e0eb93c0e8df45158196,3edb09d41378dfae155626fe72b75a2c4bde6a58,cff553233941e75169564d196f318bbdd728713e0809f049f5ada55d92b57e1e,7e25783c0a7c26e9b9f205121679098986989cb4fa109a54923972afe75d60ce,ac6168d8c51a9220ff3b88b5de5c6038c357dcd1c8a36c2a1f201e2293e484e8,False,zero_filled,mask,0.25,1,0,0.03,0.03,0.25,0.25,21.6293613723,0.58676536665,0.359982967377,0.055038869381,0.055038869381,0,reconstructions/d4edbcc97ec00f079508e13004cf8c0e01806e2a1c89e0eb93c0e8df45158196/zero_filled-mask-0.25-1-0.pt
d4edbcc97ec00f079508e13004cf8c0e01806e2a1c89e0eb93c0e8df45158196,3edb09d41378dfae155626fe72b75a2c4bde6a58,cff553233941e75169564d196f318bbdd728713e0809f049f5ada55d92b57e1e,7e25783c0a7c26e9b9f205121679098986989cb4fa109a54923972afe75d60ce,ac6168d8c51a9220ff3b88b5de5c6038c357dcd1c8a36c2a1f201e2293e484e8,False,tv,mask,0.25,1,0,0.03,0.03,0.25,0.25,22.0006446861,0.587759275554,0.218774795532,0.0551194511354,0.0555034726858,0.000384021550417,reconstructions/d4edbcc97ec00f079508e13004cf8c0e01806e2a1c89e0eb93c0e8df45158196/tv-mask-0.25-1-0.pt
d4edbcc97ec00f079508e13004cf8c0e01806e2a1c89e0eb93c0e8df45158196,3edb09d41378dfae155626fe72b75a2c4bde6a58,cff553233941e75169564d196f318bbdd728713e0809f049f5ada55d92b57e1e,7e25783c0a7c26e9b9f205121679098986989cb4fa109a54923972afe75d60ce,ac6168d8c51a9220ff3b88b5de5c6038c357dcd1c8a36c2a1f201e2293e484e8,False,dps,mask,0.25,1,0,0.03,0.03,0.25,0.25,10.2158205761,0.113198205023,0.34002840519,0.470763534307,0.469059020281,-0.00170451402664,reconstructions/d4edbcc97ec00f079508e13004cf8c0e01806e2a1c89e0eb93c0e8df45158196/dps-mask-0.25-1-0.pt
d4edbcc97ec00f079508e13004cf8c0e01806e2a1c89e0eb93c0e8df45158196,3edb09d41378dfae155626fe72b75a2c4bde6a58,cff553233941e75169564d196f318bbdd728713e0809f049f5ada55d92b57e1e,7e25783c0a7c26e9b9f205121679098986989cb4fa109a54923972afe75d60ce,ac6168d8c51a9220ff3b88b5de5c6038c357dcd1c8a36c2a1f201e2293e484e8,False,diffpir,mask,0.25,1,0,0.03,0.03,0.25,0.25,5.84610915987,0.00948888559878,0.982488155365,0.307408303022,0.409411907196,0.102003604174,reconstructions/d4edbcc97ec00f079508e13004cf8c0e01806e2a1c89e0eb93c0e8df45158196/diffpir-mask-0.25-1-0.pt
d4edbcc97ec00f079508e13004cf8c0e01806e2a1c89e0eb93c0e8df45158196,3edb09d41378dfae155626fe72b75a2c4bde6a58,cff553233941e75169564d196f318bbdd728713e0809f049f5ada55d92b57e1e,7e25783c0a7c26e9b9f205121679098986989cb4fa109a54923972afe75d60ce,ac6168d8c51a9220ff3b88b5de5c6038c357dcd1c8a36c2a1f201e2293e484e8,False,pigdm,mask,0.25,1,0,0.03,0.03,0.25,0.25,21.6892638024,0.55918838957,0.141109839082,0.0649488195777,0.0624871440232,-0.00246167555451,reconstructions/d4edbcc97ec00f079508e13004cf8c0e01806e2a1c89e0eb93c0e8df45158196/pigdm-mask-0.25-1-0.pt
d4edbcc97ec00f079508e13004cf8c0e01806e2a1c89e0eb93c0e8df45158196,3edb09d41378dfae155626fe72b75a2c4bde6a58,cff553233941e75169564d196f318bbdd728713e0809f049f5ada55d92b57e1e,7e25783c0a7c26e9b9f205121679098986989cb4fa109a54923972afe75d60ce,ac6168d8c51a9220ff3b88b5de5c6038c357dcd1c8a36c2a1f201e2293e484e8,False,zero_filled,mask,0.25,1,1,0.03,0.03,0.25,0.25,23.8975447978,0.612422151605,0.665660619736,0.0630244761705,0.0630244836211,7.45058059692e-09,reconstructions/d4edbcc97ec00f079508e13004cf8c0e01806e2a1c89e0eb93c0e8df45158196/zero_filled-mask-0.25-1-1.pt
d4edbcc97ec00f079508e13004cf8c0e01806e2a1c89e0eb93c0e8df45158196,3edb09d41378dfae155626fe72b75a2c4bde6a58,cff553233941e75169564d196f318bbdd728713e0809f049f5ada55d92b57e1e,7e25783c0a7c26e9b9f205121679098986989cb4fa109a54923972afe75d60ce,ac6168d8c51a9220ff3b88b5de5c6038c357dcd1c8a36c2a1f201e2293e484e8,False,tv,mask,0.25,1,1,0.03,0.03,0.25,0.25,24.1176162364,0.557447846899,0.528070807457,0.0676516741514,0.0672683045268,-0.000383369624615,reconstructions/d4edbcc97ec00f079508e13004cf8c0e01806e2a1c89e0eb93c0e8df45158196/tv-mask-0.25-1-1.pt
d4edbcc97ec00f079508e13004cf8c0e01806e2a1c89e0eb93c0e8df45158196,3edb09d41378dfae155626fe72b75a2c4bde6a58,cff553233941e75169564d196f318bbdd728713e0809f049f5ada55d92b57e1e,7e25783c0a7c26e9b9f205121679098986989cb4fa109a54923972afe75d60ce,ac6168d8c51a9220ff3b88b5de5c6038c357dcd1c8a36c2a1f201e2293e484e8,False,dps,mask,0.25,1,1,0.03,0.03,0.25,0.25,8.34518732932,0.0285858140109,0.584051668644,0.751364469528,0.748537540436,-0.00282692909241,reconstructions/d4edbcc97ec00f079508e13004cf8c0e01806e2a1c89e0eb93c0e8df45158196/dps-mask-0.25-1-1.pt
d4edbcc97ec00f079508e13004cf8c0e01806e2a1c89e0eb93c0e8df45158196,3edb09d41378dfae155626fe72b75a2c4bde6a58,cff553233941e75169564d196f318bbdd728713e0809f049f5ada55d92b57e1e,7e25783c0a7c26e9b9f205121679098986989cb4fa109a54923972afe75d60ce,ac6168d8c51a9220ff3b88b5de5c6038c357dcd1c8a36c2a1f201e2293e484e8,False,diffpir,mask,0.25,1,1,0.03,0.03,0.25,0.25,6.17728921319,0.00300326560583,0.737123191357,0.303477317095,0.444650232792,0.141172915697,reconstructions/d4edbcc97ec00f079508e13004cf8c0e01806e2a1c89e0eb93c0e8df45158196/diffpir-mask-0.25-1-1.pt
d4edbcc97ec00f079508e13004cf8c0e01806e2a1c89e0eb93c0e8df45158196,3edb09d41378dfae155626fe72b75a2c4bde6a58,cff553233941e75169564d196f318bbdd728713e0809f049f5ada55d92b57e1e,7e25783c0a7c26e9b9f205121679098986989cb4fa109a54923972afe75d60ce,ac6168d8c51a9220ff3b88b5de5c6038c357dcd1c8a36c2a1f201e2293e484e8,False,pigdm,mask,0.25,1,1,0.03,0.03,0.25,0.25,23.3477106819,0.510360291929,0.349207252264,0.0776065513492,0.0776311978698,2.46465206146e-05,reconstructions/d4edbcc97ec00f079508e13004cf8c0e01806e2a1c89e0eb93c0e8df45158196/pigdm-mask-0.25-1-1.pt
d4edbcc97ec00f079508e13004cf8c0e01806e2a1c89e0eb93c0e8df45158196,3edb09d41378dfae155626fe72b75a2c4bde6a58,cff553233941e75169564d196f318bbdd728713e0809f049f5ada55d92b57e1e,7e25783c0a7c26e9b9f205121679098986989cb4fa109a54923972afe75d60ce,ac6168d8c51a9220ff3b88b5de5c6038c357dcd1c8a36c2a1f201e2293e484e8,False,zero_filled,mask,0.25,1,2,0.03,0.03,0.25,0.25,18.4211664191,0.518695555819,0.300607353449,0.112473450601,0.112473443151,-7.45058059692e-09,reconstructions/d4edbcc97ec00f079508e13004cf8c0e01806e2a1c89e0eb93c0e8df45158196/zero_filled-mask-0.25-1-2.pt
d4edbcc97ec00f079508e13004cf8c0e01806e2a1c89e0eb93c0e8df45158196,3edb09d41378dfae155626fe72b75a2c4bde6a58,cff553233941e75169564d196f318bbdd728713e0809f049f5ada55d92b57e1e,7e25783c0a7c26e9b9f205121679098986989cb4fa109a54923972afe75d60ce,ac6168d8c51a9220ff3b88b5de5c6038c357dcd1c8a36c2a1f201e2293e484e8,False,tv,mask,0.25,1,2,0.03,0.03,0.25,0.25,19.1191481677,0.667855203862,0.200801223516,0.108504138887,0.110533975065,0.00202983617783,reconstructions/d4edbcc97ec00f079508e13004cf8c0e01806e2a1c89e0eb93c0e8df45158196/tv-mask-0.25-1-2.pt
d4edbcc97ec00f079508e13004cf8c0e01806e2a1c89e0eb93c0e8df45158196,3edb09d41378dfae155626fe72b75a2c4bde6a58,cff553233941e75169564d196f318bbdd728713e0809f049f5ada55d92b57e1e,7e25783c0a7c26e9b9f205121679098986989cb4fa109a54923972afe75d60ce,ac6168d8c51a9220ff3b88b5de5c6038c357dcd1c8a36c2a1f201e2293e484e8,False,dps,mask,0.25,1,2,0.03,0.03,0.25,0.25,9.44720053144,0.0638812694948,0.284504503012,0.745789051056,0.741312921047,-0.0044761300087,reconstructions/d4edbcc97ec00f079508e13004cf8c0e01806e2a1c89e0eb93c0e8df45158196/dps-mask-0.25-1-2.pt
d4edbcc97ec00f079508e13004cf8c0e01806e2a1c89e0eb93c0e8df45158196,3edb09d41378dfae155626fe72b75a2c4bde6a58,cff553233941e75169564d196f318bbdd728713e0809f049f5ada55d92b57e1e,7e25783c0a7c26e9b9f205121679098986989cb4fa109a54923972afe75d60ce,ac6168d8c51a9220ff3b88b5de5c6038c357dcd1c8a36c2a1f201e2293e484e8,False,diffpir,mask,0.25,1,2,0.03,0.03,0.25,0.25,4.39478662021,0.0159596444728,0.937726795673,0.877159655094,0.948652803898,0.0714931488037,reconstructions/d4edbcc97ec00f079508e13004cf8c0e01806e2a1c89e0eb93c0e8df45158196/diffpir-mask-0.25-1-2.pt
d4edbcc97ec00f079508e13004cf8c0e01806e2a1c89e0eb93c0e8df45158196,3edb09d41378dfae155626fe72b75a2c4bde6a58,cff553233941e75169564d196f318bbdd728713e0809f049f5ada55d92b57e1e,7e25783c0a7c26e9b9f205121679098986989cb4fa109a54923972afe75d60ce,ac6168d8c51a9220ff3b88b5de5c6038c357dcd1c8a36c2a1f201e2293e484e8,False,pigdm,mask,0.25,1,2,0.03,0.03,0.25,0.25,17.8863855751,0.486301722174,0.167076677084,0.18296739459,0.179826140404,-0.00314125418663,reconstructions/d4edbcc97ec00f079508e13004cf8c0e01806e2a1c89e0eb93c0e8df45158196/pigdm-mask-0.25-1-2.pt
d4edbcc97ec00f079508e13004cf8c0e01806e2a1c89e0eb93c0e8df45158196,3edb09d41378dfae155626fe72b75a2c4bde6a58,cff553233941e75169564d196f318bbdd728713e0809f049f5ada55d92b57e1e,7e25783c0a7c26e9b9f205121679098986989cb4fa109a54923972afe75d60ce,ac6168d8c51a9220ff3b88b5de5c6038c357dcd1c8a36c2a1f201e2293e484e8,False,zero_filled,mask,0.25,1,3,0.03,0.03,0.25,0.25,20.9117047542,0.620394739553,0.395596861839,0.0607773624361,0.0607773624361,0,reconstructions/d4edbcc97ec00f079508e13004cf8c0e01806e2a1c89e0eb93c0e8df45158196/zero_filled-mask-0.25-1-3.pt
d4edbcc97ec00f079508e13004cf8c0e01806e2a1c89e0eb93c0e8df45158196,3edb09d41378dfae155626fe72b75a2c4bde6a58,cff553233941e75169564d196f318bbdd728713e0809f049f5ada55d92b57e1e,7e25783c0a7c26e9b9f205121679098986989cb4fa109a54923972afe75d60ce,ac6168d8c51a9220ff3b88b5de5c6038c357dcd1c8a36c2a1f201e2293e484e8,False,tv,mask,0.25,1,3,0.03,0.03,0.25,0.25,21.9158457592,0.677980041112,0.282171845436,0.0574654266238,0.0582451820374,0.000779755413532,reconstructions/d4edbcc97ec00f079508e13004cf8c0e01806e2a1c89e0eb93c0e8df45158196/tv-mask-0.25-1-3.pt
d4edbcc97ec00f079508e13004cf8c0e01806e2a1c89e0eb93c0e8df45158196,3edb09d41378dfae155626fe72b75a2c4bde6a58,cff553233941e75169564d196f318bbdd728713e0809f049f5ada55d92b57e1e,7e25783c0a7c26e9b9f205121679098986989cb4fa109a54923972afe75d60ce,ac6168d8c51a9220ff3b88b5de5c6038c357dcd1c8a36c2a1f201e2293e484e8,False,dps,mask,0.25,1,3,0.03,0.03,0.25,0.25,11.9999609827,0.150804103369,0.386316359043,0.36554402113,0.361344277859,-0.00419974327087,reconstructions/d4edbcc97ec00f079508e13004cf8c0e01806e2a1c89e0eb93c0e8df45158196/dps-mask-0.25-1-3.pt
d4edbcc97ec00f079508e13004cf8c0e01806e2a1c89e0eb93c0e8df45158196,3edb09d41378dfae155626fe72b75a2c4bde6a58,cff553233941e75169564d196f318bbdd728713e0809f049f5ada55d92b57e1e,7e25783c0a7c26e9b9f205121679098986989cb4fa109a54923972afe75d60ce,ac6168d8c51a9220ff3b88b5de5c6038c357dcd1c8a36c2a1f201e2293e484e8,False,diffpir,mask,0.25,1,3,0.03,0.03,0.25,0.25,5.56461499709,0.00764661558386,1.04156935215,0.371012866497,0.45209172368,0.0810788571835,reconstructions/d4edbcc97ec00f079508e13004cf8c0e01806e2a1c89e0eb93c0e8df45158196/diffpir-mask-0.25-1-3.pt
d4edbcc97ec00f079508e13004cf8c0e01806e2a1c89e0eb93c0e8df45158196,3edb09d41378dfae155626fe72b75a2c4bde6a58,cff553233941e75169564d196f318bbdd728713e0809f049f5ada55d92b57e1e,7e25783c0a7c26e9b9f205121679098986989cb4fa109a54923972afe75d60ce,ac6168d8c51a9220ff3b88b5de5c6038c357dcd1c8a36c2a1f201e2293e484e8,False,pigdm,mask,0.25,1,3,0.03,0.03,0.25,0.25,21.8775703239,0.668883603154,0.183055922389,0.0704592317343,0.0679667815566,-0.00249245017767,reconstructions/d4edbcc97ec00f079508e13004cf8c0e01806e2a1c89e0eb93c0e8df45158196/pigdm-mask-0.25-1-3.pt
d4edbcc97ec00f079508e13004cf8c0e01806e2a1c89e0eb93c0e8df45158196,3edb09d41378dfae155626fe72b75a2c4bde6a58,cff553233941e75169564d196f318bbdd728713e0809f049f5ada55d92b57e1e,7e25783c0a7c26e9b9f205121679098986989cb4fa109a54923972afe75d60ce,ac6168d8c51a9220ff3b88b5de5c6038c357dcd1c8a36c2a1f201e2293e484e8,False,zero_filled,mask,0.25,1,4,0.03,0.03,0.25,0.25,20.5567175931,0.667310950045,0.328960359097,0.0566404610872,0.0566404610872,0,reconstructions/d4edbcc97ec00f079508e13004cf8c0e01806e2a1c89e0eb93c0e8df45158196/zero_filled-mask-0.25-1-4.pt
d4edbcc97ec00f079508e13004cf8c0e01806e2a1c89e0eb93c0e8df45158196,3edb09d41378dfae155626fe72b75a2c4bde6a58,cff553233941e75169564d196f318bbdd728713e0809f049f5ada55d92b57e1e,7e25783c0a7c26e9b9f205121679098986989cb4fa109a54923972afe75d60ce,ac6168d8c51a9220ff3b88b5de5c6038c357dcd1c8a36c2a1f201e2293e484e8,False,tv,mask,0.25,1,4,0.03,0.03,0.25,0.25,20.9924384075,0.673530341486,0.214515700936,0.0534986034036,0.0538122989237,0.000313695520163,reconstructions/d4edbcc97ec00f079508e13004cf8c0e01806e2a1c89e0eb93c0e8df45158196/tv-mask-0.25-1-4.pt
d4edbcc97ec00f079508e13004cf8c0e01806e2a1c89e0eb93c0e8df45158196,3edb09d41378dfae155626fe72b75a2c4bde6a58,cff553233941e75169564d196f318bbdd728713e0809f049f5ada55d92b57e1e,7e25783c0a7c26e9b9f205121679098986989cb4fa109a54923972afe75d60ce,ac6168d8c51a9220ff3b88b5de5c6038c357dcd1c8a36c2a1f201e2293e484e8,False,dps,mask,0.25,1,4,0.03,0.03,0.25,0.25,8.15876893247,0.0972763769214,0.470927536488,0.578131616116,0.576990485191,-0.00114113092422,reconstructions/d4edbcc97ec00f079508e13004cf8c0e01806e2a1c89e0eb93c0e8df45158196/dps-mask-0.25-1-4.pt
d4edbcc97ec00f079508e13004cf8c0e01806e2a1c89e0eb93c0e8df45158196,3edb09d41378dfae155626fe72b75a2c4bde6a58,cff553233941e75169564d196f318bbdd728713e0809f049f5ada55d92b57e1e,7e25783c0a7c26e9b9f205121679098986989cb4fa109a54923972afe75d60ce,ac6168d8c51a9220ff3b88b5de5c6038c357dcd1c8a36c2a1f201e2293e484e8,False,diffpir,mask,0.25,1,4,0.03,0.03,0.25,0.25,5.32048243477,0.020252105714,1.00655508041,0.409450680017,0.474939018488,0.0654883384705,reconstructions/d4edbcc97ec00f079508e13004cf8c0e01806e2a1c89e0eb93c0e8df45158196/diffpir-mask-0.25-1-4.pt
d4edbcc97ec00f079508e13004cf8c0e01806e2a1c89e0eb93c0e8df45158196,3edb09d41378dfae155626fe72b75a2c4bde6a58,cff553233941e75169564d196f318bbdd728713e0809f049f5ada55d92b57e1e,7e25783c0a7c26e9b9f205121679098986989cb4fa109a54923972afe75d60ce,ac6168d8c51a9220ff3b88b5de5c6038c357dcd1c8a36c2a1f201e2293e484e8,False,pigdm,mask,0.25,1,4,0.03,0.03,0.25,0.25,21.2119844989,0.663795371996,0.112578913569,0.065978333354,0.0635688379407,-0.0024094954133,reconstructions/d4edbcc97ec00f079508e13004cf8c0e01806e2a1c89e0eb93c0e8df45158196/pigdm-mask-0.25-1-4.pt
d4edbcc97ec00f079508e13004cf8c0e01806e2a1c89e0eb93c0e8df45158196,3edb09d41378dfae155626fe72b75a2c4bde6a58,cff553233941e75169564d196f318bbdd728713e0809f049f5ada55d92b57e1e,7e25783c0a7c26e9b9f205121679098986989cb4fa109a54923972afe75d60ce,ac6168d8c51a9220ff3b88b5de5c6038c357dcd1c8a36c2a1f201e2293e484e8,False,zero_filled,mask,0.25,1,5,0.03,0.03,0.25,0.25,20.5939026042,0.534262236078,0.567190051079,0.054943241179,0.0549432486296,7.45058059692e-09,reconstructions/d4edbcc97ec00f079508e13004cf8c0e01806e2a1c89e0eb93c0e8df45158196/zero_filled-mask-0.25-1-5.pt
d4edbcc97ec00f079508e13004cf8c0e01806e2a1c89e0eb93c0e8df45158196,3edb09d41378dfae155626fe72b75a2c4bde6a58,cff553233941e75169564d196f318bbdd728713e0809f049f5ada55d92b57e1e,7e25783c0a7c26e9b9f205121679098986989cb4fa109a54923972afe75d60ce,ac6168d8c51a9220ff3b88b5de5c6038c357dcd1c8a36c2a1f201e2293e484e8,False,tv,mask,0.25,1,5,0.03,0.03,0.25,0.25,20.8240505242,0.500949462085,0.455337971449,0.0585096217692,0.058312818408,-0.000196803361177,reconstructions/d4edbcc97ec00f079508e13004cf8c0e01806e2a1c89e0eb93c0e8df45158196/tv-mask-0.25-1-5.pt
d4edbcc97ec00f079508e13004cf8c0e01806e2a1c89e0eb93c0e8df45158196,3edb09d41378dfae155626fe72b75a2c4bde6a58,cff553233941e75169564d196f318bbdd728713e0809f049f5ada55d92b57e1e,7e25783c0a7c26e9b9f205121679098986989cb4fa109a54923972afe75d60ce,ac6168d8c51a9220ff3b88b5de5c6038c357dcd1c8a36c2a1f201e2293e484e8,False,dps,mask,0.25,1,5,0.03,0.03,0.25,0.25,8.46245679598,0.0622052592619,0.455635130405,0.51835745573,0.515746593475,-0.0026108622551,reconstructions/d4edbcc97ec00f079508e13004cf8c0e01806e2a1c89e0eb93c0e8df45158196/dps-mask-0.25-1-5.pt
d4edbcc97ec00f079508e13004cf8c0e01806e2a1c89e0eb93c0e8df45158196,3edb09d41378dfae155626fe72b75a2c4bde6a58,cff553233941e75169564d196f318bbdd728713e0809f049f5ada55d92b57e1e,7e25783c0a7c26e9b9f205121679098986989cb4fa109a54923972afe75d60ce,ac6168d8c51a9220ff3b88b5de5c6038c357dcd1c8a36c2a1f201e2293e484e8,False,diffpir,mask,0.25,1,5,0.03,0.03,0.25,0.25,5.56662867532,0.00949246746913,0.854778766632,0.341923385859,0.410619318485,0.0686959326267,reconstructions/d4edbcc97ec00f079508e13004cf8c0e01806e2a1c89e0eb93c0e8df45158196/diffpir-mask-0.25-1-5.pt
d4edbcc97ec00f079508e13004cf8c0e01806e2a1c89e0eb93c0e8df45158196,3edb09d41378dfae155626fe72b75a2c4bde6a58,cff553233941e75169564d196f318bbdd728713e0809f049f5ada55d92b57e1e,7e25783c0a7c26e9b9f205121679098986989cb4fa109a54923972afe75d60ce,ac6168d8c51a9220ff3b88b5de5c6038c357dcd1c8a36c2a1f201e2293e484e8,False,pigdm,mask,0.25,1,5,0.03,0.03,0.25,0.25,19.8993854243,0.435506119082,0.211219742894,0.0643690824509,0.0675925165415,0.00322343409061,reconstructions/d4edbcc97ec00f079508e13004cf8c0e01806e2a1c89e0eb93c0e8df45158196/pigdm-mask-0.25-1-5.pt
d4edbcc97ec00f079508e13004cf8c0e01806e2a1c89e0eb93c0e8df45158196,3edb09d41378dfae155626fe72b75a2c4bde6a58,cff553233941e75169564d196f318bbdd728713e0809f049f5ada55d92b57e1e,7e25783c0a7c26e9b9f205121679098986989cb4fa109a54923972afe75d60ce,ac6168d8c51a9220ff3b88b5de5c6038c357dcd1c8a36c2a1f201e2293e484e8,False,zero_filled,mask,0.25,1,6,0.03,0.03,0.25,0.25,17.0845963323,0.45388494887,0.388323843479,0.14005663991,0.140056654811,1.49011611938e-08,reconstructions/d4edbcc97ec00f079508e13004cf8c0e01806e2a1c89e0eb93c0e8df45158196/zero_filled-mask-0.25-1-6.pt
d4edbcc97ec00f079508e13004cf8c0e01806e2a1c89e0eb93c0e8df45158196,3edb09d41378dfae155626fe72b75a2c4bde6a58,cff553233941e75169564d196f318bbdd728713e0809f049f5ada55d92b57e1e,7e25783c0a7c26e9b9f205121679098986989cb4fa109a54923972afe75d60ce,ac6168d8c51a9220ff3b88b5de5c6038c357dcd1c8a36c2a1f201e2293e484e8,False,tv,mask,0.25,1,6,0.03,0.03,0.25,0.25,17.8706461883,0.590054283855,0.297975838184,0.135383874178,0.136448264122,0.00106438994408,reconstructions/d4edbcc97ec00f079508e13004cf8c0e01806e2a1c89e0eb93c0e8df45158196/tv-mask-0.25-1-6.pt
d4edbcc97ec00f079508e13004cf8c0e01806e2a1c89e0eb93c0e8df45158196,3edb09d41378dfae155626fe72b75a2c4bde6a58,cff553233941e75169564d196f318bbdd728713e0809f049f5ada55d92b57e1e,7e25783c0a7c26e9b9f205121679098986989cb4fa109a54923972afe75d60ce,ac6168d8c51a9220ff3b88b5de5c6038c357dcd1c8a36c2a1f201e2293e484e8,False,dps,mask,0.25,1,6,0.03,0.03,0.25,0.25,5.72718939949,-0.0293428992311,0.488302648067,1.24108397961,1.23762452602,-0.00345945358276,reconstructions/d4edbcc97ec00f079508e13004cf8c0e01806e2a1c89e0eb93c0e8df45158196/dps-mask-0.25-1-6.pt
d4edbcc97ec00f079508e13004cf8c0e01806e2a1c89e0eb93c0e8df45158196,3edb09d41378dfae155626fe72b75a2c4bde6a58,cff553233941e75169564d196f318bbdd728713e0809f049f5ada55d92b57e1e,7e25783c0a7c26e9b9f205121679098986989cb4fa109a54923972afe75d60ce,ac6168d8c51a9220ff3b88b5de5c6038c357dcd1c8a36c2a1f201e2293e484e8,False,diffpir,mask,0.25,1,6,0.03,0.03,0.25,0.25,4.29623664451,0.00457287781804,0.944432854652,0.915405809879,1.00887787342,0.0934720635414,reconstructions/d4edbcc97ec00f079508e13004cf8c0e01806e2a1c89e0eb93c0e8df45158196/diffpir-mask-0.25-1-6.pt
d4edbcc97ec00f079508e13004cf8c0e01806e2a1c89e0eb93c0e8df45158196,3edb09d41378dfae155626fe72b75a2c4bde6a58,cff553233941e75169564d196f318bbdd728713e0809f049f5ada55d92b57e1e,7e25783c0a7c26e9b9f205121679098986989cb4fa109a54923972afe75d60ce,ac6168d8c51a9220ff3b88b5de5c6038c357dcd1c8a36c2a1f201e2293e484e8,False,pigdm,mask,0.25,1,6,0.03,0.03,0.25,0.25,17.0774317196,0.43742195859,0.187436714768,0.188917115331,0.182010859251,-0.00690625607967,reconstructions/d4edbcc97ec00f079508e13004cf8c0e01806e2a1c89e0eb93c0e8df45158196/pigdm-mask-0.25-1-6.pt
d4edbcc97ec00f079508e13004cf8c0e01806e2a1c89e0eb93c0e8df45158196,3edb09d41378dfae155626fe72b75a2c4bde6a58,cff553233941e75169564d196f318bbdd728713e0809f049f5ada55d92b57e1e,7e25783c0a7c26e9b9f205121679098986989cb4fa109a54923972afe75d60ce,ac6168d8c51a9220ff3b88b5de5c6038c357dcd1c8a36c2a1f201e2293e484e8,False,zero_filled,mask,0.25,1,7,0.03,0.03,0.25,0.25,19.4893022204,0.590855237476,0.304543912411,0.100480116904,0.100480109453,-7.45058059692e-09,reconstructions/d4edbcc97ec00f079508e13004cf8c0e01806e2a1c89e0eb93c0e8df45158196/zero_filled-mask-0.25-1-7.pt
d4edbcc97ec00f079508e13004cf8c0e01806e2a1c89e0eb93c0e8df45158196,3edb09d41378dfae155626fe72b75a2c4bde6a58,cff553233941e75169564d196f318bbdd728713e0809f049f5ada55d92b57e1e,7e25783c0a7c26e9b9f205121679098986989cb4fa109a54923972afe75d60ce,ac6168d8c51a9220ff3b88b5de5c6038c357dcd1c8a36c2a1f201e2293e484e8,False,tv,mask,0.25,1,7,0.03,0.03,0.25,0.25,20.3983644032,0.68210171011,0.187766581774,0.0949699282646,0.0950378403068,6.7912042141e-05,reconstructions/d4edbcc97ec00f079508e13004cf8c0e01806e2a1c89e0eb93c0e8df45158196/tv-mask-0.25-1-7.pt
d4edbcc97ec00f079508e13004cf8c0e01806e2a1c89e0eb93c0e8df45158196,3edb09d41378dfae155626fe72b75a2c4bde6a58,cff553233941e75169564d196f318bbdd728713e0809f049f5ada55d92b57e1e,7e25783c0a7c26e9b9f205121679098986989cb4fa109a54923972afe75d60ce,ac6168d8c51a9220ff3b88b5de5c6038c357dcd1c8a36c2a1f201e2293e484e8,False,dps,mask,0.25,1,7,0.03,0.03,0.25,0.25,4.94057093149,0.00868407827293,0.449048817158,1.2875649929,1.2860404253,-0.00152456760406,reconstructions/d4edbcc97ec00f079508e13004cf8c0e01806e2a1c89e0eb93c0e8df45158196/dps-mask-0.25-1-7.pt
d4edbcc97ec00f079508e13004cf8c0e01806e2a1c89e0eb93c0e8df45158196,3edb09d41378dfae155626fe72b75a2c4bde6a58,cff553233941e75169564d196f318bbdd728713e0809f049f5ada55d92b57e1e,7e25783c0a7c26e9b9f205121679098986989cb4fa109a54923972afe75d60ce,ac6168d8c51a9220ff3b88b5de5c6038c357dcd1c8a36c2a1f201e2293e484e8,False,diffpir,mask,0.25,1,7,0.03,0.03,0.25,0.25,4.6996646233,0.00650307761495,0.991202652454,0.764517426491,0.850130081177,0.085612654686,reconstructions/d4edbcc97ec00f079508e13004cf8c0e01806e2a1c89e0eb93c0e8df45158196/diffpir-mask-0.25-1-7.pt
d4edbcc97ec00f079508e13004cf8c0e01806e2a1c89e0eb93c0e8df45158196,3edb09d41378dfae155626fe72b75a2c4bde6a58,cff553233941e75169564d196f318bbdd728713e0809f049f5ada55d92b57e1e,7e25783c0a7c26e9b9f205121679098986989cb4fa109a54923972afe75d60ce,ac6168d8c51a9220ff3b88b5de5c6038c357dcd1c8a36c2a1f201e2293e484e8,False,pigdm,mask,0.25,1,7,0.03,0.03,0.25,0.25,18.0125043118,0.43635477541,0.244378060102,0.184179350734,0.185122594237,0.000943243503571,reconstructions/d4edbcc97ec00f079508e13004cf8c0e01806e2a1c89e0eb93c0e8df45158196/pigdm-mask-0.25-1-7.pt
d4edbcc97ec00f079508e13004cf8c0e01806e2a1c89e0eb93c0e8df45158196,3edb09d41378dfae155626fe72b75a2c4bde6a58,cff553233941e75169564d196f318bbdd728713e0809f049f5ada55d92b57e1e,7e25783c0a7c26e9b9f205121679098986989cb4fa109a54923972afe75d60ce,ac6168d8c51a9220ff3b88b5de5c6038c357dcd1c8a36c2a1f201e2293e484e8,False,zero_filled,mask,0.25,2,0,0.03,0.03,0.25,0.25,21.617740678,0.59003543927,0.366970032454,0.0460134446621,0.0460134521127,7.45058059692e-09,reconstructions/d4edbcc97ec00f079508e13004cf8c0e01806e2a1c89e0eb93c0e8df45158196/zero_filled-mask-0.25-2-0.pt
d4edbcc97ec00f079508e13004cf8c0e01806e2a1c89e0eb93c0e8df45158196,3edb09d41378dfae155626fe72b75a2c4bde6a58,cff553233941e75169564d196f318bbdd728713e0809f049f5ada55d92b57e1e,7e25783c0a7c26e9b9f205121679098986989cb4fa109a54923972afe75d60ce,ac6168d8c51a9220ff3b88b5de5c6038c357dcd1c8a36c2a1f201e2293e484e8,False,tv,mask,0.25,2,0,0.03,0.03,0.25,0.25,21.6811772985,0.571911673664,0.195619687438,0.0464485175908,0.0461663529277,-0.000282164663076,reconstructions/d4edbcc97ec00f079508e13004cf8c0e01806e2a1c89e0eb93c0e8df45158196/tv-mask-0.25-2-0.pt
d4edbcc97ec00f079508e13004cf8c0e01806e2a1c89e0eb93c0e8df45158196,3edb09d41378dfae155626fe72b75a2c4bde6a58,cff553233941e75169564d196f318bbdd728713e0809f049f5ada55d92b57e1e,7e25783c0a7c26e9b9f205121679098986989cb4fa109a54923972afe75d60ce,ac6168d8c51a9220ff3b88b5de5c6038c357dcd1c8a36c2a1f201e2293e484e8,False,dps,mask,0.25,2,0,0.03,0.03,0.25,0.25,10.2179102639,0.059986538639,0.299799203873,0.4616561234,0.457467734814,-0.00418838858604,reconstructions/d4edbcc97ec00f079508e13004cf8c0e01806e2a1c89e0eb93c0e8df45158196/dps-mask-0.25-2-0.pt
d4edbcc97ec00f079508e13004cf8c0e01806e2a1c89e0eb93c0e8df45158196,3edb09d41378dfae155626fe72b75a2c4bde6a58,cff553233941e75169564d196f318bbdd728713e0809f049f5ada55d92b57e1e,7e25783c0a7c26e9b9f205121679098986989cb4fa109a54923972afe75d60ce,ac6168d8c51a9220ff3b88b5de5c6038c357dcd1c8a36c2a1f201e2293e484e8,False,diffpir,mask,0.25,2,0,0.03,0.03,0.25,0.25,5.88924840431,0.0106883011949,0.99654597044,0.300322085619,0.421428352594,0.121106266975,reconstructions/d4edbcc97ec00f079508e13004cf8c0e01806e2a1c89e0eb93c0e8df45158196/diffpir-mask-0.25-2-0.pt
d4edbcc97ec00f079508e13004cf8c0e01806e2a1c89e0eb93c0e8df45158196,3edb09d41378dfae155626fe72b75a2c4bde6a58,cff553233941e75169564d196f318bbdd728713e0809f049f5ada55d92b57e1e,7e25783c0a7c26e9b9f205121679098986989cb4fa109a54923972afe75d60ce,ac6168d8c51a9220ff3b88b5de5c6038c357dcd1c8a36c2a1f201e2293e484e8,False,pigdm,mask,0.25,2,0,0.03,0.03,0.25,0.25,21.3383171039,0.543634238288,0.183233559132,0.054393209517,0.0537128150463,-0.000680394470692,reconstructions/d4edbcc97ec00f079508e13004cf8c0e01806e2a1c89e0eb93c0e8df45158196/pigdm-mask-0.25-2-0.pt
d4edbcc97ec00f079508e13004cf8c0e01806e2a1c89e0eb93c0e8df45158196,3edb09d41378dfae155626fe72b75a2c4bde6a58,cff553233941e75169564d196f318bbdd728713e0809f049f5ada55d92b57e1e,7e25783c0a7c26e9b9f205121679098986989cb4fa109a54923972afe75d60ce,ac6168d8c51a9220ff3b88b5de5c6038c357dcd1c8a36c2a1f201e2293e484e8,False,zero_filled,mask,0.25,2,1,0.03,0.03,0.25,0.25,23.8749814161,0.609021195659,0.659236848354,0.0556267462671,0.0556267462671,0,reconstructions/d4edbcc97ec00f079508e13004cf8c0e01806e2a1c89e0eb93c0e8df45158196/zero_filled-mask-0.25-2-1.pt
d4edbcc97ec00f079508e13004cf8c0e01806e2a1c89e0eb93c0e8df45158196,3edb09d41378dfae155626fe72b75a2c4bde6a58,cff553233941e75169564d196f318bbdd728713e0809f049f5ada55d92b57e1e,7e25783c0a7c26e9b9f205121679098986989cb4fa109a54923972afe75d60ce,ac6168d8c51a9220ff3b88b5de5c6038c357dcd1c8a36c2a1f201e2293e484e8,False,tv,mask,0.25,2,1,0.03,0.03,0.25,0.25,23.8465042358,0.550007303064,0.500926077366,0.0610022842884,0.0612985379994,0.000296253710985,reconstructions/d4edbcc97ec00f079508e13004cf8c0e01806e2a1c89e0eb93c0e8df45158196/tv-mask-0.25-2-1.pt
d4edbcc97ec00f079508e13004cf8c0e01806e2a1c89e0eb93c0e8df45158196,3edb09d41378dfae155626fe72b75a2c4bde6a58,cff553233941e75169564d196f318bbdd728713e0809f049f5ada55d92b57e1e,7e25783c0a7c26e9b9f205121679098986989cb4fa109a54923972afe75d60ce,ac6168d8c51a9220ff3b88b5de5c6038c357dcd1c8a36c2a1f201e2293e484e8,False,dps,mask,0.25,2,1,0.03,0.03,0.25,0.25,12.8105858148,0.20771330458,0.528008103371,0.443908840418,0.441559821367,-0.0023490190506,reconstructions/d4edbcc97ec00f079508e13004cf8c0e01806e2a1c89e0eb93c0e8df45158196/dps-mask-0.25-2-1.pt
d4edbcc97ec00f079508e13004cf8c0e01806e2a1c89e0eb93c0e8df45158196,3edb09d41378dfae155626fe72b75a2c4bde6a58,cff553233941e75169564d196f318bbdd728713e0809f049f5ada55d92b57e1e,7e25783c0a7c26e9b9f205121679098986989cb4fa109a54923972afe75d60ce,ac6168d8c51a9220ff3b88b5de5c6038c357dcd1c8a36c2a1f201e2293e484e8,False,diffpir,mask,0.25,2,1,0.03,0.03,0.25,0.25,6.24291222196,0.0123925361344,0.777955770493,0.30640488863,0.465884953737,0.159480065107,reconstructions/d4edbcc97ec00f079508e13004cf8c0e01806e2a1c89e0eb93c0e8df45158196/diffpir-mask-0.25-2-1.pt
d4edbcc97ec00f079508e13004cf8c0e01806e2a1c89e0eb93c0e8df45158196,3edb09d41378dfae155626fe72b75a2c4bde6a58,cff553233941e75169564d196f318bbdd728713e0809f049f5ada55d92b57e1e,7e25783c0a7c26e9b9f205121679098986989cb4fa109a54923972afe75d60ce,ac6168d8c51a9220ff3b88b5de5c6038c357dcd1c8a36c2a1f201e2293e484e8,False,pigdm,mask,0.25,2,1,0.03,0.03,0.25,0.25,23.8312706239,0.497195581545,0.458898842335,0.0724400281906,0.0701046511531,-0.00233537703753,reconstructions/d4edbcc97ec00f079508e13004cf8c0e01806e2a1c89e0eb93c0e8df45158196/pigdm-mask-0.25-2-1.pt
d4edbcc97ec00f079508e13004cf8c0e01806e2a1c89e0eb93c0e8df45158196,3edb09d41378dfae155626fe72b75a2c4bde6a58,cff553233941e75169564d196f318bbdd728713e0809f049f5ada55d92b57e1e,7e25783c0a7c26e9b9f205121679098986989cb4fa109a54923972afe75d60ce,ac6168d8c51a9220ff3b88b5de5c6038c357dcd1c8a36c2a1f201e2293e484e8,False,zero_filled,mask,0.25,2,2,0.03,0.03,0.25,0.25,18.4196499395,0.515606857434,0.300577104092,0.0925693809986,0.0925693809986,0,reconstructions/d4edbcc97ec00f079508e13004cf8c0e01806e2a1c89e0eb93c0e8df45158196/zero_filled-mask-0.25-2-2.pt
d4edbcc97ec00f079508e13004cf8c0e01806e2a1c89e0eb93c0e8df45158196,3edb09d41378dfae155626fe72b75a2c4bde6a58,cff553233941e75169564d196f318bbdd728713e0809f049f5ada55d92b57e1e,7e25783c0a7c26e9b9f205121679098986989cb4fa109a54923972afe75d60ce,ac6168d8c51a9220ff3b88b5de5c6038c357dcd1c8a36c2a1f201e2293e484e8,False,tv,mask,0.25,2,2,0.03,0.03,0.25,0.25,18.6034753759,0.589272787997,0.207269102335,0.0879380479455,0.0904603227973,0.0025222748518,reconstructions/d4edbcc97ec00f079508e13004cf8c0e01806e2a1c89e0eb93c0e8df45158196/tv-mask-0.25-2-2.pt
d4edbcc97ec00f079508e13004cf8c0e01806e2a1c89e0eb93c0e8df45158196,3edb09d41378dfae155626fe72b75a2c4bde6a58,cff553233941e75169564d196f318bbdd728713e0809f049f5ada55d92b57e1e,7e25783c0a7c26e9b9f205121679098986989cb4fa109a54923972afe75d60ce,ac6168d8c51a9220ff3b88b5de5c6038c357dcd1c8a36c2a1f201e2293e484e8,False,dps,mask,0.25,2,2,0.03,0.03,0.25,0.25,7.57437650851,0.0102547936593,0.422770828009,0.959493279457,0.955321669579,-0.00417160987854,reconstructions/d4edbcc97ec00f079508e13004cf8c0e01806e2a1c89e0eb93c0e8df45158196/dps-mask-0.25-2-2.pt
d4edbcc97ec00f079508e13004cf8c0e01806e2a1c89e0eb93c0e8df45158196,3edb09d41378dfae155626fe72b75a2c4bde6a58,cff553233941e75169564d196f318bbdd728713e0809f049f5ada55d92b57e1e,7e25783c0a7c26e9b9f205121679098986989cb4fa109a54923972afe75d60ce,ac6168d8c51a9220ff3b88b5de5c6038c357dcd1c8a36c2a1f201e2293e484e8,False,diffpir,mask,0.25,2,2,0.03,0.03,0.25,0.25,4.40261606403,0.00977115571483,1.00816166401,0.874956607819,0.978430569172,0.103473961353,reconstructions/d4edbcc97ec00f079508e13004cf8c0e01806e2a1c89e0eb93c0e8df45158196/diffpir-mask-0.25-2-2.pt
d4edbcc97ec00f079508e13004cf8c0e01806e2a1c89e0eb93c0e8df45158196,3edb09d41378dfae155626fe72b75a2c4bde6a58,cff553233941e75169564d196f318bbdd728713e0809f049f5ada55d92b57e1e,7e25783c0a7c26e9b9f205121679098986989cb4fa109a54923972afe75d60ce,ac6168d8c51a9220ff3b88b5de5c6038c357dcd1c8a36c2a1f201e2293e484e8,False,pigdm,mask,0.25,2,2,0.03,0.03,0.25,0.25,17.6106763644,0.493018258635,0.155979186296,0.175487220287,0.172116145492,-0.00337107479572,reconstructions/d4edbcc97ec00f079508e13004cf8c0e01806e2a1c89e0eb93c0e8df45158196/pigdm-mask-0.25-2-2.pt
d4edbcc97ec00f079508e13004cf8c0e01806e2a1c89e0eb93c0e8df45158196,3edb09d41378dfae155626fe72b75a2c4bde6a58,cff553233941e75169564d196f318bbdd728713e0809f049f5ada55d92b57e1e,7e25783c0a7c26e9b9f205121679098986989cb4fa109a54923972afe75d60ce,ac6168d8c51a9220ff3b88b5de5c6038c357dcd1c8a36c2a1f201e2293e484e8,False,zero_filled,mask,0.25,2,3,0.03,0.03,0.25,0.25,20.9118256787,0.621672319508,0.392986774445,0.053692728281,0.053692728281,0,reconstructions/d4edbcc97ec00f079508e13004cf8c0e01806e2a1c89e0eb93c0e8df45158196/zero_filled-mask-0.25-2-3.pt
d4edbcc97ec00f079508e13004cf8c0e01806e2a1c89e0eb93c0e8df45158196,3edb09d41378dfae155626fe72b75a2c4bde6a58,cff553233941e75169564d196f318bbdd728713e0809f049f5ada55d92b57e1e,7e25783c0a7c26e9b9f205121679098986989cb4fa109a54923972afe75d60ce,ac6168d8c51a9220ff3b88b5de5c6038c357dcd1c8a36c2a1f201e2293e484e8,False,tv,mask,0.25,2,3,0.03,0.03,0.25,0.25,21.001636785,0.622440978893,0.25959867239,0.0501353479922,0.0509582459927,0.000822898000479,reconstructions/d4edbcc97ec00f079508e13004cf8c0e01806e2a1c89e0eb93c0e8df45158196/tv-mask-0.25-2-3.pt
d4edbcc97ec00f079508e13004cf8c0e01806e2a1c89e0eb93c0e8df45158196,3edb09d41378dfae155626fe72b75a2c4bde6a58,cff553233941e75169564d196f318bbdd728713e0809f049f5ada55d92b57e1e,7e25783c0a7c26e9b9f205121679098986989cb4fa109a54923972afe75d60ce,ac6168d8c51a9220ff3b88b5de5c6038c357dcd1c8a36c2a1f201e2293e484e8,False,dps,mask,0.25,2,3,0.03,0.03,0.25,0.25,9.66048236603,0.0840454973476,0.520945727825,0.502433657646,0.49979659915,-0.00263705849648,reconstructions/d4edbcc97ec00f079508e13004cf8c0e01806e2a1c89e0eb93c0e8df45158196/dps-mask-0.25-2-3.pt
d4edbcc97ec00f079508e13004cf8c0e01806e2a1c89e0eb93c0e8df45158196,3edb09d41378dfae155626fe72b75a2c4bde6a58,cff553233941e75169564d196f318bbdd728713e0809f049f5ada55d92b57e1e,7e25783c0a7c26e9b9f205121679098986989cb4fa109a54923972afe75d60ce,ac6168d8c51a9220ff3b88b5de5c6038c357dcd1c8a36c2a1f201e2293e484e8,False,diffpir,mask,0.25,2,3,0.03,0.03,0.25,0.25,5.55158011009,0.00899653805585,0.997375547886,0.372491717339,0.466556221247,0.0940645039082,reconstructions/d4edbcc97ec00f079508e13004cf8c0e01806e2a1c89e0eb93c0e8df45158196/diffpir-mask-0.25-2-3.pt
d4edbcc97ec00f079508e13004cf8c0e01806e2a1c89e0eb93c0e8df45158196,3edb09d41378dfae155626fe72b75a2c4bde6a58,cff553233941e75169564d196f318bbdd728713e0809f049f5ada55d92b57e1e,7e25783c0a7c26e9b9f205121679098986989cb4fa109a54923972afe75d60ce,ac6168d8c51a9220ff3b88b5de5c6038c357dcd1c8a36c2a1f201e2293e484e8,False,pigdm,mask,0.25,2,3,0.03,0.03,0.25,0.25,20.7709520162,0.615285214579,0.203802287579,0.077205941081,0.075020045042,-0.00218589603901,reconstructions/d4edbcc97ec00f079508e13004cf8c0e01806e2a1c89e0eb93c0e8df45158196/pigdm-mask-0.25-2-3.pt
d4edbcc97ec00f079508e13004cf8c0e01806e2a1c89e0eb93c0e8df45158196,3edb09d41378dfae155626fe72b75a2c4bde6a58,cff553233941e75169564d196f318bbdd728713e0809f049f5ada55d92b57e1e,7e25783c0a7c26e9b9f205121679098986989cb4fa109a54923972afe75d60ce,ac6168d8c51a9220ff3b88b5de5c6038c357dcd1c8a36c2a1f201e2293e484e8,False,zero_filled,mask,0.25,2,4,0.03,0.03,0.25,0.25,20.5514229689,0.666303666481,0.332210808992,0.0464621186256,0.0464621223509,3.72529029846e-09,reconstructions/d4edbcc97ec00f079508e13004cf8c0e01806e2a1c89e0eb93c0e8df45158196/zero_filled-mask-0.25-2-4.pt
d4edbcc97ec00f079508e13004cf8c0e01806e2a1c89e0eb93c0e8df45158196,3edb09d41378dfae155626fe72b75a2c4bde6a58,cff553233941e75169564d196f318bbdd728713e0809f049f5ada55d92b57e1e,7e25783c0a7c26e9b9f205121679098986989cb4fa109a54923972afe75d60ce,ac6168d8c51a9220ff3b88b5de5c6038c357dcd1c8a36c2a1f201e2293e484e8,False,tv,mask,0.25,2,4,0.03,0.03,0.25,0.25,20.6892951277,0.659094349362,0.193353354931,0.0426529832184,0.042623013258,-2.99699604511e-05,reconstructions/d4edbcc97ec00f079508e13004cf8c0e01806e2a1c89e0eb93c0e8df45158196/tv-mask-0.25-2-4.pt
d4edbcc97ec00f079508e13004cf8c0e01806e2a1c89e0eb93c0e8df45158196,3edb09d41378dfae155626fe72b75a2c4bde6a58,cff553233941e75169564d196f318bbdd728713e0809f049f5ada55d92b57e1e,7e25783c0a7c26e9b9f205121679098986989cb4fa109a54923972afe75d60ce,ac6168d8c51a9220ff3b88b5de5c6038c357dcd1c8a36c2a1f201e2293e484e8,False,dps,mask,0.25,2,4,0.03,0.03,0.25,0.25,9.38286061831,0.010626589674,0.235186964273,0.48715081811,0.481140524149,-0.00601029396057,reconstructions/d4edbcc97ec00f079508e13004cf8c0e01806e2a1c89e0eb93c0e8df45158196/dps-mask-0.25-2-4.pt
d4edbcc97ec00f079508e13004cf8c0e01806e2a1c89e0eb93c0e8df45158196,3edb09d41378dfae155626fe72b75a2c4bde6a58,cff553233941e75169564d196f318bbdd728713e0809f049f5ada55d92b57e1e,7e25783c0a7c26e9b9f205121679098986989cb4fa109a54923972afe75d60ce,ac6168d8c51a9220ff3b88b5de5c6038c357dcd1c8a36c2a1f201e2293e484e8,False,diffpir,mask,0.25,2,4,0.03,0.03,0.25,0.25,5.23608304187,0.0121904128454,1.00265729427,0.412091135979,0.508755803108,0.0966646671295,reconstructions/d4edbcc97ec00f079508e13004cf8c0e01806e2a1c89e0eb93c0e8df45158196/diffpir-mask-0.25-2-4.pt
d4edbcc97ec00f079508e13004cf8c0e01806e2a1c89e0eb93c0e8df45158196,3edb09d41378dfae155626fe72b75a2c4bde6a58,cff553233941e75169564d196f318bbdd728713e0809f049f5ada55d92b57e1e,7e25783c0a7c26e9b9f205121679098986989cb4fa109a54923972afe75d60ce,ac6168d8c51a9220ff3b88b5de5c6038c357dcd1c8a36c2a1f201e2293e484e8,False,pigdm,mask,0.25,2,4,0.03,0.03,0.25,0.25,20.4635896163,0.604745996535,0.102433443069,0.061584636569,0.0587519332767,-0.00283270329237,reconstructions/d4edbcc97ec00f079508e13004cf8c0e01806e2a1c89e0eb93c0e8df45158196/pigdm-mask-0.25-2-4.pt
d4edbcc97ec00f079508e13004cf8c0e01806e2a1c89e0eb93c0e8df45158196,3edb09d41378dfae155626fe72b75a2c4bde6a58,cff553233941e75169564d196f318bbdd728713e0809f049f5ada55d92b57e1e,7e25783c0a7c26e9b9f205121679098986989cb4fa109a54923972afe75d60ce,ac6168d8c51a9220ff3b88b5de5c6038c357dcd1c8a36c2a1f201e2293e484e8,False,zero_filled,mask,0.25,2,5,0.03,0.03,0.25,0.25,20.5940835609,0.537817763512,0.565306127071,0.0439616963267,0.0439616963267,0,reconstructions/d4edbcc97ec00f079508e13004cf8c0e01806e2a1c89e0eb93c0e8df45158196/zero_filled-mask-0.25-2-5.pt
d4edbcc97ec00f079508e13004cf8c0e01806e2a1c89e0eb93c0e8df45158196,3edb09d41378dfae155626fe72b75a2c4bde6a58,cff553233941e75169564d196f318bbdd728713e0809f049f5ada55d92b57e1e,7e25783c0a7c26e9b9f205121679098986989cb4fa109a54923972afe75d60ce,ac6168d8c51a9220ff3b88b5de5c6038c357dcd1c8a36c2a1f201e2293e484e8,False,tv,mask,0.25,2,5,0.03,0.03,0.25,0.25,20.6549845203,0.495817478236,0.453000128269,0.0481479354203,0.0479969680309,-0.000150967389345,reconstructions/d4edbcc97ec00f079508e13004cf8c0e01806e2a1c89e0eb93c0e8df45158196/tv-mask-0.25-2-5.pt
d4edbcc97ec00f079508e13004cf8c0e01806e2a1c89e0eb93c0e8df45158196,3edb09d41378dfae155626fe72b75a2c4bde6a58,cff553233941e75169564d196f318bbdd728713e0809f049f5ada55d92b57e1e,7e25783c0a7c26e9b9f205121679098986989cb4fa109a54923972afe75d60ce,ac6168d8c51a9220ff3b88b5de5c6038c357dcd1c8a36c2a1f201e2293e484e8,False,dps,mask,0.25,2,5,0.03,0.03,0.25,0.25,9.92415519439,0.0830282703556,0.573029339314,0.437337517738,0.433368831873,-0.0039686858654,reconstructions/d4edbcc97ec00f079508e13004cf8c0e01806e2a1c89e0eb93c0e8df45158196/dps-mask-0.25-2-5.pt
d4edbcc97ec00f079508e13004cf8c0e01806e2a1c89e0eb93c0e8df45158196,3edb09d41378dfae155626fe72b75a2c4bde6a58,cff553233941e75169564d196f318bbdd728713e0809f049f5ada55d92b57e1e,7e25783c0a7c26e9b9f205121679098986989cb4fa109a54923972afe75d60ce,ac6168d8c51a9220ff3b88b5de5c6038c357dcd1c8a36c2a1f201e2293e484e8,False,diffpir,mask,0.25,2,5,0.03,0.03,0.25,0.25,5.53267695031,0.0116351536779,0.898956179619,0.342112660408,0.442451775074,0.100339114666,reconstructions/d4edbcc97ec00f079508e13004cf8c0e01806e2a1c89e0eb93c0e8df45158196/diffpir-mask-0.25-2-5.pt
d4edbcc97ec00f079508e13004cf8c0e01806e2a1c89e0eb93c0e8df45158196,3edb09d41378dfae155626fe72b75a2c4bde6a58,cff553233941e75169564d196f318bbdd728713e0809f049f5ada55d92b57e1e,7e25783c0a7c26e9b9f205121679098986989cb4fa109a54923972afe75d60ce,ac6168d8c51a9220ff3b88b5de5c6038c357dcd1c8a36c2a1f201e2293e484e8,False,pigdm,mask,0.25,2,5,0.03,0.03,0.25,0.25,20.0306528138,0.424870701021,0.370337843895,0.0608380548656,0.0609910972416,0.000153042376041,reconstructions/d4edbcc97ec00f079508e13004cf8c0e01806e2a1c89e0eb93c0e8df45158196/pigdm-mask-0.25-2-5.pt
d4edbcc97ec00f079508e13004cf8c0e01806e2a1c89e0eb93c0e8df45158196,3edb09d41378dfae155626fe72b75a2c4bde6a58,cff553233941e75169564d196f318bbdd728713e0809f049f5ada55d92b57e1e,7e25783c0a7c26e9b9f205121679098986989cb4fa109a54923972afe75d60ce,ac6168d8c51a9220ff3b88b5de5c6038c357dcd1c8a36c2a1f201e2293e484e8,False,zero_filled,mask,0.25,2,6,0.03,0.03,0.25,0.25,17.0837048884,0.450969021969,0.389017015696,0.109085030854,0.109085030854,0,reconstructions/d4edbcc97ec00f079508e13004cf8c0e01806e2a1c89e0eb93c0e8df45158196/zero_filled-mask-0.25-2-6.pt
d4edbcc97ec00f079508e13004cf8c0e01806e2a1c89e0eb93c0e8df45158196,3edb09d41378dfae155626fe72b75a2c4bde6a58,cff553233941e75169564d196f318bbdd728713e0809f049f5ada55d92b57e1e,7e25783c0a7c26e9b9f205121679098986989cb4fa109a54923972afe75d60ce,ac6168d8c51a9220ff3b88b5de5c6038c357dcd1c8a36c2a1f201e2293e484e8,False,tv,mask,0.25,2,6,0.03,0.03,0.25,0.25,17.1691953484,0.48145363503,0.301501572132,0.103196233511,0.105640001595,0.00244376808405,reconstructions/d4edbcc97ec00f079508e13004cf8c0e01806e2a1c89e0eb93c0e8df45158196/tv-mask-0.25-2-6.pt
d4edbcc97ec00f079508e13004cf8c0e01806e2a1c89e0eb93c0e8df45158196,3edb09d41378dfae155626fe72b75a2c4bde6a58,cff553233941e75169564d196f318bbdd728713e0809f049f5ada55d92b57e1e,7e25783c0a7c26e9b9f205121679098986989cb4fa109a54923972afe75d60ce,ac6168d8c51a9220ff3b88b5de5c6038c357dcd1c8a36c2a1f201e2293e484e8,False,dps,mask,0.25,2,6,0.03,0.03,0.25,0.25,4.31359232814,-0.00881011371369,0.522716343403,1.50092327595,1.499142766,-0.00178050994873,reconstructions/d4edbcc97ec00f079508e13004cf8c0e01806e2a1c89e0eb93c0e8df45158196/dps-mask-0.25-2-6.pt
d4edbcc97ec00f079508e13004cf8c0e01806e2a1c89e0eb93c0e8df45158196,3edb09d41378dfae155626fe72b75a2c4bde6a58,cff553233941e75169564d196f318bbdd728713e0809f049f5ada55d92b57e1e,7e25783c0a7c26e9b9f205121679098986989cb4fa109a54923972afe75d60ce,ac6168d8c51a9220ff3b88b5de5c6038c357dcd1c8a36c2a1f201e2293e484e8,False,diffpir,mask,0.25,2,6,0.03,0.03,0.25,0.25,4.3486195769,0.00639909679673,0.987797558308,0.903950214386,1.00816726685,0.10421705246,reconstructions/d4edbcc97ec00f079508e13004cf8c0e01806e2a1c89e0eb93c0e8df45158196/diffpir-mask-0.25-2-6.pt
d4edbcc97ec00f079508e13004cf8c0e01806e2a1c89e0eb93c0e8df45158196,3edb09d41378dfae155626fe72b75a2c4bde6a58,cff553233941e75169564d196f318bbdd728713e0809f049f5ada55d92b57e1e,7e25783c0a7c26e9b9f205121679098986989cb4fa109a54923972afe75d60ce,ac6168d8c51a9220ff3b88b5de5c6038c357dcd1c8a36c2a1f201e2293e484e8,False,pigdm,mask,0.25,2,6,0.03,0.03,0.25,0.25,16.8865909424,0.423090300804,0.214433342218,0.187147438526,0.177277177572,-0.0098702609539,reconstructions/d4edbcc97ec00f079508e13004cf8c0e01806e2a1c89e0eb93c0e8df45158196/pigdm-mask-0.25-2-6.pt
d4edbcc97ec00f079508e13004cf8c0e01806e2a1c89e0eb93c0e8df45158196,3edb09d41378dfae155626fe72b75a2c4bde6a58,cff553233941e75169564d196f318bbdd728713e0809f049f5ada55d92b57e1e,7e25783c0a7c26e9b9f205121679098986989cb4fa109a54923972afe75d60ce,ac6168d8c51a9220ff3b88b5de5c6038c357dcd1c8a36c2a1f201e2293e484e8,False,zero_filled,mask,0.25,2,7,0.03,0.03,0.25,0.25,19.4841914014,0.592594591807,0.302670359612,0.0827515125275,0.0827515125275,0,reconstructions/d4edbcc97ec00f079508e13004cf8c0e01806e2a1c89e0eb93c0e8df45158196/zero_filled-mask-0.25-2-7.pt
d4edbcc97ec00f079508e13004cf8c0e01806e2a1c89e0eb93c0e8df45158196,3edb09d41378dfae155626fe72b75a2c4bde6a58,cff553233941e75169564d196f318bbdd728713e0809f049f5ada55d92b57e1e,7e25783c0a7c26e9b9f205121679098986989cb4fa109a54923972afe75d60ce,ac6168d8c51a9220ff3b88b5de5c6038c357dcd1c8a36c2a1f201e2293e484e8,False,tv,mask,0.25,2,7,0.03,0.03,0.25,0.25,19.6444541882,0.611568379111,0.186032667756,0.0764822214842,0.0762078016996,-0.000274419784546,reconstructions/d4edbcc97ec00f079508e13004cf8c0e01806e2a1c89e0eb93c0e8df45158196/tv-mask-0.25-2-7.pt
d4edbcc97ec00f079508e13004cf8c0e01806e2a1c89e0eb93c0e8df45158196,3edb09d41378dfae155626fe72b75a2c4bde6a58,cff553233941e75169564d196f318bbdd728713e0809f049f5ada55d92b57e1e,7e25783c0a7c26e9b9f205121679098986989cb4fa109a54923972afe75d60ce,ac6168d8c51a9220ff3b88b5de5c6038c357dcd1c8a36c2a1f201e2293e484e8,False,dps,mask,0.25,2,7,0.03,0.03,0.25,0.25,6.67556332353,0.0748510866833,0.577851176262,1.05269312859,1.05156648159,-0.00112664699554,reconstructions/d4edbcc97ec00f079508e13004cf8c0e01806e2a1c89e0eb93c0e8df45158196/dps-mask-0.25-2-7.pt
d4edbcc97ec00f079508e13004cf8c0e01806e2a1c89e0eb93c0e8df45158196,3edb09d41378dfae155626fe72b75a2c4bde6a58,cff553233941e75169564d196f318bbdd728713e0809f049f5ada55d92b57e1e,7e25783c0a7c26e9b9f205121679098986989cb4fa109a54923972afe75d60ce,ac6168d8c51a9220ff3b88b5de5c6038c357dcd1c8a36c2a1f201e2293e484e8,False,diffpir,mask,0.25,2,7,0.03,0.03,0.25,0.25,4.65287523478,-9.22544815876e-05,1.03605818748,0.776876866817,0.884021222591,0.107144355774,reconstructions/d4edbcc97ec00f079508e13004cf8c0e01806e2a1c89e0eb93c0e8df45158196/diffpir-mask-0.25-2-7.pt
d4edbcc97ec00f079508e13004cf8c0e01806e2a1c89e0eb93c0e8df45158196,3edb09d41378dfae155626fe72b75a2c4bde6a58,cff553233941e75169564d196f318bbdd728713e0809f049f5ada55d92b57e1e,7e25783c0a7c26e9b9f205121679098986989cb4fa109a54923972afe75d60ce,ac6168d8c51a9220ff3b88b5de5c6038c357dcd1c8a36c2a1f201e2293e484e8,False,pigdm,mask,0.25,2,7,0.03,0.03,0.25,0.25,19.8729196566,0.516591751834,0.156484931707,0.115892842412,0.110667563975,-0.00522527843714,reconstructions/d4edbcc97ec00f079508e13004cf8c0e01806e2a1c89e0eb93c0e8df45158196/pigdm-mask-0.25-2-7.pt
d4edbcc97ec00f079508e13004cf8c0e01806e2a1c89e0eb93c0e8df45158196,3edb09d41378dfae155626fe72b75a2c4bde6a58,cff553233941e75169564d196f318bbdd728713e0809f049f5ada55d92b57e1e,7e25783c0a7c26e9b9f205121679098986989cb4fa109a54923972afe75d60ce,ac6168d8c51a9220ff3b88b5de5c6038c357dcd1c8a36c2a1f201e2293e484e8,False,zero_filled,noise,-2,0,0,0.03,0.0040600584971,0,0.25,22.6588457485,0.656826713866,0.224726304412,0.0395699553192,0.0395699553192,0,reconstructions/d4edbcc97ec00f079508e13004cf8c0e01806e2a1c89e0eb93c0e8df45158196/zero_filled-noise--2.0-0-0.pt
d4edbcc97ec00f079508e13004cf8c0e01806e2a1c89e0eb93c0e8df45158196,3edb09d41378dfae155626fe72b75a2c4bde6a58,cff553233941e75169564d196f318bbdd728713e0809f049f5ada55d92b57e1e,7e25783c0a7c26e9b9f205121679098986989cb4fa109a54923972afe75d60ce,ac6168d8c51a9220ff3b88b5de5c6038c357dcd1c8a36c2a1f201e2293e484e8,False,tv,noise,-2,0,0,0.03,0.0040600584971,0,0.25,23.9930577641,0.700592967754,0.111344195902,0.0352379865944,0.0352379865944,0,reconstructions/d4edbcc97ec00f079508e13004cf8c0e01806e2a1c89e0eb93c0e8df45158196/tv-noise--2.0-0-0.pt
d4edbcc97ec00f079508e13004cf8c0e01806e2a1c89e0eb93c0e8df45158196,3edb09d41378dfae155626fe72b75a2c4bde6a58,cff553233941e75169564d196f318bbdd728713e0809f049f5ada55d92b57e1e,7e25783c0a7c26e9b9f205121679098986989cb4fa109a54923972afe75d60ce,ac6168d8c51a9220ff3b88b5de5c6038c357dcd1c8a36c2a1f201e2293e484e8,False,dps,noise,-2,0,0,0.03,0.0040600584971,0,0.25,7.80993773737,0.0645864155882,0.385093271732,0.617158830166,0.617158830166,0,reconstructions/d4edbcc97ec00f079508e13004cf8c0e01806e2a1c89e0eb93c0e8df45158196/dps-noise--2.0-0-0.pt
d4edbcc97ec00f079508e13004cf8c0e01806e2a1c89e0eb93c0e8df45158196,3edb09d41378dfae155626fe72b75a2c4bde6a58,cff553233941e75169564d196f318bbdd728713e0809f049f5ada55d92b57e1e,7e25783c0a7c26e9b9f205121679098986989cb4fa109a54923972afe75d60ce,ac6168d8c51a9220ff3b88b5de5c6038c357dcd1c8a36c2a1f201e2293e484e8,False,diffpir,noise,-2,0,0,0.03,0.0040600584971,0,0.25,6.09621409076,0.0263120013396,1.03967356682,0.237049505115,0.237049505115,0,reconstructions/d4edbcc97ec00f079508e13004cf8c0e01806e2a1c89e0eb93c0e8df45158196/diffpir-noise--2.0-0-0.pt
d4edbcc97ec00f079508e13004cf8c0e01806e2a1c89e0eb93c0e8df45158196,3edb09d41378dfae155626fe72b75a2c4bde6a58,cff553233941e75169564d196f318bbdd728713e0809f049f5ada55d92b57e1e,7e25783c0a7c26e9b9f205121679098986989cb4fa109a54923972afe75d60ce,ac6168d8c51a9220ff3b88b5de5c6038c357dcd1c8a36c2a1f201e2293e484e8,False,pigdm,noise,-2,0,0,0.03,0.0040600584971,0,0.25,23.7567445886,0.701525691131,0.104790210724,0.0328097753227,0.0328097753227,0,reconstructions/d4edbcc97ec00f079508e13004cf8c0e01806e2a1c89e0eb93c0e8df45158196/pigdm-noise--2.0-0-0.pt
d4edbcc97ec00f079508e13004cf8c0e01806e2a1c89e0eb93c0e8df45158196,3edb09d41378dfae155626fe72b75a2c4bde6a58,cff553233941e75169564d196f318bbdd728713e0809f049f5ada55d92b57e1e,7e25783c0a7c26e9b9f205121679098986989cb4fa109a54923972afe75d60ce,ac6168d8c51a9220ff3b88b5de5c6038c357dcd1c8a36c2a1f201e2293e484e8,False,zero_filled,noise,-2,0,1,0.03,0.0040600584971,0,0.25,25.0129313257,0.684842478213,0.489915013313,0.0423987694085,0.0423987694085,0,reconstructions/d4edbcc97ec00f079508e13004cf8c0e01806e2a1c89e0eb93c0e8df45158196/zero_filled-noise--2.0-0-1.pt
d4edbcc97ec00f079508e13004cf8c0e01806e2a1c89e0eb93c0e8df45158196,3edb09d41378dfae155626fe72b75a2c4bde6a58,cff553233941e75169564d196f318bbdd728713e0809f049f5ada55d92b57e1e,7e25783c0a7c26e9b9f205121679098986989cb4fa109a54923972afe75d60ce,ac6168d8c51a9220ff3b88b5de5c6038c357dcd1c8a36c2a1f201e2293e484e8,False,tv,noise,-2,0,1,0.03,0.0040600584971,0,0.25,26.3332726662,0.653182526401,0.412327110767,0.0488629378378,0.0488629378378,0,reconstructions/d4edbcc97ec00f079508e13004cf8c0e01806e2a1c89e0eb93c0e8df45158196/tv-noise--2.0-0-1.pt
d4edbcc97ec00f079508e13004cf8c0e01806e2a1c89e0eb93c0e8df45158196,3edb09d41378dfae155626fe72b75a2c4bde6a58,cff553233941e75169564d196f318bbdd728713e0809f049f5ada55d92b57e1e,7e25783c0a7c26e9b9f205121679098986989cb4fa109a54923972afe75d60ce,ac6168d8c51a9220ff3b88b5de5c6038c357dcd1c8a36c2a1f201e2293e484e8,False,dps,noise,-2,0,1,0.03,0.0040600584971,0,0.25,13.0257324903,0.108959325591,0.509145975113,0.415755957365,0.415755957365,0,reconstructions/d4edbcc97ec00f079508e13004cf8c0e01806e2a1c89e0eb93c0e8df45158196/dps-noise--2.0-0-1.pt
d4edbcc97ec00f079508e13004cf8c0e01806e2a1c89e0eb93c0e8df45158196,3edb09d41378dfae155626fe72b75a2c4bde6a58,cff553233941e75169564d196f318bbdd728713e0809f049f5ada55d92b57e1e,7e25783c0a7c26e9b9f205121679098986989cb4fa109a54923972afe75d60ce,ac6168d8c51a9220ff3b88b5de5c6038c357dcd1c8a36c2a1f201e2293e484e8,False,diffpir,noise,-2,0,1,0.03,0.0040600584971,0,0.25,6.23009506052,0.0119003988824,0.784070670605,0.252271473408,0.252271473408,0,reconstructions/d4edbcc97ec00f079508e13004cf8c0e01806e2a1c89e0eb93c0e8df45158196/diffpir-noise--2.0-0-1.pt
d4edbcc97ec00f079508e13004cf8c0e01806e2a1c89e0eb93c0e8df45158196,3edb09d41378dfae155626fe72b75a2c4bde6a58,cff553233941e75169564d196f318bbdd728713e0809f049f5ada55d92b57e1e,7e25783c0a7c26e9b9f205121679098986989cb4fa109a54923972afe75d60ce,ac6168d8c51a9220ff3b88b5de5c6038c357dcd1c8a36c2a1f201e2293e484e8,False,pigdm,noise,-2,0,1,0.03,0.0040600584971,0,0.25,26.027544011,0.707710070002,0.292186617851,0.0392578244209,0.0392578244209,0,reconstructions/d4edbcc97ec00f079508e13004cf8c0e01806e2a1c89e0eb93c0e8df45158196/pigdm-noise--2.0-0-1.pt
d4edbcc97ec00f079508e13004cf8c0e01806e2a1c89e0eb93c0e8df45158196,3edb09d41378dfae155626fe72b75a2c4bde6a58,cff553233941e75169564d196f318bbdd728713e0809f049f5ada55d92b57e1e,7e25783c0a7c26e9b9f205121679098986989cb4fa109a54923972afe75d60ce,ac6168d8c51a9220ff3b88b5de5c6038c357dcd1c8a36c2a1f201e2293e484e8,False,zero_filled,noise,-2,0,2,0.03,0.0040600584971,0,0.25,19.7140299136,0.564251840883,0.209074571729,0.0821735113859,0.0821735113859,0,reconstructions/d4edbcc97ec00f079508e13004cf8c0e01806e2a1c89e0eb93c0e8df45158196/zero_filled-noise--2.0-0-2.pt
d4edbcc97ec00f079508e13004cf8c0e01806e2a1c89e0eb93c0e8df45158196,3edb09d41378dfae155626fe72b75a2c4bde6a58,cff553233941e75169564d196f318bbdd728713e0809f049f5ada55d92b57e1e,7e25783c0a7c26e9b9f205121679098986989cb4fa109a54923972afe75d60ce,ac6168d8c51a9220ff3b88b5de5c6038c357dcd1c8a36c2a1f201e2293e484e8,False,tv,noise,-2,0,2,0.03,0.0040600584971,0,0.25,23.3861487909,0.847903183694,0.0454960241914,0.0539273731411,0.0539273731411,0,reconstructions/d4edbcc97ec00f079508e13004cf8c0e01806e2a1c89e0eb93c0e8df45158196/tv-noise--2.0-0-2.pt
d4edbcc97ec00f079508e13004cf8c0e01806e2a1c89e0eb93c0e8df45158196,3edb09d41378dfae155626fe72b75a2c4bde6a58,cff553233941e75169564d196f318bbdd728713e0809f049f5ada55d92b57e1e,7e25783c0a7c26e9b9f205121679098986989cb4fa109a54923972afe75d60ce,ac6168d8c51a9220ff3b88b5de5c6038c357dcd1c8a36c2a1f201e2293e484e8,False,dps,noise,-2,0,2,0.03,0.0040600584971,0,0.25,11.3987603717,0.185226759458,0.151028990746,0.561881065369,0.561881065369,0,reconstructions/d4edbcc97ec00f079508e13004cf8c0e01806e2a1c89e0eb93c0e8df45158196/dps-noise--2.0-0-2.pt
d4edbcc97ec00f079508e13004cf8c0e01806e2a1c89e0eb93c0e8df45158196,3edb09d41378dfae155626fe72b75a2c4bde6a58,cff553233941e75169564d196f318bbdd728713e0809f049f5ada55d92b57e1e,7e25783c0a7c26e9b9f205121679098986989cb4fa109a54923972afe75d60ce,ac6168d8c51a9220ff3b88b5de5c6038c357dcd1c8a36c2a1f201e2293e484e8,False,diffpir,noise,-2,0,2,0.03,0.0040600584971,0,0.25,5.2579900176,0.0493548355713,0.937159717083,0.610299885273,0.610299885273,0,reconstructions/d4edbcc97ec00f079508e13004cf8c0e01806e2a1c89e0eb93c0e8df45158196/diffpir-noise--2.0-0-2.pt
d4edbcc97ec00f079508e13004cf8c0e01806e2a1c89e0eb93c0e8df45158196,3edb09d41378dfae155626fe72b75a2c4bde6a58,cff553233941e75169564d196f318bbdd728713e0809f049f5ada55d92b57e1e,7e25783c0a7c26e9b9f205121679098986989cb4fa109a54923972afe75d60ce,ac6168d8c51a9220ff3b88b5de5c6038c357dcd1c8a36c2a1f201e2293e484e8,False,pigdm,noise,-2,0,2,0.03,0.0040600584971,0,0.25,21.8988743484,0.665640012838,0.072971791029,0.069702193141,0.069702193141,0,reconstructions/d4edbcc97ec00f079508e13004cf8c0e01806e2a1c89e0eb93c0e8df45158196/pigdm-noise--2.0-0-2.pt
d4edbcc97ec00f079508e13004cf8c0e01806e2a1c89e0eb93c0e8df45158196,3edb09d41378dfae155626fe72b75a2c4bde6a58,cff553233941e75169564d196f318bbdd728713e0809f049f5ada55d92b57e1e,7e25783c0a7c26e9b9f205121679098986989cb4fa109a54923972afe75d60ce,ac6168d8c51a9220ff3b88b5de5c6038c357dcd1c8a36c2a1f201e2293e484e8,False,zero_filled,noise,-2,0,3,0.03,0.0040600584971,0,0.25,21.9416295764,0.599393559549,0.285628318787,0.0469795577228,0.0469795577228,0,reconstructions/d4edbcc97ec00f079508e13004cf8c0e01806e2a1c89e0eb93c0e8df45158196/zero_filled-noise--2.0-0-3.pt
d4edbcc97ec00f079508e13004cf8c0e01806e2a1c89e0eb93c0e8df45158196,3edb09d41378dfae155626fe72b75a2c4bde6a58,cff553233941e75169564d196f318bbdd728713e0809f049f5ada55d92b57e1e,7e25783c0a7c26e9b9f205121679098986989cb4fa109a54923972afe75d60ce,ac6168d8c51a9220ff3b88b5de5c6038c357dcd1c8a36c2a1f201e2293e484e8,False,tv,noise,-2,0,3,0.03,0.0040600584971,0,0.25,27.067018885,0.7841298705,0.183015942574,0.0369923226535,0.0369923226535,0,reconstructions/d4edbcc97ec00f079508e13004cf8c0e01806e2a1c89e0eb93c0e8df45158196/tv-noise--2.0-0-3.pt
d4edbcc97ec00f079508e13004cf8c0e01806e2a1c89e0eb93c0e8df45158196,3edb09d41378dfae155626fe72b75a2c4bde6a58,cff553233941e75169564d196f318bbdd728713e0809f049f5ada55d92b57e1e,7e25783c0a7c26e9b9f205121679098986989cb4fa109a54923972afe75d60ce,ac6168d8c51a9220ff3b88b5de5c6038c357dcd1c8a36c2a1f201e2293e484e8,False,dps,noise,-2,0,3,0.03,0.0040600584971,0,0.25,5.5623117989,0.0365989035796,0.593524515629,0.840676605701,0.840676605701,0,reconstructions/d4edbcc97ec00f079508e13004cf8c0e01806e2a1c89e0eb93c0e8df45158196/dps-noise--2.0-0-3.pt
d4edbcc97ec00f079508e13004cf8c0e01806e2a1c89e0eb93c0e8df45158196,3edb09d41378dfae155626fe72b75a2c4bde6a58,cff553233941e75169564d196f318bbdd728713e0809f049f5ada55d92b57e1e,7e25783c0a7c26e9b9f205121679098986989cb4fa109a54923972afe75d60ce,ac6168d8c51a9220ff3b88b5de5c6038c357dcd1c8a36c2a1f201e2293e484e8,False,diffpir,noise,-2,0,3,0.03,0.0040600584971,0,0.25,5.88162960202,0.017660162117,1.00474894047,0.276485085487,0.276485085487,0,reconstructions/d4edbcc97ec00f079508e13004cf8c0e01806e2a1c89e0eb93c0e8df45158196/diffpir-noise--2.0-0-3.pt
d4edbcc97ec00f079508e13004cf8c0e01806e2a1c89e0eb93c0e8df45158196,3edb09d41378dfae155626fe72b75a2c4bde6a58,cff553233941e75169564d196f318bbdd728713e0809f049f5ada55d92b57e1e,7e25783c0a7c26e9b9f205121679098986989cb4fa109a54923972afe75d60ce,ac6168d8c51a9220ff3b88b5de5c6038c357dcd1c8a36c2a1f201e2293e484e8,False,pigdm,noise,-2,0,3,0.03,0.0040600584971,0,0.25,24.883820418,0.652457815885,0.130338340998,0.0263596903533,0.0263596903533,0,reconstructions/d4edbcc97ec00f079508e13004cf8c0e01806e2a1c89e0eb93c0e8df45158196/pigdm-noise--2.0-0-3.pt
d4edbcc97ec00f079508e13004cf8c0e01806e2a1c89e0eb93c0e8df45158196,3edb09d41378dfae155626fe72b75a2c4bde6a58,cff553233941e75169564d196f318bbdd728713e0809f049f5ada55d92b57e1e,7e25783c0a7c26e9b9f205121679098986989cb4fa109a54923972afe75d60ce,ac6168d8c51a9220ff3b88b5de5c6038c357dcd1c8a36c2a1f201e2293e484e8,False,zero_filled,noise,-2,0,4,0.03,0.0040600584971,0,0.25,21.6368899123,0.720942373847,0.167351126671,0.0440724603832,0.0440724603832,0,reconstructions/d4edbcc97ec00f079508e13004cf8c0e01806e2a1c89e0eb93c0e8df45158196/zero_filled-noise--2.0-0-4.pt
d4edbcc97ec00f079508e13004cf8c0e01806e2a1c89e0eb93c0e8df45158196,3edb09d41378dfae155626fe72b75a2c4bde6a58,cff553233941e75169564d196f318bbdd728713e0809f049f5ada55d92b57e1e,7e25783c0a7c26e9b9f205121679098986989cb4fa109a54923972afe75d60ce,ac6168d8c51a9220ff3b88b5de5c6038c357dcd1c8a36c2a1f201e2293e484e8,False,tv,noise,-2,0,4,0.03,0.0040600584971,0,0.25,24.2004617694,0.789078127274,0.0813751146197,0.0327188670635,0.0327188670635,0,reconstructions/d4edbcc97ec00f079508e13004cf8c0e01806e2a1c89e0eb93c0e8df45158196/tv-noise--2.0-0-4.pt
d4edbcc97ec00f079508e13004cf8c0e01806e2a1c89e0eb93c0e8df45158196,3edb09d41378dfae155626fe72b75a2c4bde6a58,cff553233941e75169564d196f318bbdd728713e0809f049f5ada55d92b57e1e,7e25783c0a7c26e9b9f205121679098986989cb4fa109a54923972afe75d60ce,ac6168d8c51a9220ff3b88b5de5c6038c357dcd1c8a36c2a1f201e2293e484e8,False,dps,noise,-2,0,4,0.03,0.0040600584971,0,0.25,10.9549632134,0.11180096879,0.217266917229,0.405591785908,0.405591785908,0,reconstructions/d4edbcc97ec00f079508e13004cf8c0e01806e2a1c89e0eb93c0e8df45158196/dps-noise--2.0-0-4.pt
d4edbcc97ec00f079508e13004cf8c0e01806e2a1c89e0eb93c0e8df45158196,3edb09d41378dfae155626fe72b75a2c4bde6a58,cff553233941e75169564d196f318bbdd728713e0809f049f5ada55d92b57e1e,7e25783c0a7c26e9b9f205121679098986989cb4fa109a54923972afe75d60ce,ac6168d8c51a9220ff3b88b5de5c6038c357dcd1c8a36c2a1f201e2293e484e8,False,diffpir,noise,-2,0,4,0.03,0.0040600584971,0,0.25,5.82523370692,0.0484955071486,0.976293385029,0.30187574029,0.30187574029,0,reconstructions/d4edbcc97ec00f079508e13004cf8c0e01806e2a1c89e0eb93c0e8df45158196/diffpir-noise--2.0-0-4.pt
d4edbcc97ec00f079508e13004cf8c0e01806e2a1c89e0eb93c0e8df45158196,3edb09d41378dfae155626fe72b75a2c4bde6a58,cff553233941e75169564d196f318bbdd728713e0809f049f5ada55d92b57e1e,7e25783c0a7c26e9b9f205121679098986989cb4fa109a54923972afe75d60ce,ac6168d8c51a9220ff3b88b5de5c6038c357dcd1c8a36c2a1f201e2293e484e8,False,pigdm,noise,-2,0,4,0.03,0.0040600584971,0,0.25,23.6986687545,0.780298860409,0.0361941978335,0.0258724782616,0.0258724782616,0,reconstructions/d4edbcc97ec00f079508e13004cf8c0e01806e2a1c89e0eb93c0e8df45158196/pigdm-noise--2.0-0-4.pt
d4edbcc97ec00f079508e13004cf8c0e01806e2a1c89e0eb93c0e8df45158196,3edb09d41378dfae155626fe72b75a2c4bde6a58,cff553233941e75169564d196f318bbdd728713e0809f049f5ada55d92b57e1e,7e25783c0a7c26e9b9f205121679098986989cb4fa109a54923972afe75d60ce,ac6168d8c51a9220ff3b88b5de5c6038c357dcd1c8a36c2a1f201e2293e484e8,False,zero_filled,noise,-2,0,5,0.03,0.0040600584971,0,0.25,22.001199642,0.642262153106,0.365350067616,0.0400173664093,0.0400173664093,0,reconstructions/d4edbcc97ec00f079508e13004cf8c0e01806e2a1c89e0eb93c0e8df45158196/zero_filled-noise--2.0-0-5.pt
d4edbcc97ec00f079508e13004cf8c0e01806e2a1c89e0eb93c0e8df45158196,3edb09d41378dfae155626fe72b75a2c4bde6a58,cff553233941e75169564d196f318bbdd728713e0809f049f5ada55d92b57e1e,7e25783c0a7c26e9b9f205121679098986989cb4fa109a54923972afe75d60ce,ac6168d8c51a9220ff3b88b5de5c6038c357dcd1c8a36c2a1f201e2293e484e8,False,tv,noise,-2,0,5,0.03,0.0040600584971,0,0.25,23.0841255457,0.634394964779,0.210670739412,0.0374664403498,0.0374664403498,0,reconstructions/d4edbcc97ec00f079508e13004cf8c0e01806e2a1c89e0eb93c0e8df45158196/tv-noise--2.0-0-5.pt
d4edbcc97ec00f079508e13004cf8c0e01806e2a1c89e0eb93c0e8df45158196,3edb09d41378dfae155626fe72b75a2c4bde6a58,cff553233941e75169564d196f318bbdd728713e0809f049f5ada55d92b57e1e,7e25783c0a7c26e9b9f205121679098986989cb4fa109a54923972afe75d60ce,ac6168d8c51a9220ff3b88b5de5c6038c357dcd1c8a36c2a1f201e2293e484e8,False,dps,noise,-2,0,5,0.03,0.0040600584971,0,0.25,9.72978140185,0.0818735080597,0.656715035439,0.462106645107,0.462106645107,0,reconstructions/d4edbcc97ec00f079508e13004cf8c0e01806e2a1c89e0eb93c0e8df45158196/dps-noise--2.0-0-5.pt
d4edbcc97ec00f079508e13004cf8c0e01806e2a1c89e0eb93c0e8df45158196,3edb09d41378dfae155626fe72b75a2c4bde6a58,cff553233941e75169564d196f318bbdd728713e0809f049f5ada55d92b57e1e,7e25783c0a7c26e9b9f205121679098986989cb4fa109a54923972afe75d60ce,ac6168d8c51a9220ff3b88b5de5c6038c357dcd1c8a36c2a1f201e2293e484e8,False,diffpir,noise,-2,0,5,0.03,0.0040600584971,0,0.25,5.87710405001,0.025873227945,0.868932127953,0.262862026691,0.262862026691,0,reconstructions/d4edbcc97ec00f079508e13004cf8c0e01806e2a1c89e0eb93c0e8df45158196/diffpir-noise--2.0-0-5.pt
d4edbcc97ec00f079508e13004cf8c0e01806e2a1c89e0eb93c0e8df45158196,3edb09d41378dfae155626fe72b75a2c4bde6a58,cff553233941e75169564d196f318bbdd728713e0809f049f5ada55d92b57e1e,7e25783c0a7c26e9b9f205121679098986989cb4fa109a54923972afe75d60ce,ac6168d8c51a9220ff3b88b5de5c6038c357dcd1c8a36c2a1f201e2293e484e8,False,pigdm,noise,-2,0,5,0.03,0.0040600584971,0,0.25,22.7273612324,0.690546034535,0.151283383369,0.0293480549008,0.0293480549008,0,reconstructions/d4edbcc97ec00f079508e13004cf8c0e01806e2a1c89e0eb93c0e8df45158196/pigdm-noise--2.0-0-5.pt
d4edbcc97ec00f079508e13004cf8c0e01806e2a1c89e0eb93c0e8df45158196,3edb09d41378dfae155626fe72b75a2c4bde6a58,cff553233941e75169564d196f318bbdd728713e0809f049f5ada55d92b57e1e,7e25783c0a7c26e9b9f205121679098986989cb4fa109a54923972afe75d60ce,ac6168d8c51a9220ff3b88b5de5c6038c357dcd1c8a36c2a1f201e2293e484e8,False,zero_filled,noise,-2,0,6,0.03,0.0040600584971,0,0.25,18.072035998,0.509170001742,0.274148732424,0.0898019596934,0.0898019596934,0,reconstructions/d4edbcc97ec00f079508e13004cf8c0e01806e2a1c89e0eb93c0e8df45158196/zero_filled-noise--2.0-0-6.pt
d4edbcc97ec00f079508e13004cf8c0e01806e2a1c89e0eb93c0e8df45158196,3edb09d41378dfae155626fe72b75a2c4bde6a58,cff553233941e75169564d196f318bbdd728713e0809f049f5ada55d92b57e1e,7e25783c0a7c26e9b9f205121679098986989cb4fa109a54923972afe75d60ce,ac6168d8c51a9220ff3b88b5de5c6038c357dcd1c8a36c2a1f201e2293e484e8,False,tv,noise,-2,0,6,0.03,0.0040600584971,0,0.25,21.8314079802,0.745148188356,0.066240593791,0.0577669888735,0.0577669888735,0,reconstructions/d4edbcc97ec00f079508e13004cf8c0e01806e2a1c89e0eb93c0e8df45158196/tv-noise--2.0-0-6.pt
d4edbcc97ec00f079508e13004cf8c0e01806e2a1c89e0eb93c0e8df45158196,3edb09d41378dfae155626fe72b75a2c4bde6a58,cff553233941e75169564d196f318bbdd728713e0809f049f5ada55d92b57e1e,7e25783c0a7c26e9b9f205121679098986989cb4fa109a54923972afe75d60ce,ac6168d8c51a9220ff3b88b5de5c6038c357dcd1c8a36c2a1f201e2293e484e8,False,dps,noise,-2,0,6,0.03,0.0040600584971,0,0.25,8.37522144199,0.00896532953977,0.53497838974,0.89525860548,0.89525860548,0,reconstructions/d4edbcc97ec00f079508e13004cf8c0e01806e2a1c89e0eb93c0e8df45158196/dps-noise--2.0-0-6.pt
d4edbcc97ec00f079508e13004cf8c0e01806e2a1c89e0eb93c0e8df45158196,3edb09d41378dfae155626fe72b75a2c4bde6a58,cff553233941e75169564d196f318bbdd728713e0809f049f5ada55d92b57e1e,7e25783c0a7c26e9b9f205121679098986989cb4fa109a54923972afe75d60ce,ac6168d8c51a9220ff3b88b5de5c6038c357dcd1c8a36c2a1f201e2293e484e8,False,diffpir,noise,-2,0,6,0.03,0.0040600584971,0,0.25,5.08469101161,0.0373551216176,0.865344583988,0.641480624676,0.641480624676,0,reconstructions/d4edbcc97ec00f079508e13004cf8c0e01806e2a1c89e0eb93c0e8df45158196/diffpir-noise--2.0-0-6.pt
d4edbcc97ec00f079508e13004cf8c0e01806e2a1c89e0eb93c0e8df45158196,3edb09d41378dfae155626fe72b75a2c4bde6a58,cff553233941e75169564d196f318bbdd728713e0809f049f5ada55d92b57e1e,7e25783c0a7c26e9b9f205121679098986989cb4fa109a54923972afe75d60ce,ac6168d8c51a9220ff3b88b5de5c6038c357dcd1c8a36c2a1f201e2293e484e8,False,pigdm,noise,-2,0,6,0.03,0.0040600584971,0,0.25,20.999812613,0.655028766599,0.0712368786335,0.0733048766851,0.0733048766851,0,reconstructions/d4edbcc97ec00f079508e13004cf8c0e01806e2a1c89e0eb93c0e8df45158196/pigdm-noise--2.0-0-6.pt
d4edbcc97ec00f079508e13004cf8c0e01806e2a1c89e0eb93c0e8df45158196,3edb09d41378dfae155626fe72b75a2c4bde6a58,cff553233941e75169564d196f318bbdd728713e0809f049f5ada55d92b57e1e,7e25783c0a7c26e9b9f205121679098986989cb4fa109a54923972afe75d60ce,ac6168d8c51a9220ff3b88b5de5c6038c357dcd1c8a36c2a1f201e2293e484e8,False,zero_filled,noise,-2,0,7,0.03,0.0040600584971,0,0.25,20.5633420154,0.58555962536,0.206613197923,0.0729525312781,0.0729525312781,0,reconstructions/d4edbcc97ec00f079508e13004cf8c0e01806e2a1c89e0eb93c0e8df45158196/zero_filled-noise--2.0-0-7.pt
d4edbcc97ec00f079508e13004cf8c0e01806e2a1c89e0eb93c0e8df45158196,3edb09d41378dfae155626fe72b75a2c4bde6a58,cff553233941e75169564d196f318bbdd728713e0809f049f5ada55d92b57e1e,7e25783c0a7c26e9b9f205121679098986989cb4fa109a54923972afe75d60ce,ac6168d8c51a9220ff3b88b5de5c6038c357dcd1c8a36c2a1f201e2293e484e8,False,tv,noise,-2,0,7,0.03,0.0040600584971,0,0.25,24.3813865241,0.81616764701,0.0538613274693,0.0517907813191,0.0517907813191,0,reconstructions/d4edbcc97ec00f079508e13004cf8c0e01806e2a1c89e0eb93c0e8df45158196/tv-noise--2.0-0-7.pt
d4edbcc97ec00f079508e13004cf8c0e01806e2a1c89e0eb93c0e8df45158196,3edb09d41378dfae155626fe72b75a2c4bde6a58,cff553233941e75169564d196f318bbdd728713e0809f049f5ada55d92b57e1e,7e25783c0a7c26e9b9f205121679098986989cb4fa109a54923972afe75d60ce,ac6168d8c51a9220ff3b88b5de5c6038c357dcd1c8a36c2a1f201e2293e484e8,False,dps,noise,-2,0,7,0.03,0.0040600584971,0,0.25,6.77408753391,-0.0387825443046,0.379332631826,1.00326883793,1.00326883793,0,reconstructions/d4edbcc97ec00f079508e13004cf8c0e01806e2a1c89e0eb93c0e8df45158196/dps-noise--2.0-0-7.pt
d4edbcc97ec00f079508e13004cf8c0e01806e2a1c89e0eb93c0e8df45158196,3edb09d41378dfae155626fe72b75a2c4bde6a58,cff553233941e75169564d196f318bbdd728713e0809f049f5ada55d92b57e1e,7e25783c0a7c26e9b9f205121679098986989cb4fa109a54923972afe75d60ce,ac6168d8c51a9220ff3b88b5de5c6038c357dcd1c8a36c2a1f201e2293e484e8,False,diffpir,noise,-2,0,7,0.03,0.0040600584971,0,0.25,5.40180065041,0.0281338899476,0.940049171448,0.545357584953,0.545357584953,0,reconstructions/d4edbcc97ec00f079508e13004cf8c0e01806e2a1c89e0eb93c0e8df45158196/diffpir-noise--2.0-0-7.pt
d4edbcc97ec00f079508e13004cf8c0e01806e2a1c89e0eb93c0e8df45158196,3edb09d41378dfae155626fe72b75a2c4bde6a58,cff553233941e75169564d196f318bbdd728713e0809f049f5ada55d92b57e1e,7e25783c0a7c26e9b9f205121679098986989cb4fa109a54923972afe75d60ce,ac6168d8c51a9220ff3b88b5de5c6038c357dcd1c8a36c2a1f201e2293e484e8,False,pigdm,noise,-2,0,7,0.03,0.0040600584971,0,0.25,23.2456592347,0.647535951143,0.0970200151205,0.0570933334529,0.0570933334529,0,reconstructions/d4edbcc97ec00f079508e13004cf8c0e01806e2a1c89e0eb93c0e8df45158196/pigdm-noise--2.0-0-7.pt
d4edbcc97ec00f079508e13004cf8c0e01806e2a1c89e0eb93c0e8df45158196,3edb09d41378dfae155626fe72b75a2c4bde6a58,cff553233941e75169564d196f318bbdd728713e0809f049f5ada55d92b57e1e,7e25783c0a7c26e9b9f205121679098986989cb4fa109a54923972afe75d60ce,ac6168d8c51a9220ff3b88b5de5c6038c357dcd1c8a36c2a1f201e2293e484e8,False,zero_filled,noise,-2,1,0,0.03,0.0040600584971,0,0.25,22.2046624824,0.63262735649,0.28461125493,0.036162558943,0.036162558943,0,reconstructions/d4edbcc97ec00f079508e13004cf8c0e01806e2a1c89e0eb93c0e8df45158196/zero_filled-noise--2.0-1-0.pt
d4edbcc97ec00f079508e13004cf8c0e01806e2a1c89e0eb93c0e8df45158196,3edb09d41378dfae155626fe72b75a2c4bde6a58,cff553233941e75169564d196f318bbdd728713e0809f049f5ada55d92b57e1e,7e25783c0a7c26e9b9f205121679098986989cb4fa109a54923972afe75d60ce,ac6168d8c51a9220ff3b88b5de5c6038c357dcd1c8a36c2a1f201e2293e484e8,False,tv,noise,-2,1,0,0.03,0.0040600584971,0,0.25,23.7228868583,0.67237846201,0.118301518261,0.0363738834858,0.0363738834858,0,reconstructions/d4edbcc97ec00f079508e13004cf8c0e01806e2a1c89e0eb93c0e8df45158196/tv-noise--2.0-1-0.pt
d4edbcc97ec00f079508e13004cf8c0e01806e2a1c89e0eb93c0e8df45158196,3edb09d41378dfae155626fe72b75a2c4bde6a58,cff553233941e75169564d196f318bbdd728713e0809f049f5ada55d92b57e1e,7e25783c0a7c26e9b9f205121679098986989cb4fa109a54923972afe75d60ce,ac6168d8c51a9220ff3b88b5de5c6038c357dcd1c8a36c2a1f201e2293e484e8,False,dps,noise,-2,1,0,0.03,0.0040600584971,0,0.25,10.2190752859,0.113151392289,0.340085685253,0.46885073185,0.46885073185,0,reconstructions/d4edbcc97ec00f079508e13004cf8c0e01806e2a1c89e0eb93c0e8df45158196/dps-noise--2.0-1-0.pt
d4edbcc97ec00f079508e13004cf8c0e01806e2a1c89e0eb93c0e8df45158196,3edb09d41378dfae155626fe72b75a2c4bde6a58,cff553233941e75169564d196f318bbdd728713e0809f049f5ada55d92b57e1e,7e25783c0a7c26e9b9f205121679098986989cb4fa109a54923972afe75d60ce,ac6168d8c51a9220ff3b88b5de5c6038c357dcd1c8a36c2a1f201e2293e484e8,False,diffpir,noise,-2,1,0,0.03,0.0040600584971,0,0.25,6.03617163048,0.0201468461409,0.977697730064,0.233457028866,0.233457028866,0,reconstructions/d4edbcc97ec00f079508e13004cf8c0e01806e2a1c89e0eb93c0e8df45158196/diffpir-noise--2.0-1-0.pt
d4edbcc97ec00f079508e13004cf8c0e01806e2a1c89e0eb93c0e8df45158196,3edb09d41378dfae155626fe72b75a2c4bde6a58,cff553233941e75169564d196f318bbdd728713e0809f049f5ada55d92b57e1e,7e25783c0a7c26e9b9f205121679098986989cb4fa109a54923972afe75d60ce,ac6168d8c51a9220ff3b88b5de5c6038c357dcd1c8a36c2a1f201e2293e484e8,False,pigdm,noise,-2,1,0,0.03,0.0040600584971,0,0.25,22.4103840539,0.643704555628,0.133744180202,0.0247737169266,0.0247737169266,0,reconstructions/d4edbcc97ec00f079508e13004cf8c0e01806e2a1c89e0eb93c0e8df45158196/pigdm-noise--2.0-1-0.pt
d4edbcc97ec00f079508e13004cf8c0e01806e2a1c89e0eb93c0e8df45158196,3edb09d41378dfae155626fe72b75a2c4bde6a58,cff553233941e75169564d196f318bbdd728713e0809f049f5ada55d92b57e1e,7e25783c0a7c26e9b9f205121679098986989cb4fa109a54923972afe75d60ce,ac6168d8c51a9220ff3b88b5de5c6038c357dcd1c8a36c2a1f201e2293e484e8,False,zero_filled,noise,-2,1,1,0.03,0.0040600584971,0,0.25,24.7355750564,0.678192674721,0.417637109756,0.0395005047321,0.0395005047321,0,reconstructions/d4edbcc97ec00f079508e13004cf8c0e01806e2a1c89e0eb93c0e8df45158196/zero_filled-noise--2.0-1-1.pt
d4edbcc97ec00f079508e13004cf8c0e01806e2a1c89e0eb93c0e8df45158196,3edb09d41378dfae155626fe72b75a2c4bde6a58,cff553233941e75169564d196f318bbdd728713e0809f049f5ada55d92b57e1e,7e25783c0a7c26e9b9f205121679098986989cb4fa109a54923972afe75d60ce,ac6168d8c51a9220ff3b88b5de5c6038c357dcd1c8a36c2a1f201e2293e484e8,False,tv,noise,-2,1,1,0.03,0.0040600584971,0,0.25,25.9807354937,0.633378917092,0.316274940968,0.0502718649805,0.0502718649805,0,reconstructions/d4edbcc97ec00f079508e13004cf8c0e01806e2a1c89e0eb93c0e8df45158196/tv-noise--2.0-1-1.pt
d4edbcc97ec00f079508e13004cf8c0e01806e2a1c89e0eb93c0e8df45158196,3edb09d41378dfae155626fe72b75a2c4bde6a58,cff553233941e75169564d196f318bbdd728713e0809f049f5ada55d92b57e1e,7e25783c0a7c26e9b9f205121679098986989cb4fa109a54923972afe75d60ce,ac6168d8c51a9220ff3b88b5de5c6038c357dcd1c8a36c2a1f201e2293e484e8,False,dps,noise,-2,1,1,0.03,0.0040600584971,0,0.25,8.34246340709,0.0286202599698,0.584222972393,0.748759567738,0.748759567738,0,reconstructions/d4edbcc97ec00f079508e13004cf8c0e01806e2a1c89e0eb93c0e8df45158196/dps-noise--2.0-1-1.pt
d4edbcc97ec00f079508e13004cf8c0e01806e2a1c89e0eb93c0e8df45158196,3edb09d41378dfae155626fe72b75a2c4bde6a58,cff553233941e75169564d196f318bbdd728713e0809f049f5ada55d92b57e1e,7e25783c0a7c26e9b9f205121679098986989cb4fa109a54923972afe75d60ce,ac6168d8c51a9220ff3b88b5de5c6038c357dcd1c8a36c2a1f201e2293e484e8,False,diffpir,noise,-2,1,1,0.03,0.0040600584971,0,0.25,6.26312266233,0.0181746254587,0.773148059845,0.25154364109,0.25154364109,0,reconstructions/d4edbcc97ec00f079508e13004cf8c0e01806e2a1c89e0eb93c0e8df45158196/diffpir-noise--2.0-1-1.pt
d4edbcc97ec00f079508e13004cf8c0e01806e2a1c89e0eb93c0e8df45158196,3edb09d41378dfae155626fe72b75a2c4bde6a58,cff553233941e75169564d196f318bbdd728713e0809f049f5ada55d92b57e1e,7e25783c0a7c26e9b9f205121679098986989cb4fa109a54923972afe75d60ce,ac6168d8c51a9220ff3b88b5de5c6038c357dcd1c8a36c2a1f201e2293e484e8,False,pigdm,noise,-2,1,1,0.03,0.0040600584971,0,0.25,25.2863877532,0.681073927687,0.14475312829,0.0305118300021,0.0305118300021,0,reconstructions/d4edbcc97ec00f079508e13004cf8c0e01806e2a1c89e0eb93c0e8df45158196/pigdm-noise--2.0-1-1.pt
d4edbcc97ec00f079508e13004cf8c0e01806e2a1c89e0eb93c0e8df45158196,3edb09d41378dfae155626fe72b75a2c4bde6a58,cff553233941e75169564d196f318bbdd728713e0809f049f5ada55d92b57e1e,7e25783c0a7c26e9b9f205121679098986989cb4fa109a54923972afe75d60ce,ac6168d8c51a9220ff3b88b5de5c6038c357dcd1c8a36c2a1f201e2293e484e8,False,zero_filled,noise,-2,1,2,0.03,0.0040600584971,0,0.25,19.0949875008,0.545044295258,0.227540493011,0.0716555118561,0.0716555118561,0,reconstructions/d4edbcc97ec00f079508e13004cf8c0e01806e2a1c89e0eb93c0e8df45158196/zero_filled-noise--2.0-1-2.pt
d4edbcc97ec00f079508e13004cf8c0e01806e2a1c89e0eb93c0e8df45158196,3edb09d41378dfae155626fe72b75a2c4bde6a58,cff553233941e75169564d196f318bbdd728713e0809f049f5ada55d92b57e1e,7e25783c0a7c26e9b9f205121679098986989cb4fa109a54923972afe75d60ce,ac6168d8c51a9220ff3b88b5de5c6038c357dcd1c8a36c2a1f201e2293e484e8,False,tv,noise,-2,1,2,0.03,0.0040600584971,0,0.25,22.2851196043,0.791705732184,0.057649448514,0.0557870790362,0.0557870790362,0,reconstructions/d4edbcc97ec00f079508e13004cf8c0e01806e2a1c89e0eb93c0e8df45158196/tv-noise--2.0-1-2.pt
d4edbcc97ec00f079508e13004cf8c0e01806e2a1c89e0eb93c0e8df45158196,3edb09d41378dfae155626fe72b75a2c4bde6a58,cff553233941e75169564d196f318bbdd728713e0809f049f5ada55d92b57e1e,7e25783c0a7c26e9b9f205121679098986989cb4fa109a54923972afe75d60ce,ac6168d8c51a9220ff3b88b5de5c6038c357dcd1c8a36c2a1f201e2293e484e8,False,dps,noise,-2,1,2,0.03,0.0040600584971,0,0.25,9.44527058403,0.0638372536497,0.284519582987,0.741458714008,0.741458714008,0,reconstructions/d4edbcc97ec00f079508e13004cf8c0e01806e2a1c89e0eb93c0e8df45158196/dps-noise--2.0-1-2.pt
d4edbcc97ec00f079508e13004cf8c0e01806e2a1c89e0eb93c0e8df45158196,3edb09d41378dfae155626fe72b75a2c4bde6a58,cff553233941e75169564d196f318bbdd728713e0809f049f5ada55d92b57e1e,7e25783c0a7c26e9b9f205121679098986989cb4fa109a54923972afe75d60ce,ac6168d8c51a9220ff3b88b5de5c6038c357dcd1c8a36c2a1f201e2293e484e8,False,diffpir,noise,-2,1,2,0.03,0.0040600584971,0,0.25,5.29379932716,0.0523402816114,0.871495842934,0.599205374718,0.599205374718,0,reconstructions/d4edbcc97ec00f079508e13004cf8c0e01806e2a1c89e0eb93c0e8df45158196/diffpir-noise--2.0-1-2.pt
d4edbcc97ec00f079508e13004cf8c0e01806e2a1c89e0eb93c0e8df45158196,3edb09d41378dfae155626fe72b75a2c4bde6a58,cff553233941e75169564d196f318bbdd728713e0809f049f5ada55d92b57e1e,7e25783c0a7c26e9b9f205121679098986989cb4fa109a54923972afe75d60ce,ac6168d8c51a9220ff3b88b5de5c6038c357dcd1c8a36c2a1f201e2293e484e8,False,pigdm,noise,-2,1,2,0.03,0.0040600584971,0,0.25,21.5299372168,0.680649791426,0.0642259791493,0.0517190620303,0.0517190620303,0,reconstructions/d4edbcc97ec00f079508e13004cf8c0e01806e2a1c89e0eb93c0e8df45158196/pigdm-noise--2.0-1-2.pt
d4edbcc97ec00f079508e13004cf8c0e01806e2a1c89e0eb93c0e8df45158196,3edb09d41378dfae155626fe72b75a2c4bde6a58,cff553233941e75169564d196f318bbdd728713e0809f049f5ada55d92b57e1e,7e25783c0a7c26e9b9f205121679098986989cb4fa109a54923972afe75d60ce,ac6168d8c51a9220ff3b88b5de5c6038c357dcd1c8a36c2a1f201e2293e484e8,False,zero_filled,noise,-2,1,3,0.03,0.0040600584971,0,0.25,21.4834234263,0.608972967773,0.245045855641,0.042365334928,0.042365334928,0,reconstructions/d4edbcc97ec00f079508e13004cf8c0e01806e2a1c89e0eb93c0e8df45158196/zero_filled-noise--2.0-1-3.pt
d4edbcc97ec00f079508e13004cf8c0e01806e2a1c89e0eb93c0e8df45158196,3edb09d41378dfae155626fe72b75a2c4bde6a58,cff553233941e75169564d196f318bbdd728713e0809f049f5ada55d92b57e1e,7e25783c0a7c26e9b9f205121679098986989cb4fa109a54923972afe75d60ce,ac6168d8c51a9220ff3b88b5de5c6038c357dcd1c8a36c2a1f201e2293e484e8,False,tv,noise,-2,1,3,0.03,0.0040600584971,0,0.25,26.4310100741,0.76344070425,0.178075611591,0.0365573167801,0.0365573167801,0,reconstructions/d4edbcc97ec00f079508e13004cf8c0e01806e2a1c89e0eb93c0e8df45158196/tv-noise--2.0-1-3.pt
d4edbcc97ec00f079508e13004cf8c0e01806e2a1c89e0eb93c0e8df45158196,3edb09d41378dfae155626fe72b75a2c4bde6a58,cff553233941e75169564d196f318bbdd728713e0809f049f5ada55d92b57e1e,7e25783c0a7c26e9b9f205121679098986989cb4fa109a54923972afe75d60ce,ac6168d8c51a9220ff3b88b5de5c6038c357dcd1c8a36c2a1f201e2293e484e8,False,dps,noise,-2,1,3,0.03,0.0040600584971,0,0.25,12.0305661762,0.151912290662,0.38518679142,0.359732180834,0.359732180834,0,reconstructions/d4edbcc97ec00f079508e13004cf8c0e01806e2a1c89e0eb93c0e8df45158196/dps-noise--2.0-1-3.pt
d4edbcc97ec00f079508e13004cf8c0e01806e2a1c89e0eb93c0e8df45158196,3edb09d41378dfae155626fe72b75a2c4bde6a58,cff553233941e75169564d196f318bbdd728713e0809f049f5ada55d92b57e1e,7e25783c0a7c26e9b9f205121679098986989cb4fa109a54923972afe75d60ce,ac6168d8c51a9220ff3b88b5de5c6038c357dcd1c8a36c2a1f201e2293e484e8,False,diffpir,noise,-2,1,3,0.03,0.0040600584971,0,0.25,5.8613747147,0.0167995213952,0.966887772083,0.278635770082,0.278635770082,0,reconstructions/d4edbcc97ec00f079508e13004cf8c0e01806e2a1c89e0eb93c0e8df45158196/diffpir-noise--2.0-1-3.pt
d4edbcc97ec00f079508e13004cf8c0e01806e2a1c89e0eb93c0e8df45158196,3edb09d41378dfae155626fe72b75a2c4bde6a58,cff553233941e75169564d196f318bbdd728713e0809f049f5ada55d92b57e1e,7e25783c0a7c26e9b9f205121679098986989cb4fa109a54923972afe75d60ce,ac6168d8c51a9220ff3b88b5de5c6038c357dcd1c8a36c2a1f201e2293e484e8,False,pigdm,noise,-2,1,3,0.03,0.0040600584971,0,0.25,25.0598913673,0.72045986988,0.0936986505985,0.0236558392644,0.0236558392644,0,reconstructions/d4edbcc97ec00f079508e13004cf8c0e01806e2a1c89e0eb93c0e8df45158196/pigdm-noise--2.0-1-3.pt
d4edbcc97ec00f079508e13004cf8c0e01806e2a1c89e0eb93c0e8df45158196,3edb09d41378dfae155626fe72b75a2c4bde6a58,cff553233941e75169564d196f318bbdd728713e0809f049f5ada55d92b57e1e,7e25783c0a7c26e9b9f205121679098986989cb4fa109a54923972afe75d60ce,ac6168d8c51a9220ff3b88b5de5c6038c357dcd1c8a36c2a1f201e2293e484e8,False,zero_filled,noise,-2,1,4,0.03,0.0040600584971,0,0.25,21.0439711051,0.694471524014,0.187386095524,0.039288405329,0.039288405329,0,reconstructions/d4edbcc97ec00f079508e13004cf8c0e01806e2a1c89e0eb93c0e8df45158196/zero_filled-noise--2.0-1-4.pt
d4edbcc97ec00f079508e13004cf8c0e01806e2a1c89e0eb93c0e8df45158196,3edb09d41378dfae155626fe72b75a2c4bde6a58,cff553233941e75169564d196f318bbdd728713e0809f049f5ada55d92b57e1e,7e25783c0a7c26e9b9f205121679098986989cb4fa109a54923972afe75d60ce,ac6168d8c51a9220ff3b88b5de5c6038c357dcd1c8a36c2a1f201e2293e484e8,False,tv,noise,-2,1,4,0.03,0.0040600584971,0,0.25,22.6283952057,0.73807088889,0.0792167037725,0.0332164615393,0.0332164615393,0,reconstructions/d4edbcc97ec00f079508e13004cf8c0e01806e2a1c89e0eb93c0e8df45158196/tv-noise--2.0-1-4.pt
d4edbcc97ec00f079508e13004cf8c0e01806e2a1c89e0eb93c0e8df45158196,3edb09d41378dfae155626fe72b75a2c4bde6a58,cff553233941e75169564d196f318bbdd728713e0809f049f5ada55d92b57e1e,7e25783c0a7c26e9b9f205121679098986989cb4fa109a54923972afe75d60ce,ac6168d8c51a9220ff3b88b5de5c6038c357dcd1c8a36c2a1f201e2293e484e8,False,dps,noise,-2,1,4,0.03,0.0040600584971,0,0.25,8.15864938278,0.0973021353708,0.470975756645,0.576993763447,0.576993763447,0,reconstructions/d4edbcc97ec00f079508e13004cf8c0e01806e2a1c89e0eb93c0e8df45158196/dps-noise--2.0-1-4.pt
d4edbcc97ec00f079508e13004cf8c0e01806e2a1c89e0eb93c0e8df45158196,3edb09d41378dfae155626fe72b75a2c4bde6a58,cff553233941e75169564d196f318bbdd728713e0809f049f5ada55d92b57e1e,7e25783c0a7c26e9b9f205121679098986989cb4fa109a54923972afe75d60ce,ac6168d8c51a9220ff3b88b5de5c6038c357dcd1c8a36c2a1f201e2293e484e8,False,diffpir,noise,-2,1,4,0.03,0.0040600584971,0,0.25,5.79177997842,0.045364061971,0.939838111401,0.298046886921,0.298046886921,0,reconstructions/d4edbcc97ec00f079508e13004cf8c0e01806e2a1c89e0eb93c0e8df45158196/diffpir-noise--2.0-1-4.pt
d4edbcc97ec00f079508e13004cf8c0e01806e2a1c89e0eb93c0e8df45158196,3edb09d41378dfae155626fe72b75a2c4bde6a58,cff553233941e75169564d196f318bbdd728713e0809f049f5ada55d92b57e1e,7e25783c0a7c26e9b9f205121679098986989cb4fa109a54923972afe75d60ce,ac6168d8c51a9220ff3b88b5de5c6038c357dcd1c8a36c2a1f201e2293e484e8,False,pigdm,noise,-2,1,4,0.03,0.0040600584971,0,0.25,21.2590524144,0.684601657976,0.0524213351309,0.0246042106301,0.0246042106301,0,reconstructions/d4edbcc97ec00f079508e13004cf8c0e01806e2a1c89e0eb93c0e8df45158196/pigdm-noise--2.0-1-4.pt
d4edbcc97ec00f079508e13004cf8c0e01806e2a1c89e0eb93c0e8df45158196,3edb09d41378dfae155626fe72b75a2c4bde6a58,cff553233941e75169564d196f318bbdd728713e0809f049f5ada55d92b57e1e,7e25783c0a7c26e9b9f205121679098986989cb4fa109a54923972afe75d60ce,ac6168d8c51a9220ff3b88b5de5c6038c357dcd1c8a36c2a1f201e2293e484e8,False,zero_filled,noise,-2,1,5,0.03,0.0040600584971,0,0.25,21.2541554907,0.619175223835,0.340990126133,0.0337036922574,0.0337036922574,0,reconstructions/d4edbcc97ec00f079508e13004cf8c0e01806e2a1c89e0eb93c0e8df45158196/zero_filled-noise--2.0-1-5.pt
d4edbcc97ec00f079508e13004cf8c0e01806e2a1c89e0eb93c0e8df45158196,3edb09d41378dfae155626fe72b75a2c4bde6a58,cff553233941e75169564d196f318bbdd728713e0809f049f5ada55d92b57e1e,7e25783c0a7c26e9b9f205121679098986989cb4fa109a54923972afe75d60ce,ac6168d8c51a9220ff3b88b5de5c6038c357dcd1c8a36c2a1f201e2293e484e8,False,tv,noise,-2,1,5,0.03,0.0040600584971,0,0.25,21.7323703056,0.587475404773,0.245025902987,0.0397246666253,0.0397246666253,0,reconstructions/d4edbcc97ec00f079508e13004cf8c0e01806e2a1c89e0eb93c0e8df45158196/tv-noise--2.0-1-5.pt
d4edbcc97ec00f079508e13004cf8c0e01806e2a1c89e0eb93c0e8df45158196,3edb09d41378dfae155626fe72b75a2c4bde6a58,cff553233941e75169564d196f318bbdd728713e0809f049f5ada55d92b57e1e,7e25783c0a7c26e9b9f205121679098986989cb4fa109a54923972afe75d60ce,ac6168d8c51a9220ff3b88b5de5c6038c357dcd1c8a36c2a1f201e2293e484e8,False,dps,noise,-2,1,5,0.03,0.0040600584971,0,0.25,8.46733652948,0.0624271652371,0.456103175879,0.515387356281,0.515387356281,0,reconstructions/d4edbcc97ec00f079508e13004cf8c0e01806e2a1c89e0eb93c0e8df45158196/dps-noise--2.0-1-5.pt
d4edbcc97ec00f079508e13004cf8c0e01806e2a1c89e0eb93c0e8df45158196,3edb09d41378dfae155626fe72b75a2c4bde6a58,cff553233941e75169564d196f318bbdd728713e0809f049f5ada55d92b57e1e,7e25783c0a7c26e9b9f205121679098986989cb4fa109a54923972afe75d60ce,ac6168d8c51a9220ff3b88b5de5c6038c357dcd1c8a36c2a1f201e2293e484e8,False,diffpir,noise,-2,1,5,0.03,0.0040600584971,0,0.25,5.88130010094,0.0158810647801,0.867737710476,0.250967860222,0.250967860222,0,reconstructions/d4edbcc97ec00f079508e13004cf8c0e01806e2a1c89e0eb93c0e8df45158196/diffpir-noise--2.0-1-5.pt
d4edbcc97ec00f079508e13004cf8c0e01806e2a1c89e0eb93c0e8df45158196,3edb09d41378dfae155626fe72b75a2c4bde6a58,cff553233941e75169564d196f318bbdd728713e0809f049f5ada55d92b57e1e,7e25783c0a7c26e9b9f205121679098986989cb4fa109a54923972afe75d60ce,ac6168d8c51a9220ff3b88b5de5c6038c357dcd1c8a36c2a1f201e2293e484e8,False,pigdm,noise,-2,1,5,0.03,0.0040600584971,0,0.25,20.6124892489,0.586144582305,0.104696899652,0.0236912630498,0.0236912630498,0,reconstructions/d4edbcc97ec00f079508e13004cf8c0e01806e2a1c89e0eb93c0e8df45158196/pigdm-noise--2.0-1-5.pt
d4edbcc97ec00f079508e13004cf8c0e01806e2a1c89e0eb93c0e8df45158196,3edb09d41378dfae155626fe72b75a2c4bde6a58,cff553233941e75169564d196f318bbdd728713e0809f049f5ada55d92b57e1e,7e25783c0a7c26e9b9f205121679098986989cb4fa109a54923972afe75d60ce,ac6168d8c51a9220ff3b88b5de5c6038c357dcd1c8a36c2a1f201e2293e484e8,False,zero_filled,noise,-2,1,6,0.03,0.0040600584971,0,0.25,17.8726890634,0.490872731334,0.277838408947,0.0856487005949,0.0856487005949,0,reconstructions/d4edbcc97ec00f079508e13004cf8c0e01806e2a1c89e0eb93c0e8df45158196/zero_filled-noise--2.0-1-6.pt
d4edbcc97ec00f079508e13004cf8c0e01806e2a1c89e0eb93c0e8df45158196,3edb09d41378dfae155626fe72b75a2c4bde6a58,cff553233941e75169564d196f318bbdd728713e0809f049f5ada55d92b57e1e,7e25783c0a7c26e9b9f205121679098986989cb4fa109a54923972afe75d60ce,ac6168d8c51a9220ff3b88b5de5c6038c357dcd1c8a36c2a1f201e2293e484e8,False,tv,noise,-2,1,6,0.03,0.0040600584971,0,0.25,21.6924840194,0.738317133668,0.0691543072462,0.0617213658988,0.0617213658988,0,reconstructions/d4edbcc97ec00f079508e13004cf8c0e01806e2a1c89e0eb93c0e8df45158196/tv-noise--2.0-1-6.pt
d4edbcc97ec00f079508e13004cf8c0e01806e2a1c89e0eb93c0e8df45158196,3edb09d41378dfae155626fe72b75a2c4bde6a58,cff553233941e75169564d196f318bbdd728713e0809f049f5ada55d92b57e1e,7e25783c0a7c26e9b9f205121679098986989cb4fa109a54923972afe75d60ce,ac6168d8c51a9220ff3b88b5de5c6038c357dcd1c8a36c2a1f201e2293e484e8,False,dps,noise,-2,1,6,0.03,0.0040600584971,0,0.25,5.75103506549,-0.0280616068875,0.471248924732,1.23349559307,1.23349559307,0,reconstructions/d4edbcc97ec00f079508e13004cf8c0e01806e2a1c89e0eb93c0e8df45158196/dps-noise--2.0-1-6.pt
d4edbcc97ec00f079508e13004cf8c0e01806e2a1c89e0eb93c0e8df45158196,3edb09d41378dfae155626fe72b75a2c4bde6a58,cff553233941e75169564d196f318bbdd728713e0809f049f5ada55d92b57e1e,7e25783c0a7c26e9b9f205121679098986989cb4fa109a54923972afe75d60ce,ac6168d8c51a9220ff3b88b5de5c6038c357dcd1c8a36c2a1f201e2293e484e8,False,diffpir,noise,-2,1,6,0.03,0.0040600584971,0,0.25,5.26979797418,0.0432962190777,0.938596844673,0.618272900581,0.618272900581,0,reconstructions/d4edbcc97ec00f079508e13004cf8c0e01806e2a1c89e0eb93c0e8df45158196/diffpir-noise--2.0-1-6.pt
d4edbcc97ec00f079508e13004cf8c0e01806e2a1c89e0eb93c0e8df45158196,3edb09d41378dfae155626fe72b75a2c4bde6a58,cff553233941e75169564d196f318bbdd728713e0809f049f5ada55d92b57e1e,7e25783c0a7c26e9b9f205121679098986989cb4fa109a54923972afe75d60ce,ac6168d8c51a9220ff3b88b5de5c6038c357dcd1c8a36c2a1f201e2293e484e8,False,pigdm,noise,-2,1,6,0.03,0.0040600584971,0,0.25,19.9003114706,0.643503891644,0.0531052686274,0.0513312630355,0.0513312630355,0,reconstructions/d4edbcc97ec00f079508e13004cf8c0e01806e2a1c89e0eb93c0e8df45158196/pigdm-noise--2.0-1-6.pt
d4edbcc97ec00f079508e13004cf8c0e01806e2a1c89e0eb93c0e8df45158196,3edb09d41378dfae155626fe72b75a2c4bde6a58,cff553233941e75169564d196f318bbdd728713e0809f049f5ada55d92b57e1e,7e25783c0a7c26e9b9f205121679098986989cb4fa109a54923972afe75d60ce,ac6168d8c51a9220ff3b88b5de5c6038c357dcd1c8a36c2a1f201e2293e484e8,False,zero_filled,noise,-2,1,7,0.03,0.0040600584971,0,0.25,20.1585913938,0.59013865812,0.227954864502,0.066825017333,0.066825017333,0,reconstructions/d4edbcc97ec00f079508e13004cf8c0e01806e2a1c89e0eb93c0e8df45158196/zero_filled-noise--2.0-1-7.pt
d4edbcc97ec00f079508e13004cf8c0e01806e2a1c89e0eb93c0e8df45158196,3edb09d41378dfae155626fe72b75a2c4bde6a58,cff553233941e75169564d196f318bbdd728713e0809f049f5ada55d92b57e1e,7e25783c0a7c26e9b9f205121679098986989cb4fa109a54923972afe75d60ce,ac6168d8c51a9220ff3b88b5de5c6038c357dcd1c8a36c2a1f201e2293e484e8,False,tv,noise,-2,1,7,0.03,0.0040600584971,0,0.25,23.7665318715,0.772506456193,0.0709505975246,0.0525614023209,0.0525614023209,0,reconstructions/d4edbcc97ec00f079508e13004cf8c0e01806e2a1c89e0eb93c0e8df45158196/tv-noise--2.0-1-7.pt
d4edbcc97ec00f079508e13004cf8c0e01806e2a1c89e0eb93c0e8df45158196,3edb09d41378dfae155626fe72b75a2c4bde6a58,cff553233941e75169564d196f318bbdd728713e0809f049f5ada55d92b57e1e,7e25783c0a7c26e9b9f205121679098986989cb4fa109a54923972afe75d60ce,ac6168d8c51a9220ff3b88b5de5c6038c357dcd1c8a36c2a1f201e2293e484e8,False,dps,noise,-2,1,7,0.03,0.0040600584971,0,0.25,4.94097181774,0.0086788788766,0.449072420597,1.28597438335,1.28597438335,0,reconstructions/d4edbcc97ec00f079508e13004cf8c0e01806e2a1c89e0eb93c0e8df45158196/dps-noise--2.0-1-7.pt
d4edbcc97ec00f079508e13004cf8c0e01806e2a1c89e0eb93c0e8df45158196,3edb09d41378dfae155626fe72b75a2c4bde6a58,cff553233941e75169564d196f318bbdd728713e0809f049f5ada55d92b57e1e,7e25783c0a7c26e9b9f205121679098986989cb4fa109a54923972afe75d60ce,ac6168d8c51a9220ff3b88b5de5c6038c357dcd1c8a36c2a1f201e2293e484e8,False,diffpir,noise,-2,1,7,0.03,0.0040600584971,0,0.25,5.42648375309,0.0174092739788,0.919372141361,0.531967937946,0.531967937946,0,reconstructions/d4edbcc97ec00f079508e13004cf8c0e01806e2a1c89e0eb93c0e8df45158196/diffpir-noise--2.0-1-7.pt
d4edbcc97ec00f079508e13004cf8c0e01806e2a1c89e0eb93c0e8df45158196,3edb09d41378dfae155626fe72b75a2c4bde6a58,cff553233941e75169564d196f318bbdd728713e0809f049f5ada55d92b57e1e,7e25783c0a7c26e9b9f205121679098986989cb4fa109a54923972afe75d60ce,ac6168d8c51a9220ff3b88b5de5c6038c357dcd1c8a36c2a1f201e2293e484e8,False,pigdm,noise,-2,1,7,0.03,0.0040600584971,0,0.25,22.9903688526,0.638264700677,0.130657657981,0.0457236692309,0.0457236692309,0,reconstructions/d4edbcc97ec00f079508e13004cf8c0e01806e2a1c89e0eb93c0e8df45158196/pigdm-noise--2.0-1-7.pt
d4edbcc97ec00f079508e13004cf8c0e01806e2a1c89e0eb93c0e8df45158196,3edb09d41378dfae155626fe72b75a2c4bde6a58,cff553233941e75169564d196f318bbdd728713e0809f049f5ada55d92b57e1e,7e25783c0a7c26e9b9f205121679098986989cb4fa109a54923972afe75d60ce,ac6168d8c51a9220ff3b88b5de5c6038c357dcd1c8a36c2a1f201e2293e484e8,False,zero_filled,noise,-2,2,0,0.03,0.0040600584971,0,0.25,21.8298625337,0.60077281683,0.326059550047,0.0329605676234,0.0329605676234,0,reconstructions/d4edbcc97ec00f079508e13004cf8c0e01806e2a1c89e0eb93c0e8df45158196/zero_filled-noise--2.0-2-0.pt
d4edbcc97ec00f079508e13004cf8c0e01806e2a1c89e0eb93c0e8df45158196,3edb09d41378dfae155626fe72b75a2c4bde6a58,cff553233941e75169564d196f318bbdd728713e0809f049f5ada55d92b57e1e,7e25783c0a7c26e9b9f205121679098986989cb4fa109a54923972afe75d60ce,ac6168d8c51a9220ff3b88b5de5c6038c357dcd1c8a36c2a1f201e2293e484e8,False,tv,noise,-2,2,0,0.03,0.0040600584971,0,0.25,22.7166304714,0.616398392161,0.140605896711,0.0359233804047,0.0359233804047,0,reconstructions/d4edbcc97ec00f079508e13004cf8c0e01806e2a1c89e0eb93c0e8df45158196/tv-noise--2.0-2-0.pt
d4edbcc97ec00f079508e13004cf8c0e01806e2a1c89e0eb93c0e8df45158196,3edb09d41378dfae155626fe72b75a2c4bde6a58,cff553233941e75169564d196f318bbdd728713e0809f049f5ada55d92b57e1e,7e25783c0a7c26e9b9f205121679098986989cb4fa109a54923972afe75d60ce,ac6168d8c51a9220ff3b88b5de5c6038c357dcd1c8a36c2a1f201e2293e484e8,False,dps,noise,-2,2,0,0.03,0.0040600584971,0,0.25,10.1902226352,0.0603574707974,0.298761934042,0.459459006786,0.459459006786,0,reconstructions/d4edbcc97ec00f079508e13004cf8c0e01806e2a1c89e0eb93c0e8df45158196/dps-noise--2.0-2-0.pt
d4edbcc97ec00f079508e13004cf8c0e01806e2a1c89e0eb93c0e8df45158196,3edb09d41378dfae155626fe72b75a2c4bde6a58,cff553233941e75169564d196f318bbdd728713e0809f049f5ada55d92b57e1e,7e25783c0a7c26e9b9f205121679098986989cb4fa109a54923972afe75d60ce,ac6168d8c51a9220ff3b88b5de5c6038c357dcd1c8a36c2a1f201e2293e484e8,False,diffpir,noise,-2,2,0,0.03,0.0040600584971,0,0.25,6.06516977233,0.0282681371042,0.946157336235,0.224684789777,0.224684789777,0,reconstructions/d4edbcc97ec00f079508e13004cf8c0e01806e2a1c89e0eb93c0e8df45158196/diffpir-noise--2.0-2-0.pt
d4edbcc97ec00f079508e13004cf8c0e01806e2a1c89e0eb93c0e8df45158196,3edb09d41378dfae155626fe72b75a2c4bde6a58,cff553233941e75169564d196f318bbdd728713e0809f049f5ada55d92b57e1e,7e25783c0a7c26e9b9f205121679098986989cb4fa109a54923972afe75d60ce,ac6168d8c51a9220ff3b88b5de5c6038c357dcd1c8a36c2a1f201e2293e484e8,False,pigdm,noise,-2,2,0,0.03,0.0040600584971,0,0.25,21.9737069158,0.609747714242,0.138504266739,0.027880942449,0.027880942449,0,reconstructions/d4edbcc97ec00f079508e13004cf8c0e01806e2a1c89e0eb93c0e8df45158196/pigdm-noise--2.0-2-0.pt
d4edbcc97ec00f079508e13004cf8c0e01806e2a1c89e0eb93c0e8df45158196,3edb09d41378dfae155626fe72b75a2c4bde6a58,cff553233941e75169564d196f318bbdd728713e0809f049f5ada55d92b57e1e,7e25783c0a7c26e9b9f205121679098986989cb4fa109a54923972afe75d60ce,ac6168d8c51a9220ff3b88b5de5c6038c357dcd1c8a36c2a1f201e2293e484e8,False,zero_filled,noise,-2,2,1,0.03,0.0040600584971,0,0.25,24.2105694551,0.634836728437,0.462086170912,0.0369234457612,0.0369234457612,0,reconstructions/d4edbcc97ec00f079508e13004cf8c0e01806e2a1c89e0eb93c0e8df45158196/zero_filled-noise--2.0-2-1.pt
d4edbcc97ec00f079508e13004cf8c0e01806e2a1c89e0eb93c0e8df45158196,3edb09d41378dfae155626fe72b75a2c4bde6a58,cff553233941e75169564d196f318bbdd728713e0809f049f5ada55d92b57e1e,7e25783c0a7c26e9b9f205121679098986989cb4fa109a54923972afe75d60ce,ac6168d8c51a9220ff3b88b5de5c6038c357dcd1c8a36c2a1f201e2293e484e8,False,tv,noise,-2,2,1,0.03,0.0040600584971,0,0.25,24.7543161277,0.567223908896,0.324154853821,0.0494943112135,0.0494943112135,0,reconstructions/d4edbcc97ec00f079508e13004cf8c0e01806e2a1c89e0eb93c0e8df45158196/tv-noise--2.0-2-1.pt
d4edbcc97ec00f079508e13004cf8c0e01806e2a1c89e0eb93c0e8df45158196,3edb09d41378dfae155626fe72b75a2c4bde6a58,cff553233941e75169564d196f318bbdd728713e0809f049f5ada55d92b57e1e,7e25783c0a7c26e9b9f205121679098986989cb4fa109a54923972afe75d60ce,ac6168d8c51a9220ff3b88b5de5c6038c357dcd1c8a36c2a1f201e2293e484e8,False,dps,noise,-2,2,1,0.03,0.0040600584971,0,0.25,12.8053901056,0.20756943228,0.527325689793,0.441699564457,0.441699564457,0,reconstructions/d4edbcc97ec00f079508e13004cf8c0e01806e2a1c89e0eb93c0e8df45158196/dps-noise--2.0-2-1.pt
d4edbcc97ec00f079508e13004cf8c0e01806e2a1c89e0eb93c0e8df45158196,3edb09d41378dfae155626fe72b75a2c4bde6a58,cff553233941e75169564d196f318bbdd728713e0809f049f5ada55d92b57e1e,7e25783c0a7c26e9b9f205121679098986989cb4fa109a54923972afe75d60ce,ac6168d8c51a9220ff3b88b5de5c6038c357dcd1c8a36c2a1f201e2293e484e8,False,diffpir,noise,-2,2,1,0.03,0.0040600584971,0,0.25,6.2129798459,0.00871363713791,0.748656630516,0.244516283274,0.244516283274,0,reconstructions/d4edbcc97ec00f079508e13004cf8c0e01806e2a1c89e0eb93c0e8df45158196/diffpir-noise--2.0-2-1.pt
d4edbcc97ec00f079508e13004cf8c0e01806e2a1c89e0eb93c0e8df45158196,3edb09d41378dfae155626fe72b75a2c4bde6a58,cff553233941e75169564d196f318bbdd728713e0809f049f5ada55d92b57e1e,7e25783c0a7c26e9b9f205121679098986989cb4fa109a54923972afe75d60ce,ac6168d8c51a9220ff3b88b5de5c6038c357dcd1c8a36c2a1f201e2293e484e8,False,pigdm,noise,-2,2,1,0.03,0.0040600584971,0,0.25,24.5846191878,0.627245184282,0.248003602028,0.0361820533872,0.0361820533872,0,reconstructions/d4edbcc97ec00f079508e13004cf8c0e01806e2a1c89e0eb93c0e8df45158196/pigdm-noise--2.0-2-1.pt
d4edbcc97ec00f079508e13004cf8c0e01806e2a1c89e0eb93c0e8df45158196,3edb09d41378dfae155626fe72b75a2c4bde6a58,cff553233941e75169564d196f318bbdd728713e0809f049f5ada55d92b57e1e,7e25783c0a7c26e9b9f205121679098986989cb4fa109a54923972afe75d60ce,ac6168d8c51a9220ff3b88b5de5c6038c357dcd1c8a36c2a1f201e2293e484e8,False,zero_filled,noise,-2,2,2,0.03,0.0040600584971,0,0.25,18.7143117557,0.525541992618,0.233247518539,0.06166113168,0.06166113168,0,reconstructions/d4edbcc97ec00f079508e13004cf8c0e01806e2a1c89e0eb93c0e8df45158196/zero_filled-noise--2.0-2-2.pt
d4edbcc97ec00f079508e13004cf8c0e01806e2a1c89e0eb93c0e8df45158196,3edb09d41378dfae155626fe72b75a2c4bde6a58,cff553233941e75169564d196f318bbdd728713e0809f049f5ada55d92b57e1e,7e25783c0a7c26e9b9f205121679098986989cb4fa109a54923972afe75d60ce,ac6168d8c51a9220ff3b88b5de5c6038c357dcd1c8a36c2a1f201e2293e484e8,False,tv,noise,-2,2,2,0.03,0.0040600584971,0,0.25,20.917966341,0.743202564489,0.0820845738053,0.0531469583511,0.0531469583511,0,reconstructions/d4edbcc97ec00f079508e13004cf8c0e01806e2a1c89e0eb93c0e8df45158196/tv-noise--2.0-2-2.pt
d4edbcc97ec00f079508e13004cf8c0e01806e2a1c89e0eb93c0e8df45158196,3edb09d41378dfae155626fe72b75a2c4bde6a58,cff553233941e75169564d196f318bbdd728713e0809f049f5ada55d92b57e1e,7e25783c0a7c26e9b9f205121679098986989cb4fa109a54923972afe75d60ce,ac6168d8c51a9220ff3b88b5de5c6038c357dcd1c8a36c2a1f201e2293e484e8,False,dps,noise,-2,2,2,0.03,0.0040600584971,0,0.25,7.53449337571,0.0110434660818,0.421400487423,0.959511458874,0.959511458874,0,reconstructions/d4edbcc97ec00f079508e13004cf8c0e01806e2a1c89e0eb93c0e8df45158196/dps-noise--2.0-2-2.pt
d4edbcc97ec00f079508e13004cf8c0e01806e2a1c89e0eb93c0e8df45158196,3edb09d41378dfae155626fe72b75a2c4bde6a58,cff553233941e75169564d196f318bbdd728713e0809f049f5ada55d92b57e1e,7e25783c0a7c26e9b9f205121679098986989cb4fa109a54923972afe75d60ce,ac6168d8c51a9220ff3b88b5de5c6038c357dcd1c8a36c2a1f201e2293e484e8,False,diffpir,noise,-2,2,2,0.03,0.0040600584971,0,0.25,5.26438755345,0.0517930097406,0.880973637104,0.593763649464,0.593763649464,0,reconstructions/d4edbcc97ec00f079508e13004cf8c0e01806e2a1c89e0eb93c0e8df45158196/diffpir-noise--2.0-2-2.pt
d4edbcc97ec00f079508e13004cf8c0e01806e2a1c89e0eb93c0e8df45158196,3edb09d41378dfae155626fe72b75a2c4bde6a58,cff553233941e75169564d196f318bbdd728713e0809f049f5ada55d92b57e1e,7e25783c0a7c26e9b9f205121679098986989cb4fa109a54923972afe75d60ce,ac6168d8c51a9220ff3b88b5de5c6038c357dcd1c8a36c2a1f201e2293e484e8,False,pigdm,noise,-2,2,2,0.03,0.0040600584971,0,0.25,19.5021409632,0.640131862914,0.102441474795,0.0521474517882,0.0521474517882,0,reconstructions/d4edbcc97ec00f079508e13004cf8c0e01806e2a1c89e0eb93c0e8df45158196/pigdm-noise--2.0-2-2.pt
d4edbcc97ec00f079508e13004cf8c0e01806e2a1c89e0eb93c0e8df45158196,3edb09d41378dfae155626fe72b75a2c4bde6a58,cff553233941e75169564d196f318bbdd728713e0809f049f5ada55d92b57e1e,7e25783c0a7c26e9b9f205121679098986989cb4fa109a54923972afe75d60ce,ac6168d8c51a9220ff3b88b5de5c6038c357dcd1c8a36c2a1f201e2293e484e8,False,zero_filled,noise,-2,2,3,0.03,0.0040600584971,0,0.25,21.1603020292,0.604664582454,0.273713558912,0.0390979163349,0.0390979163349,0,reconstructions/d4edbcc97ec00f079508e13004cf8c0e01806e2a1c89e0eb93c0e8df45158196/zero_filled-noise--2.0-2-3.pt
d4edbcc97ec00f079508e13004cf8c0e01806e2a1c89e0eb93c0e8df45158196,3edb09d41378dfae155626fe72b75a2c4bde6a58,cff553233941e75169564d196f318bbdd728713e0809f049f5ada55d92b57e1e,7e25783c0a7c26e9b9f205121679098986989cb4fa109a54923972afe75d60ce,ac6168d8c51a9220ff3b88b5de5c6038c357dcd1c8a36c2a1f201e2293e484e8,False,tv,noise,-2,2,3,0.03,0.0040600584971,0,0.25,24.963654442,0.743954283787,0.184587821364,0.0362034477293,0.0362034477293,0,reconstructions/d4edbcc97ec00f079508e13004cf8c0e01806e2a1c89e0eb93c0e8df45158196/tv-noise--2.0-2-3.pt
d4edbcc97ec00f079508e13004cf8c0e01806e2a1c89e0eb93c0e8df45158196,3edb09d41378dfae155626fe72b75a2c4bde6a58,cff553233941e75169564d196f318bbdd728713e0809f049f5ada55d92b57e1e,7e25783c0a7c26e9b9f205121679098986989cb4fa109a54923972afe75d60ce,ac6168d8c51a9220ff3b88b5de5c6038c357dcd1c8a36c2a1f201e2293e484e8,False,dps,noise,-2,2,3,0.03,0.0040600584971,0,0.25,9.65152720384,0.0839266997162,0.521593987942,0.500421345234,0.500421345234,0,reconstructions/d4edbcc97ec00f079508e13004cf8c0e01806e2a1c89e0eb93c0e8df45158196/dps-noise--2.0-2-3.pt
d4edbcc97ec00f079508e13004cf8c0e01806e2a1c89e0eb93c0e8df45158196,3edb09d41378dfae155626fe72b75a2c4bde6a58,cff553233941e75169564d196f318bbdd728713e0809f049f5ada55d92b57e1e,7e25783c0a7c26e9b9f205121679098986989cb4fa109a54923972afe75d60ce,ac6168d8c51a9220ff3b88b5de5c6038c357dcd1c8a36c2a1f201e2293e484e8,False,diffpir,noise,-2,2,3,0.03,0.0040600584971,0,0.25,5.89026184088,0.0138753214537,0.950978398323,0.27530425787,0.27530425787,0,reconstructions/d4edbcc97ec00f079508e13004cf8c0e01806e2a1c89e0eb93c0e8df45158196/diffpir-noise--2.0-2-3.pt
d4edbcc97ec00f079508e13004cf8c0e01806e2a1c89e0eb93c0e8df45158196,3edb09d41378dfae155626fe72b75a2c4bde6a58,cff553233941e75169564d196f318bbdd728713e0809f049f5ada55d92b57e1e,7e25783c0a7c26e9b9f205121679098986989cb4fa109a54923972afe75d60ce,ac6168d8c51a9220ff3b88b5de5c6038c357dcd1c8a36c2a1f201e2293e484e8,False,pigdm,noise,-2,2,3,0.03,0.0040600584971,0,0.25,22.1421532124,0.613766775027,0.0952630117536,0.0261645335704,0.0261645335704,0,reconstructions/d4edbcc97ec00f079508e13004cf8c0e01806e2a1c89e0eb93c0e8df45158196/pigdm-noise--2.0-2-3.pt
d4edbcc97ec00f079508e13004cf8c0e01806e2a1c89e0eb93c0e8df45158196,3edb09d41378dfae155626fe72b75a2c4bde6a58,cff553233941e75169564d196f318bbdd728713e0809f049f5ada55d92b57e1e,7e25783c0a7c26e9b9f205121679098986989cb4fa109a54923972afe75d60ce,ac6168d8c51a9220ff3b88b5de5c6038c357dcd1c8a36c2a1f201e2293e484e8,False,zero_filled,noise,-2,2,4,0.03,0.0040600584971,0,0.25,20.7003226553,0.679424681806,0.245716720819,0.0351603776217,0.0351603776217,0,reconstructions/d4edbcc97ec00f079508e13004cf8c0e01806e2a1c89e0eb93c0e8df45158196/zero_filled-noise--2.0-2-4.pt
d4edbcc97ec00f079508e13004cf8c0e01806e2a1c89e0eb93c0e8df45158196,3edb09d41378dfae155626fe72b75a2c4bde6a58,cff553233941e75169564d196f318bbdd728713e0809f049f5ada55d92b57e1e,7e25783c0a7c26e9b9f205121679098986989cb4fa109a54923972afe75d60ce,ac6168d8c51a9220ff3b88b5de5c6038c357dcd1c8a36c2a1f201e2293e484e8,False,tv,noise,-2,2,4,0.03,0.0040600584971,0,0.25,21.2828826491,0.687230546455,0.118066184223,0.0310385953635,0.0310385953635,0,reconstructions/d4edbcc97ec00f079508e13004cf8c0e01806e2a1c89e0eb93c0e8df45158196/tv-noise--2.0-2-4.pt
d4edbcc97ec00f079508e13004cf8c0e01806e2a1c89e0eb93c0e8df45158196,3edb09d41378dfae155626fe72b75a2c4bde6a58,cff553233941e75169564d196f318bbdd728713e0809f049f5ada55d92b57e1e,7e25783c0a7c26e9b9f205121679098986989cb4fa109a54923972afe75d60ce,ac6168d8c51a9220ff3b88b5de5c6038c357dcd1c8a36c2a1f201e2293e484e8,False,dps,noise,-2,2,4,0.03,0.0040600584971,0,0.25,9.36030152897,0.00969095146608,0.235714510083,0.482028186321,0.482028186321,0,reconstructions/d4edbcc97ec00f079508e13004cf8c0e01806e2a1c89e0eb93c0e8df45158196/dps-noise--2.0-2-4.pt
d4edbcc97ec00f079508e13004cf8c0e01806e2a1c89e0eb93c0e8df45158196,3edb09d41378dfae155626fe72b75a2c4bde6a58,cff553233941e75169564d196f318bbdd728713e0809f049f5ada55d92b57e1e,7e25783c0a7c26e9b9f205121679098986989cb4fa109a54923972afe75d60ce,ac6168d8c51a9220ff3b88b5de5c6038c357dcd1c8a36c2a1f201e2293e484e8,False,diffpir,noise,-2,2,4,0.03,0.0040600584971,0,0.25,5.73665695208,0.0338081828649,0.967071890831,0.29863396287,0.29863396287,0,reconstructions/d4edbcc97ec00f079508e13004cf8c0e01806e2a1c89e0eb93c0e8df45158196/diffpir-noise--2.0-2-4.pt
d4edbcc97ec00f079508e13004cf8c0e01806e2a1c89e0eb93c0e8df45158196,3edb09d41378dfae155626fe72b75a2c4bde6a58,cff553233941e75169564d196f318bbdd728713e0809f049f5ada55d92b57e1e,7e25783c0a7c26e9b9f205121679098986989cb4fa109a54923972afe75d60ce,ac6168d8c51a9220ff3b88b5de5c6038c357dcd1c8a36c2a1f201e2293e484e8,False,pigdm,noise,-2,2,4,0.03,0.0040600584971,0,0.25,21.1094275139,0.632278277292,0.0723144263029,0.0275558643043,0.0275558643043,0,reconstructions/d4edbcc97ec00f079508e13004cf8c0e01806e2a1c89e0eb93c0e8df45158196/pigdm-noise--2.0-2-4.pt
d4edbcc97ec00f079508e13004cf8c0e01806e2a1c89e0eb93c0e8df45158196,3edb09d41378dfae155626fe72b75a2c4bde6a58,cff553233941e75169564d196f318bbdd728713e0809f049f5ada55d92b57e1e,7e25783c0a7c26e9b9f205121679098986989cb4fa109a54923972afe75d60ce,ac6168d8c51a9220ff3b88b5de5c6038c357dcd1c8a36c2a1f201e2293e484e8,False,zero_filled,noise,-2,2,5,0.03,0.0040600584971,0,0.25,20.8113719132,0.571709318222,0.387613683939,0.0292580276728,0.0292580276728,0,reconstructions/d4edbcc97ec00f079508e13004cf8c0e01806e2a1c89e0eb93c0e8df45158196/zero_filled-noise--2.0-2-5.pt
d4edbcc97ec00f079508e13004cf8c0e01806e2a1c89e0eb93c0e8df45158196,3edb09d41378dfae155626fe72b75a2c4bde6a58,cff553233941e75169564d196f318bbdd728713e0809f049f5ada55d92b57e1e,7e25783c0a7c26e9b9f205121679098986989cb4fa109a54923972afe75d60ce,ac6168d8c51a9220ff3b88b5de5c6038c357dcd1c8a36c2a1f201e2293e484e8,False,tv,noise,-2,2,5,0.03,0.0040600584971,0,0.25,21.0574902946,0.525748910931,0.297163039446,0.0376150719821,0.0376150719821,0,reconstructions/d4edbcc97ec00f079508e13004cf8c0e01806e2a1c89e0eb93c0e8df45158196/tv-noise--2.0-2-5.pt
d4edbcc97ec00f079508e13004cf8c0e01806e2a1c89e0eb93c0e8df45158196,3edb09d41378dfae155626fe72b75a2c4bde6a58,cff553233941e75169564d196f318bbdd728713e0809f049f5ada55d92b57e1e,7e25783c0a7c26e9b9f205121679098986989cb4fa109a54923972afe75d60ce,ac6168d8c51a9220ff3b88b5de5c6038c357dcd1c8a36c2a1f201e2293e484e8,False,dps,noise,-2,2,5,0.03,0.0040600584971,0,0.25,9.90573111476,0.0822950739015,0.572895467281,0.434425801039,0.434425801039,0,reconstructions/d4edbcc97ec00f079508e13004cf8c0e01806e2a1c89e0eb93c0e8df45158196/dps-noise--2.0-2-5.pt
d4edbcc97ec00f079508e13004cf8c0e01806e2a1c89e0eb93c0e8df45158196,3edb09d41378dfae155626fe72b75a2c4bde6a58,cff553233941e75169564d196f318bbdd728713e0809f049f5ada55d92b57e1e,7e25783c0a7c26e9b9f205121679098986989cb4fa109a54923972afe75d60ce,ac6168d8c51a9220ff3b88b5de5c6038c357dcd1c8a36c2a1f201e2293e484e8,False,diffpir,noise,-2,2,5,0.03,0.0040600584971,0,0.25,5.90031629801,0.0273865514869,0.875710844994,0.249853089452,0.249853089452,0,reconstructions/d4edbcc97ec00f079508e13004cf8c0e01806e2a1c89e0eb93c0e8df45158196/diffpir-noise--2.0-2-5.pt
d4edbcc97ec00f079508e13004cf8c0e01806e2a1c89e0eb93c0e8df45158196,3edb09d41378dfae155626fe72b75a2c4bde6a58,cff553233941e75169564d196f318bbdd728713e0809f049f5ada55d92b57e1e,7e25783c0a7c26e9b9f205121679098986989cb4fa109a54923972afe75d60ce,ac6168d8c51a9220ff3b88b5de5c6038c357dcd1c8a36c2a1f201e2293e484e8,False,pigdm,noise,-2,2,5,0.03,0.0040600584971,0,0.25,20.2282053882,0.530214703285,0.173559606075,0.0306682381779,0.0306682381779,0,reconstructions/d4edbcc97ec00f079508e13004cf8c0e01806e2a1c89e0eb93c0e8df45158196/pigdm-noise--2.0-2-5.pt
d4edbcc97ec00f079508e13004cf8c0e01806e2a1c89e0eb93c0e8df45158196,3edb09d41378dfae155626fe72b75a2c4bde6a58,cff553233941e75169564d196f318bbdd728713e0809f049f5ada55d92b57e1e,7e25783c0a7c26e9b9f205121679098986989cb4fa109a54923972afe75d60ce,ac6168d8c51a9220ff3b88b5de5c6038c357dcd1c8a36c2a1f201e2293e484e8,False,zero_filled,noise,-2,2,6,0.03,0.0040600584971,0,0.25,17.4110531404,0.463116294433,0.308595597744,0.0706667006016,0.0706667006016,0,reconstructions/d4edbcc97ec00f079508e13004cf8c0e01806e2a1c89e0eb93c0e8df45158196/zero_filled-noise--2.0-2-6.pt
d4edbcc97ec00f079508e13004cf8c0e01806e2a1c89e0eb93c0e8df45158196,3edb09d41378dfae155626fe72b75a2c4bde6a58,cff553233941e75169564d196f318bbdd728713e0809f049f5ada55d92b57e1e,7e25783c0a7c26e9b9f205121679098986989cb4fa109a54923972afe75d60ce,ac6168d8c51a9220ff3b88b5de5c6038c357dcd1c8a36c2a1f201e2293e484e8,False,tv,noise,-2,2,6,0.03,0.0040600584971,0,0.25,19.3874136448,0.640342209525,0.128141716123,0.058437589556,0.058437589556,0,reconstructions/d4edbcc97ec00f079508e13004cf8c0e01806e2a1c89e0eb93c0e8df45158196/tv-noise--2.0-2-6.pt
d4edbcc97ec00f079508e13004cf8c0e01806e2a1c89e0eb93c0e8df45158196,3edb09d41378dfae155626fe72b75a2c4bde6a58,cff553233941e75169564d196f318bbdd728713e0809f049f5ada55d92b57e1e,7e25783c0a7c26e9b9f205121679098986989cb4fa109a54923972afe75d60ce,ac6168d8c51a9220ff3b88b5de5c6038c357dcd1c8a36c2a1f201e2293e484e8,False,dps,noise,-2,2,6,0.03,0.0040600584971,0,0.25,4.31349582837,-0.00880553245253,0.522746086121,1.49915874004,1.49915874004,0,reconstructions/d4edbcc97ec00f079508e13004cf8c0e01806e2a1c89e0eb93c0e8df45158196/dps-noise--2.0-2-6.pt
d4edbcc97ec00f079508e13004cf8c0e01806e2a1c89e0eb93c0e8df45158196,3edb09d41378dfae155626fe72b75a2c4bde6a58,cff553233941e75169564d196f318bbdd728713e0809f049f5ada55d92b57e1e,7e25783c0a7c26e9b9f205121679098986989cb4fa109a54923972afe75d60ce,ac6168d8c51a9220ff3b88b5de5c6038c357dcd1c8a36c2a1f201e2293e484e8,False,diffpir,noise,-2,2,6,0.03,0.0040600584971,0,0.25,5.10138085423,0.0289506338824,0.922036409378,0.62258708477,0.62258708477,0,reconstructions/d4edbcc97ec00f079508e13004cf8c0e01806e2a1c89e0eb93c0e8df45158196/diffpir-noise--2.0-2-6.pt
d4edbcc97ec00f079508e13004cf8c0e01806e2a1c89e0eb93c0e8df45158196,3edb09d41378dfae155626fe72b75a2c4bde6a58,cff553233941e75169564d196f318bbdd728713e0809f049f5ada55d92b57e1e,7e25783c0a7c26e9b9f205121679098986989cb4fa109a54923972afe75d60ce,ac6168d8c51a9220ff3b88b5de5c6038c357dcd1c8a36c2a1f201e2293e484e8,False,pigdm,noise,-2,2,6,0.03,0.0040600584971,0,0.25,19.3753613279,0.629323085702,0.0899912118912,0.0524734817445,0.0524734817445,0,reconstructions/d4edbcc97ec00f079508e13004cf8c0e01806e2a1c89e0eb93c0e8df45158196/pigdm-noise--2.0-2-6.pt
d4edbcc97ec00f079508e13004cf8c0e01806e2a1c89e0eb93c0e8df45158196,3edb09d41378dfae155626fe72b75a2c4bde6a58,cff553233941e75169564d196f318bbdd728713e0809f049f5ada55d92b57e1e,7e25783c0a7c26e9b9f205121679098986989cb4fa109a54923972afe75d60ce,ac6168d8c51a9220ff3b88b5de5c6038c357dcd1c8a36c2a1f201e2293e484e8,False,zero_filled,noise,-2,2,7,0.03,0.0040600584971,0,0.25,19.7354151376,0.581614220498,0.258645892143,0.0593283846974,0.0593283846974,0,reconstructions/d4edbcc97ec00f079508e13004cf8c0e01806e2a1c89e0eb93c0e8df45158196/zero_filled-noise--2.0-2-7.pt
d4edbcc97ec00f079508e13004cf8c0e01806e2a1c89e0eb93c0e8df45158196,3edb09d41378dfae155626fe72b75a2c4bde6a58,cff553233941e75169564d196f318bbdd728713e0809f049f5ada55d92b57e1e,7e25783c0a7c26e9b9f205121679098986989cb4fa109a54923972afe75d60ce,ac6168d8c51a9220ff3b88b5de5c6038c357dcd1c8a36c2a1f201e2293e484e8,False,tv,noise,-2,2,7,0.03,0.0040600584971,0,0.25,21.4952576114,0.709253034676,0.100783064961,0.0511475540698,0.0511475540698,0,reconstructions/d4edbcc97ec00f079508e13004cf8c0e01806e2a1c89e0eb93c0e8df45158196/tv-noise--2.0-2-7.pt
d4edbcc97ec00f079508e13004cf8c0e01806e2a1c89e0eb93c0e8df45158196,3edb09d41378dfae155626fe72b75a2c4bde6a58,cff553233941e75169564d196f318bbdd728713e0809f049f5ada55d92b57e1e,7e25783c0a7c26e9b9f205121679098986989cb4fa109a54923972afe75d60ce,ac6168d8c51a9220ff3b88b5de5c6038c357dcd1c8a36c2a1f201e2293e484e8,False,dps,noise,-2,2,7,0.03,0.0040600584971,0,0.25,6.66588078567,0.0748312554231,0.577799916267,1.05281472206,1.05281472206,0,reconstructions/d4edbcc97ec00f079508e13004cf8c0e01806e2a1c89e0eb93c0e8df45158196/dps-noise--2.0-2-7.pt
d4edbcc97ec00f079508e13004cf8c0e01806e2a1c89e0eb93c0e8df45158196,3edb09d41378dfae155626fe72b75a2c4bde6a58,cff553233941e75169564d196f318bbdd728713e0809f049f5ada55d92b57e1e,7e25783c0a7c26e9b9f205121679098986989cb4fa109a54923972afe75d60ce,ac6168d8c51a9220ff3b88b5de5c6038c357dcd1c8a36c2a1f201e2293e484e8,False,diffpir,noise,-2,2,7,0.03,0.0040600584971,0,0.25,5.45388928376,0.0221519198655,0.919417023659,0.521895706654,0.521895706654,0,reconstructions/d4edbcc97ec00f079508e13004cf8c0e01806e2a1c89e0eb93c0e8df45158196/diffpir-noise--2.0-2-7.pt
d4edbcc97ec00f079508e13004cf8c0e01806e2a1c89e0eb93c0e8df45158196,3edb09d41378dfae155626fe72b75a2c4bde6a58,cff553233941e75169564d196f318bbdd728713e0809f049f5ada55d92b57e1e,7e25783c0a7c26e9b9f205121679098986989cb4fa109a54923972afe75d60ce,ac6168d8c51a9220ff3b88b5de5c6038c357dcd1c8a36c2a1f201e2293e484e8,False,pigdm,noise,-2,2,7,0.03,0.0040600584971,0,0.25,22.3689322272,0.694313185681,0.0831374973059,0.0478500500321,0.0478500500321,0,reconstructions/d4edbcc97ec00f079508e13004cf8c0e01806e2a1c89e0eb93c0e8df45158196/pigdm-noise--2.0-2-7.pt
d4edbcc97ec00f079508e13004cf8c0e01806e2a1c89e0eb93c0e8df45158196,3edb09d41378dfae155626fe72b75a2c4bde6a58,cff553233941e75169564d196f318bbdd728713e0809f049f5ada55d92b57e1e,7e25783c0a7c26e9b9f205121679098986989cb4fa109a54923972afe75d60ce,ac6168d8c51a9220ff3b88b5de5c6038c357dcd1c8a36c2a1f201e2293e484e8,False,zero_filled,noise,-1,0,0,0.03,0.0110363832351,0,0.25,22.6588457485,0.656826713866,0.224726304412,0.0395699553192,0.0395699553192,0,reconstructions/d4edbcc97ec00f079508e13004cf8c0e01806e2a1c89e0eb93c0e8df45158196/zero_filled-noise--1.0-0-0.pt
d4edbcc97ec00f079508e13004cf8c0e01806e2a1c89e0eb93c0e8df45158196,3edb09d41378dfae155626fe72b75a2c4bde6a58,cff553233941e75169564d196f318bbdd728713e0809f049f5ada55d92b57e1e,7e25783c0a7c26e9b9f205121679098986989cb4fa109a54923972afe75d60ce,ac6168d8c51a9220ff3b88b5de5c6038c357dcd1c8a36c2a1f201e2293e484e8,False,tv,noise,-1,0,0,0.03,0.0110363832351,0,0.25,23.9930577641,0.700592967754,0.111344195902,0.0352379865944,0.0352379865944,0,reconstructions/d4edbcc97ec00f079508e13004cf8c0e01806e2a1c89e0eb93c0e8df45158196/tv-noise--1.0-0-0.pt
d4edbcc97ec00f079508e13004cf8c0e01806e2a1c89e0eb93c0e8df45158196,3edb09d41378dfae155626fe72b75a2c4bde6a58,cff553233941e75169564d196f318bbdd728713e0809f049f5ada55d92b57e1e,7e25783c0a7c26e9b9f205121679098986989cb4fa109a54923972afe75d60ce,ac6168d8c51a9220ff3b88b5de5c6038c357dcd1c8a36c2a1f201e2293e484e8,False,dps,noise,-1,0,0,0.03,0.0110363832351,0,0.25,7.80993773737,0.0645864155882,0.385093271732,0.617158830166,0.617158830166,0,reconstructions/d4edbcc97ec00f079508e13004cf8c0e01806e2a1c89e0eb93c0e8df45158196/dps-noise--1.0-0-0.pt
d4edbcc97ec00f079508e13004cf8c0e01806e2a1c89e0eb93c0e8df45158196,3edb09d41378dfae155626fe72b75a2c4bde6a58,cff553233941e75169564d196f318bbdd728713e0809f049f5ada55d92b57e1e,7e25783c0a7c26e9b9f205121679098986989cb4fa109a54923972afe75d60ce,ac6168d8c51a9220ff3b88b5de5c6038c357dcd1c8a36c2a1f201e2293e484e8,False,diffpir,noise,-1,0,0,0.03,0.0110363832351,0,0.25,5.76654043535,0.0149025651691,1.05228066444,0.31898316741,0.31898316741,0,reconstructions/d4edbcc97ec00f079508e13004cf8c0e01806e2a1c89e0eb93c0e8df45158196/diffpir-noise--1.0-0-0.pt
d4edbcc97ec00f079508e13004cf8c0e01806e2a1c89e0eb93c0e8df45158196,3edb09d41378dfae155626fe72b75a2c4bde6a58,cff553233941e75169564d196f318bbdd728713e0809f049f5ada55d92b57e1e,7e25783c0a7c26e9b9f205121679098986989cb4fa109a54923972afe75d60ce,ac6168d8c51a9220ff3b88b5de5c6038c357dcd1c8a36c2a1f201e2293e484e8,False,pigdm,noise,-1,0,0,0.03,0.0110363832351,0,0.25,22.5880407715,0.659830880857,0.122863829136,0.0401236191392,0.0401236191392,0,reconstructions/d4edbcc97ec00f079508e13004cf8c0e01806e2a1c89e0eb93c0e8df45158196/pigdm-noise--1.0-0-0.pt
d4edbcc97ec00f079508e13004cf8c0e01806e2a1c89e0eb93c0e8df45158196,3edb09d41378dfae155626fe72b75a2c4bde6a58,cff553233941e75169564d196f318bbdd728713e0809f049f5ada55d92b57e1e,7e25783c0a7c26e9b9f205121679098986989cb4fa109a54923972afe75d60ce,ac6168d8c51a9220ff3b88b5de5c6038c357dcd1c8a36c2a1f201e2293e484e8,False,zero_filled,noise,-1,0,1,0.03,0.0110363832351,0,0.25,25.0129313257,0.684842478213,0.489915013313,0.0423987694085,0.0423987694085,0,reconstructions/d4edbcc97ec00f079508e13004cf8c0e01806e2a1c89e0eb93c0e8df45158196/zero_filled-noise--1.0-0-1.pt
d4edbcc97ec00f079508e13004cf8c0e01806e2a1c89e0eb93c0e8df45158196,3edb09d41378dfae155626fe72b75a2c4bde6a58,cff553233941e75169564d196f318bbdd728713e0809f049f5ada55d92b57e1e,7e25783c0a7c26e9b9f205121679098986989cb4fa109a54923972afe75d60ce,ac6168d8c51a9220ff3b88b5de5c6038c357dcd1c8a36c2a1f201e2293e484e8,False,tv,noise,-1,0,1,0.03,0.0110363832351,0,0.25,26.3332726662,0.653182526401,0.412327110767,0.0488629378378,0.0488629378378,0,reconstructions/d4edbcc97ec00f079508e13004cf8c0e01806e2a1c89e0eb93c0e8df45158196/tv-noise--1.0-0-1.pt
d4edbcc97ec00f079508e13004cf8c0e01806e2a1c89e0eb93c0e8df45158196,3edb09d41378dfae155626fe72b75a2c4bde6a58,cff553233941e75169564d196f318bbdd728713e0809f049f5ada55d92b57e1e,7e25783c0a7c26e9b9f205121679098986989cb4fa109a54923972afe75d60ce,ac6168d8c51a9220ff3b88b5de5c6038c357dcd1c8a36c2a1f201e2293e484e8,False,dps,noise,-1,0,1,0.03,0.0110363832351,0,0.25,13.0257324903,0.108959325591,0.509145975113,0.415755957365,0.415755957365,0,reconstructions/d4edbcc97ec00f079508e13004cf8c0e01806e2a1c89e0eb93c0e8df45158196/dps-noise--1.0-0-1.pt
d4edbcc97ec00f079508e13004cf8c0e01806e2a1c89e0eb93c0e8df45158196,3edb09d41378dfae155626fe72b75a2c4bde6a58,cff553233941e75169564d196f318bbdd728713e0809f049f5ada55d92b57e1e,7e25783c0a7c26e9b9f205121679098986989cb4fa109a54923972afe75d60ce,ac6168d8c51a9220ff3b88b5de5c6038c357dcd1c8a36c2a1f201e2293e484e8,False,diffpir,noise,-1,0,1,0.03,0.0110363832351,0,0.25,6.05100456507,0.00616529451648,0.787742912769,0.325717449188,0.325717449188,0,reconstructions/d4edbcc97ec00f079508e13004cf8c0e01806e2a1c89e0eb93c0e8df45158196/diffpir-noise--1.0-0-1.pt
d4edbcc97ec00f079508e13004cf8c0e01806e2a1c89e0eb93c0e8df45158196,3edb09d41378dfae155626fe72b75a2c4bde6a58,cff553233941e75169564d196f318bbdd728713e0809f049f5ada55d92b57e1e,7e25783c0a7c26e9b9f205121679098986989cb4fa109a54923972afe75d60ce,ac6168d8c51a9220ff3b88b5de5c6038c357dcd1c8a36c2a1f201e2293e484e8,False,pigdm,noise,-1,0,1,0.03,0.0110363832351,0,0.25,25.6559902603,0.654846724484,0.349539995193,0.0513405241072,0.0513405241072,0,reconstructions/d4edbcc97ec00f079508e13004cf8c0e01806e2a1c89e0eb93c0e8df45158196/pigdm-noise--1.0-0-1.pt
d4edbcc97ec00f079508e13004cf8c0e01806e2a1c89e0eb93c0e8df45158196,3edb09d41378dfae155626fe72b75a2c4bde6a58,cff553233941e75169564d196f318bbdd728713e0809f049f5ada55d92b57e1e,7e25783c0a7c26e9b9f205121679098986989cb4fa109a54923972afe75d60ce,ac6168d8c51a9220ff3b88b5de5c6038c357dcd1c8a36c2a1f201e2293e484e8,False,zero_filled,noise,-1,0,2,0.03,0.0110363832351,0,0.25,19.7140299136,0.564251840883,0.209074571729,0.0821735113859,0.0821735113859,0,reconstructions/d4edbcc97ec00f079508e13004cf8c0e01806e2a1c89e0eb93c0e8df45158196/zero_filled-noise--1.0-0-2.pt
d4edbcc97ec00f079508e13004cf8c0e01806e2a1c89e0eb93c0e8df45158196,3edb09d41378dfae155626fe72b75a2c4bde6a58,cff553233941e75169564d196f318bbdd728713e0809f049f5ada55d92b57e1e,7e25783c0a7c26e9b9f205121679098986989cb4fa109a54923972afe75d60ce,ac6168d8c51a9220ff3b88b5de5c6038c357dcd1c8a36c2a1f201e2293e484e8,False,tv,noise,-1,0,2,0.03,0.0110363832351,0,0.25,23.3861487909,0.847903183694,0.0454960241914,0.0539273731411,0.0539273731411,0,reconstructions/d4edbcc97ec00f079508e13004cf8c0e01806e2a1c89e0eb93c0e8df45158196/tv-noise--1.0-0-2.pt
d4edbcc97ec00f079508e13004cf8c0e01806e2a1c89e0eb93c0e8df45158196,3edb09d41378dfae155626fe72b75a2c4bde6a58,cff553233941e75169564d196f318bbdd728713e0809f049f5ada55d92b57e1e,7e25783c0a7c26e9b9f205121679098986989cb4fa109a54923972afe75d60ce,ac6168d8c51a9220ff3b88b5de5c6038c357dcd1c8a36c2a1f201e2293e484e8,False,dps,noise,-1,0,2,0.03,0.0110363832351,0,0.25,11.3987603717,0.185226759458,0.151028990746,0.561881065369,0.561881065369,0,reconstructions/d4edbcc97ec00f079508e13004cf8c0e01806e2a1c89e0eb93c0e8df45158196/dps-noise--1.0-0-2.pt
d4edbcc97ec00f079508e13004cf8c0e01806e2a1c89e0eb93c0e8df45158196,3edb09d41378dfae155626fe72b75a2c4bde6a58,cff553233941e75169564d196f318bbdd728713e0809f049f5ada55d92b57e1e,7e25783c0a7c26e9b9f205121679098986989cb4fa109a54923972afe75d60ce,ac6168d8c51a9220ff3b88b5de5c6038c357dcd1c8a36c2a1f201e2293e484e8,False,diffpir,noise,-1,0,2,0.03,0.0110363832351,0,0.25,4.39220284121,0.0108220510455,0.950578570366,0.866021096706,0.866021096706,0,reconstructions/d4edbcc97ec00f079508e13004cf8c0e01806e2a1c89e0eb93c0e8df45158196/diffpir-noise--1.0-0-2.pt
d4edbcc97ec00f079508e13004cf8c0e01806e2a1c89e0eb93c0e8df45158196,3edb09d41378dfae155626fe72b75a2c4bde6a58,cff553233941e75169564d196f318bbdd728713e0809f049f5ada55d92b57e1e,7e25783c0a7c26e9b9f205121679098986989cb4fa109a54923972afe75d60ce,ac6168d8c51a9220ff3b88b5de5c6038c357dcd1c8a36c2a1f201e2293e484e8,False,pigdm,noise,-1,0,2,0.03,0.0110363832351,0,0.25,20.3350044154,0.607326996509,0.0723995342851,0.130385473371,0.130385473371,0,reconstructions/d4edbcc97ec00f079508e13004cf8c0e01806e2a1c89e0eb93c0e8df45158196/pigdm-noise--1.0-0-2.pt
d4edbcc97ec00f079508e13004cf8c0e01806e2a1c89e0eb93c0e8df45158196,3edb09d41378dfae155626fe72b75a2c4bde6a58,cff553233941e75169564d196f318bbdd728713e0809f049f5ada55d92b57e1e,7e25783c0a7c26e9b9f205121679098986989cb4fa109a54923972afe75d60ce,ac6168d8c51a9220ff3b88b5de5c6038c357dcd1c8a36c2a1f201e2293e484e8,False,zero_filled,noise,-1,0,3,0.03,0.0110363832351,0,0.25,21.9416295764,0.599393559549,0.285628318787,0.0469795577228,0.0469795577228,0,reconstructions/d4edbcc97ec00f079508e13004cf8c0e01806e2a1c89e0eb93c0e8df45158196/zero_filled-noise--1.0-0-3.pt
d4edbcc97ec00f079508e13004cf8c0e01806e2a1c89e0eb93c0e8df45158196,3edb09d41378dfae155626fe72b75a2c4bde6a58,cff553233941e75169564d196f318bbdd728713e0809f049f5ada55d92b57e1e,7e25783c0a7c26e9b9f205121679098986989cb4fa109a54923972afe75d60ce,ac6168d8c51a9220ff3b88b5de5c6038c357dcd1c8a36c2a1f201e2293e484e8,False,tv,noise,-1,0,3,0.03,0.0110363832351,0,0.25,27.067018885,0.7841298705,0.183015942574,0.0369923226535,0.0369923226535,0,reconstructions/d4edbcc97ec00f079508e13004cf8c0e01806e2a1c89e0eb93c0e8df45158196/tv-noise--1.0-0-3.pt
d4edbcc97ec00f079508e13004cf8c0e01806e2a1c89e0eb93c0e8df45158196,3edb09d41378dfae155626fe72b75a2c4bde6a58,cff553233941e75169564d196f318bbdd728713e0809f049f5ada55d92b57e1e,7e25783c0a7c26e9b9f205121679098986989cb4fa109a54923972afe75d60ce,ac6168d8c51a9220ff3b88b5de5c6038c357dcd1c8a36c2a1f201e2293e484e8,False,dps,noise,-1,0,3,0.03,0.0110363832351,0,0.25,5.5623117989,0.0365989035796,0.593524515629,0.840676605701,0.840676605701,0,reconstructions/d4edbcc97ec00f079508e13004cf8c0e01806e2a1c89e0eb93c0e8df45158196/dps-noise--1.0-0-3.pt
d4edbcc97ec00f079508e13004cf8c0e01806e2a1c89e0eb93c0e8df45158196,3edb09d41378dfae155626fe72b75a2c4bde6a58,cff553233941e75169564d196f318bbdd728713e0809f049f5ada55d92b57e1e,7e25783c0a7c26e9b9f205121679098986989cb4fa109a54923972afe75d60ce,ac6168d8c51a9220ff3b88b5de5c6038c357dcd1c8a36c2a1f201e2293e484e8,False,diffpir,noise,-1,0,3,0.03,0.0110363832351,0,0.25,5.42319752146,0.00253078426086,1.01632702351,0.384445428848,0.384445428848,0,reconstructions/d4edbcc97ec00f079508e13004cf8c0e01806e2a1c89e0eb93c0e8df45158196/diffpir-noise--1.0-0-3.pt
d4edbcc97ec00f079508e13004cf8c0e01806e2a1c89e0eb93c0e8df45158196,3edb09d41378dfae155626fe72b75a2c4bde6a58,cff553233941e75169564d196f318bbdd728713e0809f049f5ada55d92b57e1e,7e25783c0a7c26e9b9f205121679098986989cb4fa109a54923972afe75d60ce,ac6168d8c51a9220ff3b88b5de5c6038c357dcd1c8a36c2a1f201e2293e484e8,False,pigdm,noise,-1,0,3,0.03,0.0110363832351,0,0.25,24.5843552723,0.663753834412,0.123106196523,0.0367837585509,0.0367837585509,0,reconstructions/d4edbcc97ec00f079508e13004cf8c0e01806e2a1c89e0eb93c0e8df45158196/pigdm-noise--1.0-0-3.pt
d4edbcc97ec00f079508e13004cf8c0e01806e2a1c89e0eb93c0e8df45158196,3edb09d41378dfae155626fe72b75a2c4bde6a58,cff553233941e75169564d196f318bbdd728713e0809f049f5ada55d92b57e1e,7e25783c0a7c26e9b9f205121679098986989cb4fa109a54923972afe75d60ce,ac6168d8c51a9220ff3b88b5de5c6038c357dcd1c8a36c2a1f201e2293e484e8,False,zero_filled,noise,-1,0,4,0.03,0.0110363832351,0,0.25,21.6368899123,0.720942373847,0.167351126671,0.0440724603832,0.0440724603832,0,reconstructions/d4edbcc97ec00f079508e13004cf8c0e01806e2a1c89e0eb93c0e8df45158196/zero_filled-noise--1.0-0-4.pt
d4edbcc97ec00f079508e13004cf8c0e01806e2a1c89e0eb93c0e8df45158196,3edb09d41378dfae155626fe72b75a2c4bde6a58,cff553233941e75169564d196f318bbdd728713e0809f049f5ada55d92b57e1e,7e25783c0a7c26e9b9f205121679098986989cb4fa109a54923972afe75d60ce,ac6168d8c51a9220ff3b88b5de5c6038c357dcd1c8a36c2a1f201e2293e484e8,False,tv,noise,-1,0,4,0.03,0.0110363832351,0,0.25,24.2004617694,0.789078127274,0.0813751146197,0.0327188670635,0.0327188670635,0,reconstructions/d4edbcc97ec00f079508e13004cf8c0e01806e2a1c89e0eb93c0e8df45158196/tv-noise--1.0-0-4.pt
d4edbcc97ec00f079508e13004cf8c0e01806e2a1c89e0eb93c0e8df45158196,3edb09d41378dfae155626fe72b75a2c4bde6a58,cff553233941e75169564d196f318bbdd728713e0809f049f5ada55d92b57e1e,7e25783c0a7c26e9b9f205121679098986989cb4fa109a54923972afe75d60ce,ac6168d8c51a9220ff3b88b5de5c6038c357dcd1c8a36c2a1f201e2293e484e8,False,dps,noise,-1,0,4,0.03,0.0110363832351,0,0.25,10.9549632134,0.11180096879,0.217266917229,0.405591785908,0.405591785908,0,reconstructions/d4edbcc97ec00f079508e13004cf8c0e01806e2a1c89e0eb93c0e8df45158196/dps-noise--1.0-0-4.pt
d4edbcc97ec00f079508e13004cf8c0e01806e2a1c89e0eb93c0e8df45158196,3edb09d41378dfae155626fe72b75a2c4bde6a58,cff553233941e75169564d196f318bbdd728713e0809f049f5ada55d92b57e1e,7e25783c0a7c26e9b9f205121679098986989cb4fa109a54923972afe75d60ce,ac6168d8c51a9220ff3b88b5de5c6038c357dcd1c8a36c2a1f201e2293e484e8,False,diffpir,noise,-1,0,4,0.03,0.0110363832351,0,0.25,5.19870876649,0.0206278937197,0.980121016502,0.427866488695,0.427866488695,0,reconstructions/d4edbcc97ec00f079508e13004cf8c0e01806e2a1c89e0eb93c0e8df45158196/diffpir-noise--1.0-0-4.pt
d4edbcc97ec00f079508e13004cf8c0e01806e2a1c89e0eb93c0e8df45158196,3edb09d41378dfae155626fe72b75a2c4bde6a58,cff553233941e75169564d196f318bbdd728713e0809f049f5ada55d92b57e1e,7e25783c0a7c26e9b9f205121679098986989cb4fa109a54923972afe75d60ce,ac6168d8c51a9220ff3b88b5de5c6038c357dcd1c8a36c2a1f201e2293e484e8,False,pigdm,noise,-1,0,4,0.03,0.0110363832351,0,0.25,24.1688973944,0.785917045737,0.0442959591746,0.031424574554,0.031424574554,0,reconstructions/d4edbcc97ec00f079508e13004cf8c0e01806e2a1c89e0eb93c0e8df45158196/pigdm-noise--1.0-0-4.pt
d4edbcc97ec00f079508e13004cf8c0e01806e2a1c89e0eb93c0e8df45158196,3edb09d41378dfae155626fe72b75a2c4bde6a58,cff553233941e75169564d196f318bbdd728713e0809f049f5ada55d92b57e1e,7e25783c0a7c26e9b9f205121679098986989cb4fa109a54923972afe75d60ce,ac6168d8c51a9220ff3b88b5de5c6038c357dcd1c8a36c2a1f201e2293e484e8,False,zero_filled,noise,-1,0,5,0.03,0.0110363832351,0,0.25,22.001199642,0.642262153106,0.365350067616,0.0400173664093,0.0400173664093,0,reconstructions/d4edbcc97ec00f079508e13004cf8c0e01806e2a1c89e0eb93c0e8df45158196/zero_filled-noise--1.0-0-5.pt
d4edbcc97ec00f079508e13004cf8c0e01806e2a1c89e0eb93c0e8df45158196,3edb09d41378dfae155626fe72b75a2c4bde6a58,cff553233941e75169564d196f318bbdd728713e0809f049f5ada55d92b57e1e,7e25783c0a7c26e9b9f205121679098986989cb4fa109a54923972afe75d60ce,ac6168d8c51a9220ff3b88b5de5c6038c357dcd1c8a36c2a1f201e2293e484e8,False,tv,noise,-1,0,5,0.03,0.0110363832351,0,0.25,23.0841255457,0.634394964779,0.210670739412,0.0374664403498,0.0374664403498,0,reconstructions/d4edbcc97ec00f079508e13004cf8c0e01806e2a1c89e0eb93c0e8df45158196/tv-noise--1.0-0-5.pt
d4edbcc97ec00f079508e13004cf8c0e01806e2a1c89e0eb93c0e8df45158196,3edb09d41378dfae155626fe72b75a2c4bde6a58,cff553233941e75169564d196f318bbdd728713e0809f049f5ada55d92b57e1e,7e25783c0a7c26e9b9f205121679098986989cb4fa109a54923972afe75d60ce,ac6168d8c51a9220ff3b88b5de5c6038c357dcd1c8a36c2a1f201e2293e484e8,False,dps,noise,-1,0,5,0.03,0.0110363832351,0,0.25,9.72978140185,0.0818735080597,0.656715035439,0.462106645107,0.462106645107,0,reconstructions/d4edbcc97ec00f079508e13004cf8c0e01806e2a1c89e0eb93c0e8df45158196/dps-noise--1.0-0-5.pt
d4edbcc97ec00f079508e13004cf8c0e01806e2a1c89e0eb93c0e8df45158196,3edb09d41378dfae155626fe72b75a2c4bde6a58,cff553233941e75169564d196f318bbdd728713e0809f049f5ada55d92b57e1e,7e25783c0a7c26e9b9f205121679098986989cb4fa109a54923972afe75d60ce,ac6168d8c51a9220ff3b88b5de5c6038c357dcd1c8a36c2a1f201e2293e484e8,False,diffpir,noise,-1,0,5,0.03,0.0110363832351,0,0.25,5.40421459811,0.0111593245217,0.868078708649,0.363294899464,0.363294899464,0,reconstructions/d4edbcc97ec00f079508e13004cf8c0e01806e2a1c89e0eb93c0e8df45158196/diffpir-noise--1.0-0-5.pt
d4edbcc97ec00f079508e13004cf8c0e01806e2a1c89e0eb93c0e8df45158196,3edb09d41378dfae155626fe72b75a2c4bde6a58,cff553233941e75169564d196f318bbdd728713e0809f049f5ada55d92b57e1e,7e25783c0a7c26e9b9f205121679098986989cb4fa109a54923972afe75d60ce,ac6168d8c51a9220ff3b88b5de5c6038c357dcd1c8a36c2a1f201e2293e484e8,False,pigdm,noise,-1,0,5,0.03,0.0110363832351,0,0.25,22.5443836084,0.657973707947,0.16362079978,0.0373208969831,0.0373208969831,0,reconstructions/d4edbcc97ec00f079508e13004cf8c0e01806e2a1c89e0eb93c0e8df45158196/pigdm-noise--1.0-0-5.pt
d4edbcc97ec00f079508e13004cf8c0e01806e2a1c89e0eb93c0e8df45158196,3edb09d41378dfae155626fe72b75a2c4bde6a58,cff553233941e75169564d196f318bbdd728713e0809f049f5ada55d92b57e1e,7e25783c0a7c26e9b9f205121679098986989cb4fa109a54923972afe75d60ce,ac6168d8c51a9220ff3b88b5de5c6038c357dcd1c8a36c2a1f201e2293e484e8,False,zero_filled,noise,-1,0,6,0.03,0.0110363832351,0,0.25,18.072035998,0.509170001742,0.274148732424,0.0898019596934,0.0898019596934,0,reconstructions/d4edbcc97ec00f079508e13004cf8c0e01806e2a1c89e0eb93c0e8df45158196/zero_filled-noise--1.0-0-6.pt
d4edbcc97ec00f079508e13004cf8c0e01806e2a1c89e0eb93c0e8df45158196,3edb09d41378dfae155626fe72b75a2c4bde6a58,cff553233941e75169564d196f318bbdd728713e0809f049f5ada55d92b57e1e,7e25783c0a7c26e9b9f205121679098986989cb4fa109a54923972afe75d60ce,ac6168d8c51a9220ff3b88b5de5c6038c357dcd1c8a36c2a1f201e2293e484e8,False,tv,noise,-1,0,6,0.03,0.0110363832351,0,0.25,21.8314079802,0.745148188356,0.066240593791,0.0577669888735,0.0577669888735,0,reconstructions/d4edbcc97ec00f079508e13004cf8c0e01806e2a1c89e0eb93c0e8df45158196/tv-noise--1.0-0-6.pt
d4edbcc97ec00f079508e13004cf8c0e01806e2a1c89e0eb93c0e8df45158196,3edb09d41378dfae155626fe72b75a2c4bde6a58,cff553233941e75169564d196f318bbdd728713e0809f049f5ada55d92b57e1e,7e25783c0a7c26e9b9f205121679098986989cb4fa109a54923972afe75d60ce,ac6168d8c51a9220ff3b88b5de5c6038c357dcd1c8a36c2a1f201e2293e484e8,False,dps,noise,-1,0,6,0.03,0.0110363832351,0,0.25,8.37522144199,0.00896532953977,0.53497838974,0.89525860548,0.89525860548,0,reconstructions/d4edbcc97ec00f079508e13004cf8c0e01806e2a1c89e0eb93c0e8df45158196/dps-noise--1.0-0-6.pt
d4edbcc97ec00f079508e13004cf8c0e01806e2a1c89e0eb93c0e8df45158196,3edb09d41378dfae155626fe72b75a2c4bde6a58,cff553233941e75169564d196f318bbdd728713e0809f049f5ada55d92b57e1e,7e25783c0a7c26e9b9f205121679098986989cb4fa109a54923972afe75d60ce,ac6168d8c51a9220ff3b88b5de5c6038c357dcd1c8a36c2a1f201e2293e484e8,False,diffpir,noise,-1,0,6,0.03,0.0110363832351,0,0.25,4.23119144829,0.00510297231214,0.875414013863,0.913026034832,0.913026034832,0,reconstructions/d4edbcc97ec00f079508e13004cf8c0e01806e2a1c89e0eb93c0e8df45158196/diffpir-noise--1.0-0-6.pt
d4edbcc97ec00f079508e13004cf8c0e01806e2a1c89e0eb93c0e8df45158196,3edb09d41378dfae155626fe72b75a2c4bde6a58,cff553233941e75169564d196f318bbdd728713e0809f049f5ada55d92b57e1e,7e25783c0a7c26e9b9f205121679098986989cb4fa109a54923972afe75d60ce,ac6168d8c51a9220ff3b88b5de5c6038c357dcd1c8a36c2a1f201e2293e484e8,False,pigdm,noise,-1,0,6,0.03,0.0110363832351,0,0.25,19.9110879975,0.604002941776,0.0890192016959,0.146865546703,0.146865546703,0,reconstructions/d4edbcc97ec00f079508e13004cf8c0e01806e2a1c89e0eb93c0e8df45158196/pigdm-noise--1.0-0-6.pt
d4edbcc97ec00f079508e13004cf8c0e01806e2a1c89e0eb93c0e8df45158196,3edb09d41378dfae155626fe72b75a2c4bde6a58,cff553233941e75169564d196f318bbdd728713e0809f049f5ada55d92b57e1e,7e25783c0a7c26e9b9f205121679098986989cb4fa109a54923972afe75d60ce,ac6168d8c51a9220ff3b88b5de5c6038c357dcd1c8a36c2a1f201e2293e484e8,False,zero_filled,noise,-1,0,7,0.03,0.0110363832351,0,0.25,20.5633420154,0.58555962536,0.206613197923,0.0729525312781,0.0729525312781,0,reconstructions/d4edbcc97ec00f079508e13004cf8c0e01806e2a1c89e0eb93c0e8df45158196/zero_filled-noise--1.0-0-7.pt
d4edbcc97ec00f079508e13004cf8c0e01806e2a1c89e0eb93c0e8df45158196,3edb09d41378dfae155626fe72b75a2c4bde6a58,cff553233941e75169564d196f318bbdd728713e0809f049f5ada55d92b57e1e,7e25783c0a7c26e9b9f205121679098986989cb4fa109a54923972afe75d60ce,ac6168d8c51a9220ff3b88b5de5c6038c357dcd1c8a36c2a1f201e2293e484e8,False,tv,noise,-1,0,7,0.03,0.0110363832351,0,0.25,24.3813865241,0.81616764701,0.0538613274693,0.0517907813191,0.0517907813191,0,reconstructions/d4edbcc97ec00f079508e13004cf8c0e01806e2a1c89e0eb93c0e8df45158196/tv-noise--1.0-0-7.pt
d4edbcc97ec00f079508e13004cf8c0e01806e2a1c89e0eb93c0e8df45158196,3edb09d41378dfae155626fe72b75a2c4bde6a58,cff553233941e75169564d196f318bbdd728713e0809f049f5ada55d92b57e1e,7e25783c0a7c26e9b9f205121679098986989cb4fa109a54923972afe75d60ce,ac6168d8c51a9220ff3b88b5de5c6038c357dcd1c8a36c2a1f201e2293e484e8,False,dps,noise,-1,0,7,0.03,0.0110363832351,0,0.25,6.77408753391,-0.0387825443046,0.379332631826,1.00326883793,1.00326883793,0,reconstructions/d4edbcc97ec00f079508e13004cf8c0e01806e2a1c89e0eb93c0e8df45158196/dps-noise--1.0-0-7.pt
d4edbcc97ec00f079508e13004cf8c0e01806e2a1c89e0eb93c0e8df45158196,3edb09d41378dfae155626fe72b75a2c4bde6a58,cff553233941e75169564d196f318bbdd728713e0809f049f5ada55d92b57e1e,7e25783c0a7c26e9b9f205121679098986989cb4fa109a54923972afe75d60ce,ac6168d8c51a9220ff3b88b5de5c6038c357dcd1c8a36c2a1f201e2293e484e8,False,diffpir,noise,-1,0,7,0.03,0.0110363832351,0,0.25,4.59599208639,0.00609979396355,0.962628483772,0.7794957757,0.7794957757,0,reconstructions/d4edbcc97ec00f079508e13004cf8c0e01806e2a1c89e0eb93c0e8df45158196/diffpir-noise--1.0-0-7.pt
d4edbcc97ec00f079508e13004cf8c0e01806e2a1c89e0eb93c0e8df45158196,3edb09d41378dfae155626fe72b75a2c4bde6a58,cff553233941e75169564d196f318bbdd728713e0809f049f5ada55d92b57e1e,7e25783c0a7c26e9b9f205121679098986989cb4fa109a54923972afe75d60ce,ac6168d8c51a9220ff3b88b5de5c6038c357dcd1c8a36c2a1f201e2293e484e8,False,pigdm,noise,-1,0,7,0.03,0.0110363832351,0,0.25,22.5428675451,0.601439596388,0.11281209439,0.0868484899402,0.0868484899402,0,reconstructions/d4edbcc97ec00f079508e13004cf8c0e01806e2a1c89e0eb93c0e8df45158196/pigdm-noise--1.0-0-7.pt
d4edbcc97ec00f079508e13004cf8c0e01806e2a1c89e0eb93c0e8df45158196,3edb09d41378dfae155626fe72b75a2c4bde6a58,cff553233941e75169564d196f318bbdd728713e0809f049f5ada55d92b57e1e,7e25783c0a7c26e9b9f205121679098986989cb4fa109a54923972afe75d60ce,ac6168d8c51a9220ff3b88b5de5c6038c357dcd1c8a36c2a1f201e2293e484e8,False,zero_filled,noise,-1,1,0,0.03,0.0110363832351,0,0.25,22.2046624824,0.63262735649,0.28461125493,0.036162558943,0.036162558943,0,reconstructions/d4edbcc97ec00f079508e13004cf8c0e01806e2a1c89e0eb93c0e8df45158196/zero_filled-noise--1.0-1-0.pt
d4edbcc97ec00f079508e13004cf8c0e01806e2a1c89e0eb93c0e8df45158196,3edb09d41378dfae155626fe72b75a2c4bde6a58,cff553233941e75169564d196f318bbdd728713e0809f049f5ada55d92b57e1e,7e25783c0a7c26e9b9f205121679098986989cb4fa109a54923972afe75d60ce,ac6168d8c51a9220ff3b88b5de5c6038c357dcd1c8a36c2a1f201e2293e484e8,False,tv,noise,-1,1,0,0.03,0.0110363832351,0,0.25,23.7228868583,0.67237846201,0.118301518261,0.0363738834858,0.0363738834858,0,reconstructions/d4edbcc97ec00f079508e13004cf8c0e01806e2a1c89e0eb93c0e8df45158196/tv-noise--1.0-1-0.pt
d4edbcc97ec00f079508e13004cf8c0e01806e2a1c89e0eb93c0e8df45158196,3edb09d41378dfae155626fe72b75a2c4bde6a58,cff553233941e75169564d196f318bbdd728713e0809f049f5ada55d92b57e1e,7e25783c0a7c26e9b9f205121679098986989cb4fa109a54923972afe75d60ce,ac6168d8c51a9220ff3b88b5de5c6038c357dcd1c8a36c2a1f201e2293e484e8,False,dps,noise,-1,1,0,0.03,0.0110363832351,0,0.25,10.2190752859,0.113151392289,0.340085685253,0.46885073185,0.46885073185,0,reconstructions/d4edbcc97ec00f079508e13004cf8c0e01806e2a1c89e0eb93c0e8df45158196/dps-noise--1.0-1-0.pt
d4edbcc97ec00f079508e13004cf8c0e01806e2a1c89e0eb93c0e8df45158196,3edb09d41378dfae155626fe72b75a2c4bde6a58,cff553233941e75169564d196f318bbdd728713e0809f049f5ada55d92b57e1e,7e25783c0a7c26e9b9f205121679098986989cb4fa109a54923972afe75d60ce,ac6168d8c51a9220ff3b88b5de5c6038c357dcd1c8a36c2a1f201e2293e484e8,False,diffpir,noise,-1,1,0,0.03,0.0110363832351,0,0.25,5.73797136498,0.00924757561223,0.979938924313,0.312013655901,0.312013655901,0,reconstructions/d4edbcc97ec00f079508e13004cf8c0e01806e2a1c89e0eb93c0e8df45158196/diffpir-noise--1.0-1-0.pt
d4edbcc97ec00f079508e13004cf8c0e01806e2a1c89e0eb93c0e8df45158196,3edb09d41378dfae155626fe72b75a2c4bde6a58,cff553233941e75169564d196f318bbdd728713e0809f049f5ada55d92b57e1e,7e25783c0a7c26e9b9f205121679098986989cb4fa109a54923972afe75d60ce,ac6168d8c51a9220ff3b88b5de5c6038c357dcd1c8a36c2a1f201e2293e484e8,False,pigdm,noise,-1,1,0,0.03,0.0110363832351,0,0.25,22.4104921305,0.63323588314,0.112891115248,0.0323196686804,0.0323196686804,0,reconstructions/d4edbcc97ec00f079508e13004cf8c0e01806e2a1c89e0eb93c0e8df45158196/pigdm-noise--1.0-1-0.pt
d4edbcc97ec00f079508e13004cf8c0e01806e2a1c89e0eb93c0e8df45158196,3edb09d41378dfae155626fe72b75a2c4bde6a58,cff553233941e75169564d196f318bbdd728713e0809f049f5ada55d92b57e1e,7e25783c0a7c26e9b9f205121679098986989cb4fa109a54923972afe75d60ce,ac6168d8c51a9220ff3b88b5de5c6038c357dcd1c8a36c2a1f201e2293e484e8,False,zero_filled,noise,-1,1,1,0.03,0.0110363832351,0,0.25,24.7355750564,0.678192674721,0.417637109756,0.0395005047321,0.0395005047321,0,reconstructions/d4edbcc97ec00f079508e13004cf8c0e01806e2a1c89e0eb93c0e8df45158196/zero_filled-noise--1.0-1-1.pt
d4edbcc97ec00f079508e13004cf8c0e01806e2a1c89e0eb93c0e8df45158196,3edb09d41378dfae155626fe72b75a2c4bde6a58,cff553233941e75169564d196f318bbdd728713e0809f049f5ada55d92b57e1e,7e25783c0a7c26e9b9f205121679098986989cb4fa109a54923972afe75d60ce,ac6168d8c51a9220ff3b88b5de5c6038c357dcd1c8a36c2a1f201e2293e484e8,False,tv,noise,-1,1,1,0.03,0.0110363832351,0,0.25,25.9807354937,0.633378917092,0.316274940968,0.0502718649805,0.0502718649805,0,reconstructions/d4edbcc97ec00f079508e13004cf8c0e01806e2a1c89e0eb93c0e8df45158196/tv-noise--1.0-1-1.pt
d4edbcc97ec00f079508e13004cf8c0e01806e2a1c89e0eb93c0e8df45158196,3edb09d41378dfae155626fe72b75a2c4bde6a58,cff553233941e75169564d196f318bbdd728713e0809f049f5ada55d92b57e1e,7e25783c0a7c26e9b9f205121679098986989cb4fa109a54923972afe75d60ce,ac6168d8c51a9220ff3b88b5de5c6038c357dcd1c8a36c2a1f201e2293e484e8,False,dps,noise,-1,1,1,0.03,0.0110363832351,0,0.25,8.34246340709,0.0286202599698,0.584222972393,0.748759567738,0.748759567738,0,reconstructions/d4edbcc97ec00f079508e13004cf8c0e01806e2a1c89e0eb93c0e8df45158196/dps-noise--1.0-1-1.pt
d4edbcc97ec00f079508e13004cf8c0e01806e2a1c89e0eb93c0e8df45158196,3edb09d41378dfae155626fe72b75a2c4bde6a58,cff553233941e75169564d196f318bbdd728713e0809f049f5ada55d92b57e1e,7e25783c0a7c26e9b9f205121679098986989cb4fa109a54923972afe75d60ce,ac6168d8c51a9220ff3b88b5de5c6038c357dcd1c8a36c2a1f201e2293e484e8,False,diffpir,noise,-1,1,1,0.03,0.0110363832351,0,0.25,6.07757236094,0.0141640574062,0.775834143162,0.320424944162,0.320424944162,0,reconstructions/d4edbcc97ec00f079508e13004cf8c0e01806e2a1c89e0eb93c0e8df45158196/diffpir-noise--1.0-1-1.pt
d4edbcc97ec00f079508e13004cf8c0e01806e2a1c89e0eb93c0e8df45158196,3edb09d41378dfae155626fe72b75a2c4bde6a58,cff553233941e75169564d196f318bbdd728713e0809f049f5ada55d92b57e1e,7e25783c0a7c26e9b9f205121679098986989cb4fa109a54923972afe75d60ce,ac6168d8c51a9220ff3b88b5de5c6038c357dcd1c8a36c2a1f201e2293e484e8,False,pigdm,noise,-1,1,1,0.03,0.0110363832351,0,0.25,25.0673662274,0.653030740454,0.182551592588,0.0431910455227,0.0431910455227,0,reconstructions/d4edbcc97ec00f079508e13004cf8c0e01806e2a1c89e0eb93c0e8df45158196/pigdm-noise--1.0-1-1.pt
d4edbcc97ec00f079508e13004cf8c0e01806e2a1c89e0eb93c0e8df45158196,3edb09d41378dfae155626fe72b75a2c4bde6a58,cff553233941e75169564d196f318bbdd728713e0809f049f5ada55d92b57e1e,7e25783c0a7c26e9b9f205121679098986989cb4fa109a54923972afe75d60ce,ac6168d8c51a9220ff3b88b5de5c6038c357dcd1c8a36c2a1f201e2293e484e8,False,zero_filled,noise,-1,1,2,0.03,0.0110363832351,0,0.25,19.0949875008,0.545044295258,0.227540493011,0.0716555118561,0.0716555118561,0,reconstructions/d4edbcc97ec00f079508e13004cf8c0e01806e2a1c89e0eb93c0e8df45158196/zero_filled-noise--1.0-1-2.pt
d4edbcc97ec00f079508e13004cf8c0e01806e2a1c89e0eb93c0e8df45158196,3edb09d41378dfae155626fe72b75a2c4bde6a58,cff553233941e75169564d196f318bbdd728713e0809f049f5ada55d92b57e1e,7e25783c0a7c26e9b9f205121679098986989cb4fa109a54923972afe75d60ce,ac6168d8c51a9220ff3b88b5de5c6038c357dcd1c8a36c2a1f201e2293e484e8,False,tv,noise,-1,1,2,0.03,0.0110363832351,0,0.25,22.2851196043,0.791705732184,0.057649448514,0.0557870790362,0.0557870790362,0,reconstructions/d4edbcc97ec00f079508e13004cf8c0e01806e2a1c89e0eb93c0e8df45158196/tv-noise--1.0-1-2.pt
d4edbcc97ec00f079508e13004cf8c0e01806e2a1c89e0eb93c0e8df45158196,3edb09d41378dfae155626fe72b75a2c4bde6a58,cff553233941e75169564d196f318bbdd728713e0809f049f5ada55d92b57e1e,7e25783c0a7c26e9b9f205121679098986989cb4fa109a54923972afe75d60ce,ac6168d8c51a9220ff3b88b5de5c6038c357dcd1c8a36c2a1f201e2293e484e8,False,dps,noise,-1,1,2,0.03,0.0110363832351,0,0.25,9.44527058403,0.0638372536497,0.284519582987,0.741458714008,0.741458714008,0,reconstructions/d4edbcc97ec00f079508e13004cf8c0e01806e2a1c89e0eb93c0e8df45158196/dps-noise--1.0-1-2.pt
d4edbcc97ec00f079508e13004cf8c0e01806e2a1c89e0eb93c0e8df45158196,3edb09d41378dfae155626fe72b75a2c4bde6a58,cff553233941e75169564d196f318bbdd728713e0809f049f5ada55d92b57e1e,7e25783c0a7c26e9b9f205121679098986989cb4fa109a54923972afe75d60ce,ac6168d8c51a9220ff3b88b5de5c6038c357dcd1c8a36c2a1f201e2293e484e8,False,diffpir,noise,-1,1,2,0.03,0.0110363832351,0,0.25,4.44205274597,0.0179407670709,0.894210457802,0.851874887943,0.851874887943,0,reconstructions/d4edbcc97ec00f079508e13004cf8c0e01806e2a1c89e0eb93c0e8df45158196/diffpir-noise--1.0-1-2.pt
d4edbcc97ec00f079508e13004cf8c0e01806e2a1c89e0eb93c0e8df45158196,3edb09d41378dfae155626fe72b75a2c4bde6a58,cff553233941e75169564d196f318bbdd728713e0809f049f5ada55d92b57e1e,7e25783c0a7c26e9b9f205121679098986989cb4fa109a54923972afe75d60ce,ac6168d8c51a9220ff3b88b5de5c6038c357dcd1c8a36c2a1f201e2293e484e8,False,pigdm,noise,-1,1,2,0.03,0.0110363832351,0,0.25,20.7001295681,0.600922273311,0.0522453933954,0.109360717237,0.109360717237,0,reconstructions/d4edbcc97ec00f079508e13004cf8c0e01806e2a1c89e0eb93c0e8df45158196/pigdm-noise--1.0-1-2.pt
d4edbcc97ec00f079508e13004cf8c0e01806e2a1c89e0eb93c0e8df45158196,3edb09d41378dfae155626fe72b75a2c4bde6a58,cff553233941e75169564d196f318bbdd728713e0809f049f5ada55d92b57e1e,7e25783c0a7c26e9b9f205121679098986989cb4fa109a54923972afe75d60ce,ac6168d8c51a9220ff3b88b5de5c6038c357dcd1c8a36c2a1f201e2293e484e8,False,zero_filled,noise,-1,1,3,0.03,0.0110363832351,0,0.25,21.4834234263,0.608972967773,0.245045855641,0.042365334928,0.042365334928,0,reconstructions/d4edbcc97ec00f079508e13004cf8c0e01806e2a1c89e0eb93c0e8df45158196/zero_filled-noise--1.0-1-3.pt
d4edbcc97ec00f079508e13004cf8c0e01806e2a1c89e0eb93c0e8df45158196,3edb09d41378dfae155626fe72b75a2c4bde6a58,cff553233941e75169564d196f318bbdd728713e0809f049f5ada55d92b57e1e,7e25783c0a7c26e9b9f205121679098986989cb4fa109a54923972afe75d60ce,ac6168d8c51a9220ff3b88b5de5c6038c357dcd1c8a36c2a1f201e2293e484e8,False,tv,noise,-1,1,3,0.03,0.0110363832351,0,0.25,26.4310100741,0.76344070425,0.178075611591,0.0365573167801,0.0365573167801,0,reconstructions/d4edbcc97ec00f079508e13004cf8c0e01806e2a1c89e0eb93c0e8df45158196/tv-noise--1.0-1-3.pt
d4edbcc97ec00f079508e13004cf8c0e01806e2a1c89e0eb93c0e8df45158196,3edb09d41378dfae155626fe72b75a2c4bde6a58,cff553233941e75169564d196f318bbdd728713e0809f049f5ada55d92b57e1e,7e25783c0a7c26e9b9f205121679098986989cb4fa109a54923972afe75d60ce,ac6168d8c51a9220ff3b88b5de5c6038c357dcd1c8a36c2a1f201e2293e484e8,False,dps,noise,-1,1,3,0.03,0.0110363832351,0,0.25,12.0305661762,0.151912290662,0.38518679142,0.359732180834,0.359732180834,0,reconstructions/d4edbcc97ec00f079508e13004cf8c0e01806e2a1c89e0eb93c0e8df45158196/dps-noise--1.0-1-3.pt
d4edbcc97ec00f079508e13004cf8c0e01806e2a1c89e0eb93c0e8df45158196,3edb09d41378dfae155626fe72b75a2c4bde6a58,cff553233941e75169564d196f318bbdd728713e0809f049f5ada55d92b57e1e,7e25783c0a7c26e9b9f205121679098986989cb4fa109a54923972afe75d60ce,ac6168d8c51a9220ff3b88b5de5c6038c357dcd1c8a36c2a1f201e2293e484e8,False,diffpir,noise,-1,1,3,0.03,0.0110363832351,0,0.25,5.43729848704,0.00480089688587,0.974785327911,0.379617571831,0.379617571831,0,reconstructions/d4edbcc97ec00f079508e13004cf8c0e01806e2a1c89e0eb93c0e8df45158196/diffpir-noise--1.0-1-3.pt
d4edbcc97ec00f079508e13004cf8c0e01806e2a1c89e0eb93c0e8df45158196,3edb09d41378dfae155626fe72b75a2c4bde6a58,cff553233941e75169564d196f318bbdd728713e0809f049f5ada55d92b57e1e,7e25783c0a7c26e9b9f205121679098986989cb4fa109a54923972afe75d60ce,ac6168d8c51a9220ff3b88b5de5c6038c357dcd1c8a36c2a1f201e2293e484e8,False,pigdm,noise,-1,1,3,0.03,0.0110363832351,0,0.25,24.8529335955,0.735179634449,0.0927801281214,0.0353455469012,0.0353455469012,0,reconstructions/d4edbcc97ec00f079508e13004cf8c0e01806e2a1c89e0eb93c0e8df45158196/pigdm-noise--1.0-1-3.pt
d4edbcc97ec00f079508e13004cf8c0e01806e2a1c89e0eb93c0e8df45158196,3edb09d41378dfae155626fe72b75a2c4bde6a58,cff553233941e75169564d196f318bbdd728713e0809f049f5ada55d92b57e1e,7e25783c0a7c26e9b9f205121679098986989cb4fa109a54923972afe75d60ce,ac6168d8c51a9220ff3b88b5de5c6038c357dcd1c8a36c2a1f201e2293e484e8,False,zero_filled,noise,-1,1,4,0.03,0.0110363832351,0,0.25,21.0439711051,0.694471524014,0.187386095524,0.039288405329,0.039288405329,0,reconstructions/d4edbcc97ec00f079508e13004cf8c0e01806e2a1c89e0eb93c0e8df45158196/zero_filled-noise--1.0-1-4.pt
d4edbcc97ec00f079508e13004cf8c0e01806e2a1c89e0eb93c0e8df45158196,3edb09d41378dfae155626fe72b75a2c4bde6a58,cff553233941e75169564d196f318bbdd728713e0809f049f5ada55d92b57e1e,7e25783c0a7c26e9b9f205121679098986989cb4fa109a54923972afe75d60ce,ac6168d8c51a9220ff3b88b5de5c6038c357dcd1c8a36c2a1f201e2293e484e8,False,tv,noise,-1,1,4,0.03,0.0110363832351,0,0.25,22.6283952057,0.73807088889,0.0792167037725,0.0332164615393,0.0332164615393,0,reconstructions/d4edbcc97ec00f079508e13004cf8c0e01806e2a1c89e0eb93c0e8df45158196/tv-noise--1.0-1-4.pt
d4edbcc97ec00f079508e13004cf8c0e01806e2a1c89e0eb93c0e8df45158196,3edb09d41378dfae155626fe72b75a2c4bde6a58,cff553233941e75169564d196f318bbdd728713e0809f049f5ada55d92b57e1e,7e25783c0a7c26e9b9f205121679098986989cb4fa109a54923972afe75d60ce,ac6168d8c51a9220ff3b88b5de5c6038c357dcd1c8a36c2a1f201e2293e484e8,False,dps,noise,-1,1,4,0.03,0.0110363832351,0,0.25,8.15864938278,0.0973021353708,0.470975756645,0.576993763447,0.576993763447,0,reconstructions/d4edbcc97ec00f079508e13004cf8c0e01806e2a1c89e0eb93c0e8df45158196/dps-noise--1.0-1-4.pt
d4edbcc97ec00f079508e13004cf8c0e01806e2a1c89e0eb93c0e8df45158196,3edb09d41378dfae155626fe72b75a2c4bde6a58,cff553233941e75169564d196f318bbdd728713e0809f049f5ada55d92b57e1e,7e25783c0a7c26e9b9f205121679098986989cb4fa109a54923972afe75d60ce,ac6168d8c51a9220ff3b88b5de5c6038c357dcd1c8a36c2a1f201e2293e484e8,False,diffpir,noise,-1,1,4,0.03,0.0110363832351,0,0.25,5.22903313688,0.0221794608765,0.953836143017,0.413205504417,0.413205504417,0,reconstructions/d4edbcc97ec00f079508e13004cf8c0e01806e2a1c89e0eb93c0e8df45158196/diffpir-noise--1.0-1-4.pt
d4edbcc97ec00f079508e13004cf8c0e01806e2a1c89e0eb93c0e8df45158196,3edb09d41378dfae155626fe72b75a2c4bde6a58,cff553233941e75169564d196f318bbdd728713e0809f049f5ada55d92b57e1e,7e25783c0a7c26e9b9f205121679098986989cb4fa109a54923972afe75d60ce,ac6168d8c51a9220ff3b88b5de5c6038c357dcd1c8a36c2a1f201e2293e484e8,False,pigdm,noise,-1,1,4,0.03,0.0110363832351,0,0.25,21.4640138348,0.684537895544,0.0624708235264,0.0394132621586,0.0394132621586,0,reconstructions/d4edbcc97ec00f079508e13004cf8c0e01806e2a1c89e0eb93c0e8df45158196/pigdm-noise--1.0-1-4.pt
d4edbcc97ec00f079508e13004cf8c0e01806e2a1c89e0eb93c0e8df45158196,3edb09d41378dfae155626fe72b75a2c4bde6a58,cff553233941e75169564d196f318bbdd728713e0809f049f5ada55d92b57e1e,7e25783c0a7c26e9b9f205121679098986989cb4fa109a54923972afe75d60ce,ac6168d8c51a9220ff3b88b5de5c6038c357dcd1c8a36c2a1f201e2293e484e8,False,zero_filled,noise,-1,1,5,0.03,0.0110363832351,0,0.25,21.2541554907,0.619175223835,0.340990126133,0.0337036922574,0.0337036922574,0,reconstructions/d4edbcc97ec00f079508e13004cf8c0e01806e2a1c89e0eb93c0e8df45158196/zero_filled-noise--1.0-1-5.pt
d4edbcc97ec00f079508e13004cf8c0e01806e2a1c89e0eb93c0e8df45158196,3edb09d41378dfae155626fe72b75a2c4bde6a58,cff553233941e75169564d196f318bbdd728713e0809f049f5ada55d92b57e1e,7e25783c0a7c26e9b9f205121679098986989cb4fa109a54923972afe75d60ce,ac6168d8c51a9220ff3b88b5de5c6038c357dcd1c8a36c2a1f201e2293e484e8,False,tv,noise,-1,1,5,0.03,0.0110363832351,0,0.25,21.7323703056,0.587475404773,0.245025902987,0.0397246666253,0.0397246666253,0,reconstructions/d4edbcc97ec00f079508e13004cf8c0e01806e2a1c89e0eb93c0e8df45158196/tv-noise--1.0-1-5.pt
d4edbcc97ec00f079508e13004cf8c0e01806e2a1c89e0eb93c0e8df45158196,3edb09d41378dfae155626fe72b75a2c4bde6a58,cff553233941e75169564d196f318bbdd728713e0809f049f5ada55d92b57e1e,7e25783c0a7c26e9b9f205121679098986989cb4fa109a54923972afe75d60ce,ac6168d8c51a9220ff3b88b5de5c6038c357dcd1c8a36c2a1f201e2293e484e8,False,dps,noise,-1,1,5,0.03,0.0110363832351,0,0.25,8.46733652948,0.0624271652371,0.456103175879,0.515387356281,0.515387356281,0,reconstructions/d4edbcc97ec00f079508e13004cf8c0e01806e2a1c89e0eb93c0e8df45158196/dps-noise--1.0-1-5.pt
d4edbcc97ec00f079508e13004cf8c0e01806e2a1c89e0eb93c0e8df45158196,3edb09d41378dfae155626fe72b75a2c4bde6a58,cff553233941e75169564d196f318bbdd728713e0809f049f5ada55d92b57e1e,7e25783c0a7c26e9b9f205121679098986989cb4fa109a54923972afe75d60ce,ac6168d8c51a9220ff3b88b5de5c6038c357dcd1c8a36c2a1f201e2293e484e8,False,diffpir,noise,-1,1,5,0.03,0.0110363832351,0,0.25,5.45071884691,0.00461036529791,0.873958647251,0.343133807182,0.343133807182,0,reconstructions/d4edbcc97ec00f079508e13004cf8c0e01806e2a1c89e0eb93c0e8df45158196/diffpir-noise--1.0-1-5.pt
d4edbcc97ec00f079508e13004cf8c0e01806e2a1c89e0eb93c0e8df45158196,3edb09d41378dfae155626fe72b75a2c4bde6a58,cff553233941e75169564d196f318bbdd728713e0809f049f5ada55d92b57e1e,7e25783c0a7c26e9b9f205121679098986989cb4fa109a54923972afe75d60ce,ac6168d8c51a9220ff3b88b5de5c6038c357dcd1c8a36c2a1f201e2293e484e8,False,pigdm,noise,-1,1,5,0.03,0.0110363832351,0,0.25,20.4928351538,0.561704342715,0.107237562537,0.0316181257367,0.0316181257367,0,reconstructions/d4edbcc97ec00f079508e13004cf8c0e01806e2a1c89e0eb93c0e8df45158196/pigdm-noise--1.0-1-5.pt
d4edbcc97ec00f079508e13004cf8c0e01806e2a1c89e0eb93c0e8df45158196,3edb09d41378dfae155626fe72b75a2c4bde6a58,cff553233941e75169564d196f318bbdd728713e0809f049f5ada55d92b57e1e,7e25783c0a7c26e9b9f205121679098986989cb4fa109a54923972afe75d60ce,ac6168d8c51a9220ff3b88b5de5c6038c357dcd1c8a36c2a1f201e2293e484e8,False,zero_filled,noise,-1,1,6,0.03,0.0110363832351,0,0.25,17.8726890634,0.490872731334,0.277838408947,0.0856487005949,0.0856487005949,0,reconstructions/d4edbcc97ec00f079508e13004cf8c0e01806e2a1c89e0eb93c0e8df45158196/zero_filled-noise--1.0-1-6.pt
d4edbcc97ec00f079508e13004cf8c0e01806e2a1c89e0eb93c0e8df45158196,3edb09d41378dfae155626fe72b75a2c4bde6a58,cff553233941e75169564d196f318bbdd728713e0809f049f5ada55d92b57e1e,7e25783c0a7c26e9b9f205121679098986989cb4fa109a54923972afe75d60ce,ac6168d8c51a9220ff3b88b5de5c6038c357dcd1c8a36c2a1f201e2293e484e8,False,tv,noise,-1,1,6,0.03,0.0110363832351,0,0.25,21.6924840194,0.738317133668,0.0691543072462,0.0617213658988,0.0617213658988,0,reconstructions/d4edbcc97ec00f079508e13004cf8c0e01806e2a1c89e0eb93c0e8df45158196/tv-noise--1.0-1-6.pt
d4edbcc97ec00f079508e13004cf8c0e01806e2a1c89e0eb93c0e8df45158196,3edb09d41378dfae155626fe72b75a2c4bde6a58,cff553233941e75169564d196f318bbdd728713e0809f049f5ada55d92b57e1e,7e25783c0a7c26e9b9f205121679098986989cb4fa109a54923972afe75d60ce,ac6168d8c51a9220ff3b88b5de5c6038c357dcd1c8a36c2a1f201e2293e484e8,False,dps,noise,-1,1,6,0.03,0.0110363832351,0,0.25,5.75103506549,-0.0280616068875,0.471248924732,1.23349559307,1.23349559307,0,reconstructions/d4edbcc97ec00f079508e13004cf8c0e01806e2a1c89e0eb93c0e8df45158196/dps-noise--1.0-1-6.pt
d4edbcc97ec00f079508e13004cf8c0e01806e2a1c89e0eb93c0e8df45158196,3edb09d41378dfae155626fe72b75a2c4bde6a58,cff553233941e75169564d196f318bbdd728713e0809f049f5ada55d92b57e1e,7e25783c0a7c26e9b9f205121679098986989cb4fa109a54923972afe75d60ce,ac6168d8c51a9220ff3b88b5de5c6038c357dcd1c8a36c2a1f201e2293e484e8,False,diffpir,noise,-1,1,6,0.03,0.0110363832351,0,0.25,4.44458268583,0.0106781944172,0.949049711227,0.879275083542,0.879275083542,0,reconstructions/d4edbcc97ec00f079508e13004cf8c0e01806e2a1c89e0eb93c0e8df45158196/diffpir-noise--1.0-1-6.pt
d4edbcc97ec00f079508e13004cf8c0e01806e2a1c89e0eb93c0e8df45158196,3edb09d41378dfae155626fe72b75a2c4bde6a58,cff553233941e75169564d196f318bbdd728713e0809f049f5ada55d92b57e1e,7e25783c0a7c26e9b9f205121679098986989cb4fa109a54923972afe75d60ce,ac6168d8c51a9220ff3b88b5de5c6038c357dcd1c8a36c2a1f201e2293e484e8,False,pigdm,noise,-1,1,6,0.03,0.0110363832351,0,0.25,19.3611876658,0.575221405339,0.0693516656756,0.0851199254394,0.0851199254394,0,reconstructions/d4edbcc97ec00f079508e13004cf8c0e01806e2a1c89e0eb93c0e8df45158196/pigdm-noise--1.0-1-6.pt
d4edbcc97ec00f079508e13004cf8c0e01806e2a1c89e0eb93c0e8df45158196,3edb09d41378dfae155626fe72b75a2c4bde6a58,cff553233941e75169564d196f318bbdd728713e0809f049f5ada55d92b57e1e,7e25783c0a7c26e9b9f205121679098986989cb4fa109a54923972afe75d60ce,ac6168d8c51a9220ff3b88b5de5c6038c357dcd1c8a36c2a1f201e2293e484e8,False,zero_filled,noise,-1,1,7,0.03,0.0110363832351,0,0.25,20.1585913938,0.59013865812,0.227954864502,0.066825017333,0.066825017333,0,reconstructions/d4edbcc97ec00f079508e13004cf8c0e01806e2a1c89e0eb93c0e8df45158196/zero_filled-noise--1.0-1-7.pt
d4edbcc97ec00f079508e13004cf8c0e01806e2a1c89e0eb93c0e8df45158196,3edb09d41378dfae155626fe72b75a2c4bde6a58,cff553233941e75169564d196f318bbdd728713e0809f049f5ada55d92b57e1e,7e25783c0a7c26e9b9f205121679098986989cb4fa109a54923972afe75d60ce,ac6168d8c51a9220ff3b88b5de5c6038c357dcd1c8a36c2a1f201e2293e484e8,False,tv,noise,-1,1,7,0.03,0.0110363832351,0,0.25,23.7665318715,0.772506456193,0.0709505975246,0.0525614023209,0.0525614023209,0,reconstructions/d4edbcc97ec00f079508e13004cf8c0e01806e2a1c89e0eb93c0e8df45158196/tv-noise--1.0-1-7.pt
d4edbcc97ec00f079508e13004cf8c0e01806e2a1c89e0eb93c0e8df45158196,3edb09d41378dfae155626fe72b75a2c4bde6a58,cff553233941e75169564d196f318bbdd728713e0809f049f5ada55d92b57e1e,7e25783c0a7c26e9b9f205121679098986989cb4fa109a54923972afe75d60ce,ac6168d8c51a9220ff3b88b5de5c6038c357dcd1c8a36c2a1f201e2293e484e8,False,dps,noise,-1,1,7,0.03,0.0110363832351,0,0.25,4.94097181774,0.0086788788766,0.449072420597,1.28597438335,1.28597438335,0,reconstructions/d4edbcc97ec00f079508e13004cf8c0e01806e2a1c89e0eb93c0e8df45158196/dps-noise--1.0-1-7.pt
d4edbcc97ec00f079508e13004cf8c0e01806e2a1c89e0eb93c0e8df45158196,3edb09d41378dfae155626fe72b75a2c4bde6a58,cff553233941e75169564d196f318bbdd728713e0809f049f5ada55d92b57e1e,7e25783c0a7c26e9b9f205121679098986989cb4fa109a54923972afe75d60ce,ac6168d8c51a9220ff3b88b5de5c6038c357dcd1c8a36c2a1f201e2293e484e8,False,diffpir,noise,-1,1,7,0.03,0.0110363832351,0,0.25,4.66709820138,-0.000970764203586,0.929440617561,0.752603590488,0.752603590488,0,reconstructions/d4edbcc97ec00f079508e13004cf8c0e01806e2a1c89e0eb93c0e8df45158196/diffpir-noise--1.0-1-7.pt
d4edbcc97ec00f079508e13004cf8c0e01806e2a1c89e0eb93c0e8df45158196,3edb09d41378dfae155626fe72b75a2c4bde6a58,cff553233941e75169564d196f318bbdd728713e0809f049f5ada55d92b57e1e,7e25783c0a7c26e9b9f205121679098986989cb4fa109a54923972afe75d60ce,ac6168d8c51a9220ff3b88b5de5c6038c357dcd1c8a36c2a1f201e2293e484e8,False,pigdm,noise,-1,1,7,0.03,0.0110363832351,0,0.25,20.9831631485,0.511988174324,0.210181266069,0.0950678810477,0.0950678810477,0,reconstructions/d4edbcc97ec00f079508e13004cf8c0e01806e2a1c89e0eb93c0e8df45158196/pigdm-noise--1.0-1-7.pt
d4edbcc97ec00f079508e13004cf8c0e01806e2a1c89e0eb93c0e8df45158196,3edb09d41378dfae155626fe72b75a2c4bde6a58,cff553233941e75169564d196f318bbdd728713e0809f049f5ada55d92b57e1e,7e25783c0a7c26e9b9f205121679098986989cb4fa109a54923972afe75d60ce,ac6168d8c51a9220ff3b88b5de5c6038c357dcd1c8a36c2a1f201e2293e484e8,False,zero_filled,noise,-1,2,0,0.03,0.0110363832351,0,0.25,21.8298625337,0.60077281683,0.326059550047,0.0329605676234,0.0329605676234,0,reconstructions/d4edbcc97ec00f079508e13004cf8c0e01806e2a1c89e0eb93c0e8df45158196/zero_filled-noise--1.0-2-0.pt
d4edbcc97ec00f079508e13004cf8c0e01806e2a1c89e0eb93c0e8df45158196,3edb09d41378dfae155626fe72b75a2c4bde6a58,cff553233941e75169564d196f318bbdd728713e0809f049f5ada55d92b57e1e,7e25783c0a7c26e9b9f205121679098986989cb4fa109a54923972afe75d60ce,ac6168d8c51a9220ff3b88b5de5c6038c357dcd1c8a36c2a1f201e2293e484e8,False,tv,noise,-1,2,0,0.03,0.0110363832351,0,0.25,22.7166304714,0.616398392161,0.140605896711,0.0359233804047,0.0359233804047,0,reconstructions/d4edbcc97ec00f079508e13004cf8c0e01806e2a1c89e0eb93c0e8df45158196/tv-noise--1.0-2-0.pt
d4edbcc97ec00f079508e13004cf8c0e01806e2a1c89e0eb93c0e8df45158196,3edb09d41378dfae155626fe72b75a2c4bde6a58,cff553233941e75169564d196f318bbdd728713e0809f049f5ada55d92b57e1e,7e25783c0a7c26e9b9f205121679098986989cb4fa109a54923972afe75d60ce,ac6168d8c51a9220ff3b88b5de5c6038c357dcd1c8a36c2a1f201e2293e484e8,False,dps,noise,-1,2,0,0.03,0.0110363832351,0,0.25,10.1902226352,0.0603574707974,0.298761934042,0.459459006786,0.459459006786,0,reconstructions/d4edbcc97ec00f079508e13004cf8c0e01806e2a1c89e0eb93c0e8df45158196/dps-noise--1.0-2-0.pt
d4edbcc97ec00f079508e13004cf8c0e01806e2a1c89e0eb93c0e8df45158196,3edb09d41378dfae155626fe72b75a2c4bde6a58,cff553233941e75169564d196f318bbdd728713e0809f049f5ada55d92b57e1e,7e25783c0a7c26e9b9f205121679098986989cb4fa109a54923972afe75d60ce,ac6168d8c51a9220ff3b88b5de5c6038c357dcd1c8a36c2a1f201e2293e484e8,False,diffpir,noise,-1,2,0,0.03,0.0110363832351,0,0.25,5.78221330316,0.0181712074125,0.957952857018,0.307049721479,0.307049721479,0,reconstructions/d4edbcc97ec00f079508e13004cf8c0e01806e2a1c89e0eb93c0e8df45158196/diffpir-noise--1.0-2-0.pt
d4edbcc97ec00f079508e13004cf8c0e01806e2a1c89e0eb93c0e8df45158196,3edb09d41378dfae155626fe72b75a2c4bde6a58,cff553233941e75169564d196f318bbdd728713e0809f049f5ada55d92b57e1e,7e25783c0a7c26e9b9f205121679098986989cb4fa109a54923972afe75d60ce,ac6168d8c51a9220ff3b88b5de5c6038c357dcd1c8a36c2a1f201e2293e484e8,False,pigdm,noise,-1,2,0,0.03,0.0110363832351,0,0.25,21.4205506122,0.566251683281,0.166483879089,0.0319629982114,0.0319629982114,0,reconstructions/d4edbcc97ec00f079508e13004cf8c0e01806e2a1c89e0eb93c0e8df45158196/pigdm-noise--1.0-2-0.pt
d4edbcc97ec00f079508e13004cf8c0e01806e2a1c89e0eb93c0e8df45158196,3edb09d41378dfae155626fe72b75a2c4bde6a58,cff553233941e75169564d196f318bbdd728713e0809f049f5ada55d92b57e1e,7e25783c0a7c26e9b9f205121679098986989cb4fa109a54923972afe75d60ce,ac6168d8c51a9220ff3b88b5de5c6038c357dcd1c8a36c2a1f201e2293e484e8,False,zero_filled,noise,-1,2,1,0.03,0.0110363832351,0,0.25,24.2105694551,0.634836728437,0.462086170912,0.0369234457612,0.0369234457612,0,reconstructions/d4edbcc97ec00f079508e13004cf8c0e01806e2a1c89e0eb93c0e8df45158196/zero_filled-noise--1.0-2-1.pt
d4edbcc97ec00f079508e13004cf8c0e01806e2a1c89e0eb93c0e8df45158196,3edb09d41378dfae155626fe72b75a2c4bde6a58,cff553233941e75169564d196f318bbdd728713e0809f049f5ada55d92b57e1e,7e25783c0a7c26e9b9f205121679098986989cb4fa109a54923972afe75d60ce,ac6168d8c51a9220ff3b88b5de5c6038c357dcd1c8a36c2a1f201e2293e484e8,False,tv,noise,-1,2,1,0.03,0.0110363832351,0,0.25,24.7543161277,0.567223908896,0.324154853821,0.0494943112135,0.0494943112135,0,reconstructions/d4edbcc97ec00f079508e13004cf8c0e01806e2a1c89e0eb93c0e8df45158196/tv-noise--1.0-2-1.pt
d4edbcc97ec00f079508e13004cf8c0e01806e2a1c89e0eb93c0e8df45158196,3edb09d41378dfae155626fe72b75a2c4bde6a58,cff553233941e75169564d196f318bbdd728713e0809f049f5ada55d92b57e1e,7e25783c0a7c26e9b9f205121679098986989cb4fa109a54923972afe75d60ce,ac6168d8c51a9220ff3b88b5de5c6038c357dcd1c8a36c2a1f201e2293e484e8,False,dps,noise,-1,2,1,0.03,0.0110363832351,0,0.25,12.8053901056,0.20756943228,0.527325689793,0.441699564457,0.441699564457,0,reconstructions/d4edbcc97ec00f079508e13004cf8c0e01806e2a1c89e0eb93c0e8df45158196/dps-noise--1.0-2-1.pt
d4edbcc97ec00f079508e13004cf8c0e01806e2a1c89e0eb93c0e8df45158196,3edb09d41378dfae155626fe72b75a2c4bde6a58,cff553233941e75169564d196f318bbdd728713e0809f049f5ada55d92b57e1e,7e25783c0a7c26e9b9f205121679098986989cb4fa109a54923972afe75d60ce,ac6168d8c51a9220ff3b88b5de5c6038c357dcd1c8a36c2a1f201e2293e484e8,False,diffpir,noise,-1,2,1,0.03,0.0110363832351,0,0.25,6.04046284226,0.00432140364156,0.752149105072,0.32136374712,0.32136374712,0,reconstructions/d4edbcc97ec00f079508e13004cf8c0e01806e2a1c89e0eb93c0e8df45158196/diffpir-noise--1.0-2-1.pt
d4edbcc97ec00f079508e13004cf8c0e01806e2a1c89e0eb93c0e8df45158196,3edb09d41378dfae155626fe72b75a2c4bde6a58,cff553233941e75169564d196f318bbdd728713e0809f049f5ada55d92b57e1e,7e25783c0a7c26e9b9f205121679098986989cb4fa109a54923972afe75d60ce,ac6168d8c51a9220ff3b88b5de5c6038c357dcd1c8a36c2a1f201e2293e484e8,False,pigdm,noise,-1,2,1,0.03,0.0110363832351,0,0.25,24.36059731,0.591285566982,0.257772803307,0.0455995649099,0.0455995649099,0,reconstructions/d4edbcc97ec00f079508e13004cf8c0e01806e2a1c89e0eb93c0e8df45158196/pigdm-noise--1.0-2-1.pt
d4edbcc97ec00f079508e13004cf8c0e01806e2a1c89e0eb93c0e8df45158196,3edb09d41378dfae155626fe72b75a2c4bde6a58,cff553233941e75169564d196f318bbdd728713e0809f049f5ada55d92b57e1e,7e25783c0a7c26e9b9f205121679098986989cb4fa109a54923972afe75d60ce,ac6168d8c51a9220ff3b88b5de5c6038c357dcd1c8a36c2a1f201e2293e484e8,False,zero_filled,noise,-1,2,2,0.03,0.0110363832351,0,0.25,18.7143117557,0.525541992618,0.233247518539,0.06166113168,0.06166113168,0,reconstructions/d4edbcc97ec00f079508e13004cf8c0e01806e2a1c89e0eb93c0e8df45158196/zero_filled-noise--1.0-2-2.pt
d4edbcc97ec00f079508e13004cf8c0e01806e2a1c89e0eb93c0e8df45158196,3edb09d41378dfae155626fe72b75a2c4bde6a58,cff553233941e75169564d196f318bbdd728713e0809f049f5ada55d92b57e1e,7e25783c0a7c26e9b9f205121679098986989cb4fa109a54923972afe75d60ce,ac6168d8c51a9220ff3b88b5de5c6038c357dcd1c8a36c2a1f201e2293e484e8,False,tv,noise,-1,2,2,0.03,0.0110363832351,0,0.25,20.917966341,0.743202564489,0.0820845738053,0.0531469583511,0.0531469583511,0,reconstructions/d4edbcc97ec00f079508e13004cf8c0e01806e2a1c89e0eb93c0e8df45158196/tv-noise--1.0-2-2.pt
d4edbcc97ec00f079508e13004cf8c0e01806e2a1c89e0eb93c0e8df45158196,3edb09d41378dfae155626fe72b75a2c4bde6a58,cff553233941e75169564d196f318bbdd728713e0809f049f5ada55d92b57e1e,7e25783c0a7c26e9b9f205121679098986989cb4fa109a54923972afe75d60ce,ac6168d8c51a9220ff3b88b5de5c6038c357dcd1c8a36c2a1f201e2293e484e8,False,dps,noise,-1,2,2,0.03,0.0110363832351,0,0.25,7.53449337571,0.0110434660818,0.421400487423,0.959511458874,0.959511458874,0,reconstructions/d4edbcc97ec00f079508e13004cf8c0e01806e2a1c89e0eb93c0e8df45158196/dps-noise--1.0-2-2.pt
d4edbcc97ec00f079508e13004cf8c0e01806e2a1c89e0eb93c0e8df45158196,3edb09d41378dfae155626fe72b75a2c4bde6a58,cff553233941e75169564d196f318bbdd728713e0809f049f5ada55d92b57e1e,7e25783c0a7c26e9b9f205121679098986989cb4fa109a54923972afe75d60ce,ac6168d8c51a9220ff3b88b5de5c6038c357dcd1c8a36c2a1f201e2293e484e8,False,diffpir,noise,-1,2,2,0.03,0.0110363832351,0,0.25,4.39353624174,0.0163825982486,0.894031703472,0.856901824474,0.856901824474,0,reconstructions/d4edbcc97ec00f079508e13004cf8c0e01806e2a1c89e0eb93c0e8df45158196/diffpir-noise--1.0-2-2.pt
d4edbcc97ec00f079508e13004cf8c0e01806e2a1c89e0eb93c0e8df45158196,3edb09d41378dfae155626fe72b75a2c4bde6a58,cff553233941e75169564d196f318bbdd728713e0809f049f5ada55d92b57e1e,7e25783c0a7c26e9b9f205121679098986989cb4fa109a54923972afe75d60ce,ac6168d8c51a9220ff3b88b5de5c6038c357dcd1c8a36c2a1f201e2293e484e8,False,pigdm,noise,-1,2,2,0.03,0.0110363832351,0,0.25,19.4528772138,0.58213731642,0.0857319384813,0.0852413251996,0.0852413251996,0,reconstructions/d4edbcc97ec00f079508e13004cf8c0e01806e2a1c89e0eb93c0e8df45158196/pigdm-noise--1.0-2-2.pt
d4edbcc97ec00f079508e13004cf8c0e01806e2a1c89e0eb93c0e8df45158196,3edb09d41378dfae155626fe72b75a2c4bde6a58,cff553233941e75169564d196f318bbdd728713e0809f049f5ada55d92b57e1e,7e25783c0a7c26e9b9f205121679098986989cb4fa109a54923972afe75d60ce,ac6168d8c51a9220ff3b88b5de5c6038c357dcd1c8a36c2a1f201e2293e484e8,False,zero_filled,noise,-1,2,3,0.03,0.0110363832351,0,0.25,21.1603020292,0.604664582454,0.273713558912,0.0390979163349,0.0390979163349,0,reconstructions/d4edbcc97ec00f079508e13004cf8c0e01806e2a1c89e0eb93c0e8df45158196/zero_filled-noise--1.0-2-3.pt
d4edbcc97ec00f079508e13004cf8c0e01806e2a1c89e0eb93c0e8df45158196,3edb09d41378dfae155626fe72b75a2c4bde6a58,cff553233941e75169564d196f318bbdd728713e0809f049f5ada55d92b57e1e,7e25783c0a7c26e9b9f205121679098986989cb4fa109a54923972afe75d60ce,ac6168d8c51a9220ff3b88b5de5c6038c357dcd1c8a36c2a1f201e2293e484e8,False,tv,noise,-1,2,3,0.03,0.0110363832351,0,0.25,24.963654442,0.743954283787,0.184587821364,0.0362034477293,0.0362034477293,0,reconstructions/d4edbcc97ec00f079508e13004cf8c0e01806e2a1c89e0eb93c0e8df45158196/tv-noise--1.0-2-3.pt
d4edbcc97ec00f079508e13004cf8c0e01806e2a1c89e0eb93c0e8df45158196,3edb09d41378dfae155626fe72b75a2c4bde6a58,cff553233941e75169564d196f318bbdd728713e0809f049f5ada55d92b57e1e,7e25783c0a7c26e9b9f205121679098986989cb4fa109a54923972afe75d60ce,ac6168d8c51a9220ff3b88b5de5c6038c357dcd1c8a36c2a1f201e2293e484e8,False,dps,noise,-1,2,3,0.03,0.0110363832351,0,0.25,9.65152720384,0.0839266997162,0.521593987942,0.500421345234,0.500421345234,0,reconstructions/d4edbcc97ec00f079508e13004cf8c0e01806e2a1c89e0eb93c0e8df45158196/dps-noise--1.0-2-3.pt
d4edbcc97ec00f079508e13004cf8c0e01806e2a1c89e0eb93c0e8df45158196,3edb09d41378dfae155626fe72b75a2c4bde6a58,cff553233941e75169564d196f318bbdd728713e0809f049f5ada55d92b57e1e,7e25783c0a7c26e9b9f205121679098986989cb4fa109a54923972afe75d60ce,ac6168d8c51a9220ff3b88b5de5c6038c357dcd1c8a36c2a1f201e2293e484e8,False,diffpir,noise,-1,2,3,0.03,0.0110363832351,0,0.25,5.42880705267,0.0012186423496,0.956399381161,0.387568771839,0.387568771839,0,reconstructions/d4edbcc97ec00f079508e13004cf8c0e01806e2a1c89e0eb93c0e8df45158196/diffpir-noise--1.0-2-3.pt
d4edbcc97ec00f079508e13004cf8c0e01806e2a1c89e0eb93c0e8df45158196,3edb09d41378dfae155626fe72b75a2c4bde6a58,cff553233941e75169564d196f318bbdd728713e0809f049f5ada55d92b57e1e,7e25783c0a7c26e9b9f205121679098986989cb4fa109a54923972afe75d60ce,ac6168d8c51a9220ff3b88b5de5c6038c357dcd1c8a36c2a1f201e2293e484e8,False,pigdm,noise,-1,2,3,0.03,0.0110363832351,0,0.25,21.4974300984,0.609879719122,0.136620998383,0.0402783378959,0.0402783378959,0,reconstructions/d4edbcc97ec00f079508e13004cf8c0e01806e2a1c89e0eb93c0e8df45158196/pigdm-noise--1.0-2-3.pt
d4edbcc97ec00f079508e13004cf8c0e01806e2a1c89e0eb93c0e8df45158196,3edb09d41378dfae155626fe72b75a2c4bde6a58,cff553233941e75169564d196f318bbdd728713e0809f049f5ada55d92b57e1e,7e25783c0a7c26e9b9f205121679098986989cb4fa109a54923972afe75d60ce,ac6168d8c51a9220ff3b88b5de5c6038c357dcd1c8a36c2a1f201e2293e484e8,False,zero_filled,noise,-1,2,4,0.03,0.0110363832351,0,0.25,20.7003226553,0.679424681806,0.245716720819,0.0351603776217,0.0351603776217,0,reconstructions/d4edbcc97ec00f079508e13004cf8c0e01806e2a1c89e0eb93c0e8df45158196/zero_filled-noise--1.0-2-4.pt
d4edbcc97ec00f079508e13004cf8c0e01806e2a1c89e0eb93c0e8df45158196,3edb09d41378dfae155626fe72b75a2c4bde6a58,cff553233941e75169564d196f318bbdd728713e0809f049f5ada55d92b57e1e,7e25783c0a7c26e9b9f205121679098986989cb4fa109a54923972afe75d60ce,ac6168d8c51a9220ff3b88b5de5c6038c357dcd1c8a36c2a1f201e2293e484e8,False,tv,noise,-1,2,4,0.03,0.0110363832351,0,0.25,21.2828826491,0.687230546455,0.118066184223,0.0310385953635,0.0310385953635,0,reconstructions/d4edbcc97ec00f079508e13004cf8c0e01806e2a1c89e0eb93c0e8df45158196/tv-noise--1.0-2-4.pt
d4edbcc97ec00f079508e13004cf8c0e01806e2a1c89e0eb93c0e8df45158196,3edb09d41378dfae155626fe72b75a2c4bde6a58,cff553233941e75169564d196f318bbdd728713e0809f049f5ada55d92b57e1e,7e25783c0a7c26e9b9f205121679098986989cb4fa109a54923972afe75d60ce,ac6168d8c51a9220ff3b88b5de5c6038c357dcd1c8a36c2a1f201e2293e484e8,False,dps,noise,-1,2,4,0.03,0.0110363832351,0,0.25,9.36030152897,0.00969095146608,0.235714510083,0.482028186321,0.482028186321,0,reconstructions/d4edbcc97ec00f079508e13004cf8c0e01806e2a1c89e0eb93c0e8df45158196/dps-noise--1.0-2-4.pt
d4edbcc97ec00f079508e13004cf8c0e01806e2a1c89e0eb93c0e8df45158196,3edb09d41378dfae155626fe72b75a2c4bde6a58,cff553233941e75169564d196f318bbdd728713e0809f049f5ada55d92b57e1e,7e25783c0a7c26e9b9f205121679098986989cb4fa109a54923972afe75d60ce,ac6168d8c51a9220ff3b88b5de5c6038c357dcd1c8a36c2a1f201e2293e484e8,False,diffpir,noise,-1,2,4,0.03,0.0110363832351,0,0.25,5.13685705115,0.00766763601719,0.977110266685,0.425565421581,0.425565421581,0,reconstructions/d4edbcc97ec00f079508e13004cf8c0e01806e2a1c89e0eb93c0e8df45158196/diffpir-noise--1.0-2-4.pt
d4edbcc97ec00f079508e13004cf8c0e01806e2a1c89e0eb93c0e8df45158196,3edb09d41378dfae155626fe72b75a2c4bde6a58,cff553233941e75169564d196f318bbdd728713e0809f049f5ada55d92b57e1e,7e25783c0a7c26e9b9f205121679098986989cb4fa109a54923972afe75d60ce,ac6168d8c51a9220ff3b88b5de5c6038c357dcd1c8a36c2a1f201e2293e484e8,False,pigdm,noise,-1,2,4,0.03,0.0110363832351,0,0.25,20.2707285372,0.582038436771,0.074155151844,0.0326633453369,0.0326633453369,0,reconstructions/d4edbcc97ec00f079508e13004cf8c0e01806e2a1c89e0eb93c0e8df45158196/pigdm-noise--1.0-2-4.pt
d4edbcc97ec00f079508e13004cf8c0e01806e2a1c89e0eb93c0e8df45158196,3edb09d41378dfae155626fe72b75a2c4bde6a58,cff553233941e75169564d196f318bbdd728713e0809f049f5ada55d92b57e1e,7e25783c0a7c26e9b9f205121679098986989cb4fa109a54923972afe75d60ce,ac6168d8c51a9220ff3b88b5de5c6038c357dcd1c8a36c2a1f201e2293e484e8,False,zero_filled,noise,-1,2,5,0.03,0.0110363832351,0,0.25,20.8113719132,0.571709318222,0.387613683939,0.0292580276728,0.0292580276728,0,reconstructions/d4edbcc97ec00f079508e13004cf8c0e01806e2a1c89e0eb93c0e8df45158196/zero_filled-noise--1.0-2-5.pt
d4edbcc97ec00f079508e13004cf8c0e01806e2a1c89e0eb93c0e8df45158196,3edb09d41378dfae155626fe72b75a2c4bde6a58,cff553233941e75169564d196f318bbdd728713e0809f049f5ada55d92b57e1e,7e25783c0a7c26e9b9f205121679098986989cb4fa109a54923972afe75d60ce,ac6168d8c51a9220ff3b88b5de5c6038c357dcd1c8a36c2a1f201e2293e484e8,False,tv,noise,-1,2,5,0.03,0.0110363832351,0,0.25,21.0574902946,0.525748910931,0.297163039446,0.0376150719821,0.0376150719821,0,reconstructions/d4edbcc97ec00f079508e13004cf8c0e01806e2a1c89e0eb93c0e8df45158196/tv-noise--1.0-2-5.pt
d4edbcc97ec00f079508e13004cf8c0e01806e2a1c89e0eb93c0e8df45158196,3edb09d41378dfae155626fe72b75a2c4bde6a58,cff553233941e75169564d196f318bbdd728713e0809f049f5ada55d92b57e1e,7e25783c0a7c26e9b9f205121679098986989cb4fa109a54923972afe75d60ce,ac6168d8c51a9220ff3b88b5de5c6038c357dcd1c8a36c2a1f201e2293e484e8,False,dps,noise,-1,2,5,0.03,0.0110363832351,0,0.25,9.90573111476,0.0822950739015,0.572895467281,0.434425801039,0.434425801039,0,reconstructions/d4edbcc97ec00f079508e13004cf8c0e01806e2a1c89e0eb93c0e8df45158196/dps-noise--1.0-2-5.pt
d4edbcc97ec00f079508e13004cf8c0e01806e2a1c89e0eb93c0e8df45158196,3edb09d41378dfae155626fe72b75a2c4bde6a58,cff553233941e75169564d196f318bbdd728713e0809f049f5ada55d92b57e1e,7e25783c0a7c26e9b9f205121679098986989cb4fa109a54923972afe75d60ce,ac6168d8c51a9220ff3b88b5de5c6038c357dcd1c8a36c2a1f201e2293e484e8,False,diffpir,noise,-1,2,5,0.03,0.0110363832351,0,0.25,5.45825177393,0.0156522335034,0.88917863369,0.352053791285,0.352053791285,0,reconstructions/d4edbcc97ec00f079508e13004cf8c0e01806e2a1c89e0eb93c0e8df45158196/diffpir-noise--1.0-2-5.pt
d4edbcc97ec00f079508e13004cf8c0e01806e2a1c89e0eb93c0e8df45158196,3edb09d41378dfae155626fe72b75a2c4bde6a58,cff553233941e75169564d196f318bbdd728713e0809f049f5ada55d92b57e1e,7e25783c0a7c26e9b9f205121679098986989cb4fa109a54923972afe75d60ce,ac6168d8c51a9220ff3b88b5de5c6038c357dcd1c8a36c2a1f201e2293e484e8,False,pigdm,noise,-1,2,5,0.03,0.0110363832351,0,0.25,20.1904393249,0.499221248626,0.199511423707,0.0403564870358,0.0403564870358,0,reconstructions/d4edbcc97ec00f079508e13004cf8c0e01806e2a1c89e0eb93c0e8df45158196/pigdm-noise--1.0-2-5.pt
d4edbcc97ec00f079508e13004cf8c0e01806e2a1c89e0eb93c0e8df45158196,3edb09d41378dfae155626fe72b75a2c4bde6a58,cff553233941e75169564d196f318bbdd728713e0809f049f5ada55d92b57e1e,7e25783c0a7c26e9b9f205121679098986989cb4fa109a54923972afe75d60ce,ac6168d8c51a9220ff3b88b5de5c6038c357dcd1c8a36c2a1f201e2293e484e8,False,zero_filled,noise,-1,2,6,0.03,0.0110363832351,0,0.25,17.4110531404,0.463116294433,0.308595597744,0.0706667006016,0.0706667006016,0,reconstructions/d4edbcc97ec00f079508e13004cf8c0e01806e2a1c89e0eb93c0e8df45158196/zero_filled-noise--1.0-2-6.pt
d4edbcc97ec00f079508e13004cf8c0e01806e2a1c89e0eb93c0e8df45158196,3edb09d41378dfae155626fe72b75a2c4bde6a58,cff553233941e75169564d196f318bbdd728713e0809f049f5ada55d92b57e1e,7e25783c0a7c26e9b9f205121679098986989cb4fa109a54923972afe75d60ce,ac6168d8c51a9220ff3b88b5de5c6038c357dcd1c8a36c2a1f201e2293e484e8,False,tv,noise,-1,2,6,0.03,0.0110363832351,0,0.25,19.3874136448,0.640342209525,0.128141716123,0.058437589556,0.058437589556,0,reconstructions/d4edbcc97ec00f079508e13004cf8c0e01806e2a1c89e0eb93c0e8df45158196/tv-noise--1.0-2-6.pt
d4edbcc97ec00f079508e13004cf8c0e01806e2a1c89e0eb93c0e8df45158196,3edb09d41378dfae155626fe72b75a2c4bde6a58,cff553233941e75169564d196f318bbdd728713e0809f049f5ada55d92b57e1e,7e25783c0a7c26e9b9f205121679098986989cb4fa109a54923972afe75d60ce,ac6168d8c51a9220ff3b88b5de5c6038c357dcd1c8a36c2a1f201e2293e484e8,False,dps,noise,-1,2,6,0.03,0.0110363832351,0,0.25,4.31349582837,-0.00880553245253,0.522746086121,1.49915874004,1.49915874004,0,reconstructions/d4edbcc97ec00f079508e13004cf8c0e01806e2a1c89e0eb93c0e8df45158196/dps-noise--1.0-2-6.pt
d4edbcc97ec00f079508e13004cf8c0e01806e2a1c89e0eb93c0e8df45158196,3edb09d41378dfae155626fe72b75a2c4bde6a58,cff553233941e75169564d196f318bbdd728713e0809f049f5ada55d92b57e1e,7e25783c0a7c26e9b9f205121679098986989cb4fa109a54923972afe75d60ce,ac6168d8c51a9220ff3b88b5de5c6038c357dcd1c8a36c2a1f201e2293e484e8,False,diffpir,noise,-1,2,6,0.03,0.0110363832351,0,0.25,4.27974682593,0.000163681646647,0.932383656502,0.895688891411,0.895688891411,0,reconstructions/d4edbcc97ec00f079508e13004cf8c0e01806e2a1c89e0eb93c0e8df45158196/diffpir-noise--1.0-2-6.pt
d4edbcc97ec00f079508e13004cf8c0e01806e2a1c89e0eb93c0e8df45158196,3edb09d41378dfae155626fe72b75a2c4bde6a58,cff553233941e75169564d196f318bbdd728713e0809f049f5ada55d92b57e1e,7e25783c0a7c26e9b9f205121679098986989cb4fa109a54923972afe75d60ce,ac6168d8c51a9220ff3b88b5de5c6038c357dcd1c8a36c2a1f201e2293e484e8,False,pigdm,noise,-1,2,6,0.03,0.0110363832351,0,0.25,19.046631125,0.570303408924,0.104306183755,0.0814586430788,0.0814586430788,0,reconstructions/d4edbcc97ec00f079508e13004cf8c0e01806e2a1c89e0eb93c0e8df45158196/pigdm-noise--1.0-2-6.pt
d4edbcc97ec00f079508e13004cf8c0e01806e2a1c89e0eb93c0e8df45158196,3edb09d41378dfae155626fe72b75a2c4bde6a58,cff553233941e75169564d196f318bbdd728713e0809f049f5ada55d92b57e1e,7e25783c0a7c26e9b9f205121679098986989cb4fa109a54923972afe75d60ce,ac6168d8c51a9220ff3b88b5de5c6038c357dcd1c8a36c2a1f201e2293e484e8,False,zero_filled,noise,-1,2,7,0.03,0.0110363832351,0,0.25,19.7354151376,0.581614220498,0.258645892143,0.0593283846974,0.0593283846974,0,reconstructions/d4edbcc97ec00f079508e13004cf8c0e01806e2a1c89e0eb93c0e8df45158196/zero_filled-noise--1.0-2-7.pt
d4edbcc97ec00f079508e13004cf8c0e01806e2a1c89e0eb93c0e8df45158196,3edb09d41378dfae155626fe72b75a2c4bde6a58,cff553233941e75169564d196f318bbdd728713e0809f049f5ada55d92b57e1e,7e25783c0a7c26e9b9f205121679098986989cb4fa109a54923972afe75d60ce,ac6168d8c51a9220ff3b88b5de5c6038c357dcd1c8a36c2a1f201e2293e484e8,False,tv,noise,-1,2,7,0.03,0.0110363832351,0,0.25,21.4952576114,0.709253034676,0.100783064961,0.0511475540698,0.0511475540698,0,reconstructions/d4edbcc97ec00f079508e13004cf8c0e01806e2a1c89e0eb93c0e8df45158196/tv-noise--1.0-2-7.pt
d4edbcc97ec00f079508e13004cf8c0e01806e2a1c89e0eb93c0e8df45158196,3edb09d41378dfae155626fe72b75a2c4bde6a58,cff553233941e75169564d196f318bbdd728713e0809f049f5ada55d92b57e1e,7e25783c0a7c26e9b9f205121679098986989cb4fa109a54923972afe75d60ce,ac6168d8c51a9220ff3b88b5de5c6038c357dcd1c8a36c2a1f201e2293e484e8,False,dps,noise,-1,2,7,0.03,0.0110363832351,0,0.25,6.66588078567,0.0748312554231,0.577799916267,1.05281472206,1.05281472206,0,reconstructions/d4edbcc97ec00f079508e13004cf8c0e01806e2a1c89e0eb93c0e8df45158196/dps-noise--1.0-2-7.pt
d4edbcc97ec00f079508e13004cf8c0e01806e2a1c89e0eb93c0e8df45158196,3edb09d41378dfae155626fe72b75a2c4bde6a58,cff553233941e75169564d196f318bbdd728713e0809f049f5ada55d92b57e1e,7e25783c0a7c26e9b9f205121679098986989cb4fa109a54923972afe75d60ce,ac6168d8c51a9220ff3b88b5de5c6038c357dcd1c8a36c2a1f201e2293e484e8,False,diffpir,noise,-1,2,7,0.03,0.0110363832351,0,0.25,4.7083534493,0.00423038253478,0.941593050957,0.748557627201,0.748557627201,0,reconstructions/d4edbcc97ec00f079508e13004cf8c0e01806e2a1c89e0eb93c0e8df45158196/diffpir-noise--1.0-2-7.pt
d4edbcc97ec00f079508e13004cf8c0e01806e2a1c89e0eb93c0e8df45158196,3edb09d41378dfae155626fe72b75a2c4bde6a58,cff553233941e75169564d196f318bbdd728713e0809f049f5ada55d92b57e1e,7e25783c0a7c26e9b9f205121679098986989cb4fa109a54923972afe75d60ce,ac6168d8c51a9220ff3b88b5de5c6038c357dcd1c8a36c2a1f201e2293e484e8,False,pigdm,noise,-1,2,7,0.03,0.0110363832351,0,0.25,21.6968787814,0.621965292918,0.090438939631,0.0747387036681,0.0747387036681,0,reconstructions/d4edbcc97ec00f079508e13004cf8c0e01806e2a1c89e0eb93c0e8df45158196/pigdm-noise--1.0-2-7.pt
d4edbcc97ec00f079508e13004cf8c0e01806e2a1c89e0eb93c0e8df45158196,3edb09d41378dfae155626fe72b75a2c4bde6a58,cff553233941e75169564d196f318bbdd728713e0809f049f5ada55d92b57e1e,7e25783c0a7c26e9b9f205121679098986989cb4fa109a54923972afe75d60ce,ac6168d8c51a9220ff3b88b5de5c6038c357dcd1c8a36c2a1f201e2293e484e8,False,zero_filled,noise,0,0,0,0.03,0.03,0,0.25,22.6588457485,0.656826713866,0.224726304412,0.0395699553192,0.0395699553192,0,reconstructions/d4edbcc97ec00f079508e13004cf8c0e01806e2a1c89e0eb93c0e8df45158196/zero_filled-noise-0.0-0-0.pt
d4edbcc97ec00f079508e13004cf8c0e01806e2a1c89e0eb93c0e8df45158196,3edb09d41378dfae155626fe72b75a2c4bde6a58,cff553233941e75169564d196f318bbdd728713e0809f049f5ada55d92b57e1e,7e25783c0a7c26e9b9f205121679098986989cb4fa109a54923972afe75d60ce,ac6168d8c51a9220ff3b88b5de5c6038c357dcd1c8a36c2a1f201e2293e484e8,False,tv,noise,0,0,0,0.03,0.03,0,0.25,23.9930577641,0.700592967754,0.111344195902,0.0352379865944,0.0352379865944,0,reconstructions/d4edbcc97ec00f079508e13004cf8c0e01806e2a1c89e0eb93c0e8df45158196/tv-noise-0.0-0-0.pt
d4edbcc97ec00f079508e13004cf8c0e01806e2a1c89e0eb93c0e8df45158196,3edb09d41378dfae155626fe72b75a2c4bde6a58,cff553233941e75169564d196f318bbdd728713e0809f049f5ada55d92b57e1e,7e25783c0a7c26e9b9f205121679098986989cb4fa109a54923972afe75d60ce,ac6168d8c51a9220ff3b88b5de5c6038c357dcd1c8a36c2a1f201e2293e484e8,False,dps,noise,0,0,0,0.03,0.03,0,0.25,7.80993773737,0.0645864155882,0.385093271732,0.617158830166,0.617158830166,0,reconstructions/d4edbcc97ec00f079508e13004cf8c0e01806e2a1c89e0eb93c0e8df45158196/dps-noise-0.0-0-0.pt
d4edbcc97ec00f079508e13004cf8c0e01806e2a1c89e0eb93c0e8df45158196,3edb09d41378dfae155626fe72b75a2c4bde6a58,cff553233941e75169564d196f318bbdd728713e0809f049f5ada55d92b57e1e,7e25783c0a7c26e9b9f205121679098986989cb4fa109a54923972afe75d60ce,ac6168d8c51a9220ff3b88b5de5c6038c357dcd1c8a36c2a1f201e2293e484e8,False,diffpir,noise,0,0,0,0.03,0.03,0,0.25,5.88009445856,0.015850313199,1.04634284973,0.308791011572,0.308791011572,0,reconstructions/d4edbcc97ec00f079508e13004cf8c0e01806e2a1c89e0eb93c0e8df45158196/diffpir-noise-0.0-0-0.pt
d4edbcc97ec00f079508e13004cf8c0e01806e2a1c89e0eb93c0e8df45158196,3edb09d41378dfae155626fe72b75a2c4bde6a58,cff553233941e75169564d196f318bbdd728713e0809f049f5ada55d92b57e1e,7e25783c0a7c26e9b9f205121679098986989cb4fa109a54923972afe75d60ce,ac6168d8c51a9220ff3b88b5de5c6038c357dcd1c8a36c2a1f201e2293e484e8,False,pigdm,noise,0,0,0,0.03,0.03,0,0.25,22.5408296133,0.621646700169,0.149851903319,0.0551456399262,0.0551456399262,0,reconstructions/d4edbcc97ec00f079508e13004cf8c0e01806e2a1c89e0eb93c0e8df45158196/pigdm-noise-0.0-0-0.pt
d4edbcc97ec00f079508e13004cf8c0e01806e2a1c89e0eb93c0e8df45158196,3edb09d41378dfae155626fe72b75a2c4bde6a58,cff553233941e75169564d196f318bbdd728713e0809f049f5ada55d92b57e1e,7e25783c0a7c26e9b9f205121679098986989cb4fa109a54923972afe75d60ce,ac6168d8c51a9220ff3b88b5de5c6038c357dcd1c8a36c2a1f201e2293e484e8,False,zero_filled,noise,0,0,1,0.03,0.03,0,0.25,25.0129313257,0.684842478213,0.489915013313,0.0423987694085,0.0423987694085,0,reconstructions/d4edbcc97ec00f079508e13004cf8c0e01806e2a1c89e0eb93c0e8df45158196/zero_filled-noise-0.0-0-1.pt
d4edbcc97ec00f079508e13004cf8c0e01806e2a1c89e0eb93c0e8df45158196,3edb09d41378dfae155626fe72b75a2c4bde6a58,cff553233941e75169564d196f318bbdd728713e0809f049f5ada55d92b57e1e,7e25783c0a7c26e9b9f205121679098986989cb4fa109a54923972afe75d60ce,ac6168d8c51a9220ff3b88b5de5c6038c357dcd1c8a36c2a1f201e2293e484e8,False,tv,noise,0,0,1,0.03,0.03,0,0.25,26.3332726662,0.653182526401,0.412327110767,0.0488629378378,0.0488629378378,0,reconstructions/d4edbcc97ec00f079508e13004cf8c0e01806e2a1c89e0eb93c0e8df45158196/tv-noise-0.0-0-1.pt
d4edbcc97ec00f079508e13004cf8c0e01806e2a1c89e0eb93c0e8df45158196,3edb09d41378dfae155626fe72b75a2c4bde6a58,cff553233941e75169564d196f318bbdd728713e0809f049f5ada55d92b57e1e,7e25783c0a7c26e9b9f205121679098986989cb4fa109a54923972afe75d60ce,ac6168d8c51a9220ff3b88b5de5c6038c357dcd1c8a36c2a1f201e2293e484e8,False,dps,noise,0,0,1,0.03,0.03,0,0.25,13.0257324903,0.108959325591,0.509145975113,0.415755957365,0.415755957365,0,reconstructions/d4edbcc97ec00f079508e13004cf8c0e01806e2a1c89e0eb93c0e8df45158196/dps-noise-0.0-0-1.pt
d4edbcc97ec00f079508e13004cf8c0e01806e2a1c89e0eb93c0e8df45158196,3edb09d41378dfae155626fe72b75a2c4bde6a58,cff553233941e75169564d196f318bbdd728713e0809f049f5ada55d92b57e1e,7e25783c0a7c26e9b9f205121679098986989cb4fa109a54923972afe75d60ce,ac6168d8c51a9220ff3b88b5de5c6038c357dcd1c8a36c2a1f201e2293e484e8,False,diffpir,noise,0,0,1,0.03,0.03,0,0.25,6.21103988312,0.00772842210199,0.784346103668,0.305061757565,0.305061757565,0,reconstructions/d4edbcc97ec00f079508e13004cf8c0e01806e2a1c89e0eb93c0e8df45158196/diffpir-noise-0.0-0-1.pt
d4edbcc97ec00f079508e13004cf8c0e01806e2a1c89e0eb93c0e8df45158196,3edb09d41378dfae155626fe72b75a2c4bde6a58,cff553233941e75169564d196f318bbdd728713e0809f049f5ada55d92b57e1e,7e25783c0a7c26e9b9f205121679098986989cb4fa109a54923972afe75d60ce,ac6168d8c51a9220ff3b88b5de5c6038c357dcd1c8a36c2a1f201e2293e484e8,False,pigdm,noise,0,0,1,0.03,0.03,0,0.25,24.6584304245,0.543103690274,0.439818650484,0.0696149021387,0.0696149021387,0,reconstructions/d4edbcc97ec00f079508e13004cf8c0e01806e2a1c89e0eb93c0e8df45158196/pigdm-noise-0.0-0-1.pt
d4edbcc97ec00f079508e13004cf8c0e01806e2a1c89e0eb93c0e8df45158196,3edb09d41378dfae155626fe72b75a2c4bde6a58,cff553233941e75169564d196f318bbdd728713e0809f049f5ada55d92b57e1e,7e25783c0a7c26e9b9f205121679098986989cb4fa109a54923972afe75d60ce,ac6168d8c51a9220ff3b88b5de5c6038c357dcd1c8a36c2a1f201e2293e484e8,False,zero_filled,noise,0,0,2,0.03,0.03,0,0.25,19.7140299136,0.564251840883,0.209074571729,0.0821735113859,0.0821735113859,0,reconstructions/d4edbcc97ec00f079508e13004cf8c0e01806e2a1c89e0eb93c0e8df45158196/zero_filled-noise-0.0-0-2.pt
d4edbcc97ec00f079508e13004cf8c0e01806e2a1c89e0eb93c0e8df45158196,3edb09d41378dfae155626fe72b75a2c4bde6a58,cff553233941e75169564d196f318bbdd728713e0809f049f5ada55d92b57e1e,7e25783c0a7c26e9b9f205121679098986989cb4fa109a54923972afe75d60ce,ac6168d8c51a9220ff3b88b5de5c6038c357dcd1c8a36c2a1f201e2293e484e8,False,tv,noise,0,0,2,0.03,0.03,0,0.25,23.3861487909,0.847903183694,0.0454960241914,0.0539273731411,0.0539273731411,0,reconstructions/d4edbcc97ec00f079508e13004cf8c0e01806e2a1c89e0eb93c0e8df45158196/tv-noise-0.0-0-2.pt
d4edbcc97ec00f079508e13004cf8c0e01806e2a1c89e0eb93c0e8df45158196,3edb09d41378dfae155626fe72b75a2c4bde6a58,cff553233941e75169564d196f318bbdd728713e0809f049f5ada55d92b57e1e,7e25783c0a7c26e9b9f205121679098986989cb4fa109a54923972afe75d60ce,ac6168d8c51a9220ff3b88b5de5c6038c357dcd1c8a36c2a1f201e2293e484e8,False,dps,noise,0,0,2,0.03,0.03,0,0.25,11.3987603717,0.185226759458,0.151028990746,0.561881065369,0.561881065369,0,reconstructions/d4edbcc97ec00f079508e13004cf8c0e01806e2a1c89e0eb93c0e8df45158196/dps-noise-0.0-0-2.pt
d4edbcc97ec00f079508e13004cf8c0e01806e2a1c89e0eb93c0e8df45158196,3edb09d41378dfae155626fe72b75a2c4bde6a58,cff553233941e75169564d196f318bbdd728713e0809f049f5ada55d92b57e1e,7e25783c0a7c26e9b9f205121679098986989cb4fa109a54923972afe75d60ce,ac6168d8c51a9220ff3b88b5de5c6038c357dcd1c8a36c2a1f201e2293e484e8,False,diffpir,noise,0,0,2,0.03,0.03,0,0.25,4.4008275768,0.00893580725153,0.950305521488,0.87546813488,0.87546813488,0,reconstructions/d4edbcc97ec00f079508e13004cf8c0e01806e2a1c89e0eb93c0e8df45158196/diffpir-noise-0.0-0-2.pt
d4edbcc97ec00f079508e13004cf8c0e01806e2a1c89e0eb93c0e8df45158196,3edb09d41378dfae155626fe72b75a2c4bde6a58,cff553233941e75169564d196f318bbdd728713e0809f049f5ada55d92b57e1e,7e25783c0a7c26e9b9f205121679098986989cb4fa109a54923972afe75d60ce,ac6168d8c51a9220ff3b88b5de5c6038c357dcd1c8a36c2a1f201e2293e484e8,False,pigdm,noise,0,0,2,0.03,0.03,0,0.25,17.7035515002,0.543636878544,0.114995844662,0.230696409941,0.230696409941,0,reconstructions/d4edbcc97ec00f079508e13004cf8c0e01806e2a1c89e0eb93c0e8df45158196/pigdm-noise-0.0-0-2.pt
d4edbcc97ec00f079508e13004cf8c0e01806e2a1c89e0eb93c0e8df45158196,3edb09d41378dfae155626fe72b75a2c4bde6a58,cff553233941e75169564d196f318bbdd728713e0809f049f5ada55d92b57e1e,7e25783c0a7c26e9b9f205121679098986989cb4fa109a54923972afe75d60ce,ac6168d8c51a9220ff3b88b5de5c6038c357dcd1c8a36c2a1f201e2293e484e8,False,zero_filled,noise,0,0,3,0.03,0.03,0,0.25,21.9416295764,0.599393559549,0.285628318787,0.0469795577228,0.0469795577228,0,reconstructions/d4edbcc97ec00f079508e13004cf8c0e01806e2a1c89e0eb93c0e8df45158196/zero_filled-noise-0.0-0-3.pt
d4edbcc97ec00f079508e13004cf8c0e01806e2a1c89e0eb93c0e8df45158196,3edb09d41378dfae155626fe72b75a2c4bde6a58,cff553233941e75169564d196f318bbdd728713e0809f049f5ada55d92b57e1e,7e25783c0a7c26e9b9f205121679098986989cb4fa109a54923972afe75d60ce,ac6168d8c51a9220ff3b88b5de5c6038c357dcd1c8a36c2a1f201e2293e484e8,False,tv,noise,0,0,3,0.03,0.03,0,0.25,27.067018885,0.7841298705,0.183015942574,0.0369923226535,0.0369923226535,0,reconstructions/d4edbcc97ec00f079508e13004cf8c0e01806e2a1c89e0eb93c0e8df45158196/tv-noise-0.0-0-3.pt
d4edbcc97ec00f079508e13004cf8c0e01806e2a1c89e0eb93c0e8df45158196,3edb09d41378dfae155626fe72b75a2c4bde6a58,cff553233941e75169564d196f318bbdd728713e0809f049f5ada55d92b57e1e,7e25783c0a7c26e9b9f205121679098986989cb4fa109a54923972afe75d60ce,ac6168d8c51a9220ff3b88b5de5c6038c357dcd1c8a36c2a1f201e2293e484e8,False,dps,noise,0,0,3,0.03,0.03,0,0.25,5.5623117989,0.0365989035796,0.593524515629,0.840676605701,0.840676605701,0,reconstructions/d4edbcc97ec00f079508e13004cf8c0e01806e2a1c89e0eb93c0e8df45158196/dps-noise-0.0-0-3.pt
d4edbcc97ec00f079508e13004cf8c0e01806e2a1c89e0eb93c0e8df45158196,3edb09d41378dfae155626fe72b75a2c4bde6a58,cff553233941e75169564d196f318bbdd728713e0809f049f5ada55d92b57e1e,7e25783c0a7c26e9b9f205121679098986989cb4fa109a54923972afe75d60ce,ac6168d8c51a9220ff3b88b5de5c6038c357dcd1c8a36c2a1f201e2293e484e8,False,diffpir,noise,0,0,3,0.03,0.03,0,0.25,5.48254649361,0.00158976634892,1.01739811897,0.384639203548,0.384639203548,0,reconstructions/d4edbcc97ec00f079508e13004cf8c0e01806e2a1c89e0eb93c0e8df45158196/diffpir-noise-0.0-0-3.pt
d4edbcc97ec00f079508e13004cf8c0e01806e2a1c89e0eb93c0e8df45158196,3edb09d41378dfae155626fe72b75a2c4bde6a58,cff553233941e75169564d196f318bbdd728713e0809f049f5ada55d92b57e1e,7e25783c0a7c26e9b9f205121679098986989cb4fa109a54923972afe75d60ce,ac6168d8c51a9220ff3b88b5de5c6038c357dcd1c8a36c2a1f201e2293e484e8,False,pigdm,noise,0,0,3,0.03,0.03,0,0.25,23.2484781075,0.632471364112,0.128317803144,0.0577914491296,0.0577914491296,0,reconstructions/d4edbcc97ec00f079508e13004cf8c0e01806e2a1c89e0eb93c0e8df45158196/pigdm-noise-0.0-0-3.pt
d4edbcc97ec00f079508e13004cf8c0e01806e2a1c89e0eb93c0e8df45158196,3edb09d41378dfae155626fe72b75a2c4bde6a58,cff553233941e75169564d196f318bbdd728713e0809f049f5ada55d92b57e1e,7e25783c0a7c26e9b9f205121679098986989cb4fa109a54923972afe75d60ce,ac6168d8c51a9220ff3b88b5de5c6038c357dcd1c8a36c2a1f201e2293e484e8,False,zero_filled,noise,0,0,4,0.03,0.03,0,0.25,21.6368899123,0.720942373847,0.167351126671,0.0440724603832,0.0440724603832,0,reconstructions/d4edbcc97ec00f079508e13004cf8c0e01806e2a1c89e0eb93c0e8df45158196/zero_filled-noise-0.0-0-4.pt
d4edbcc97ec00f079508e13004cf8c0e01806e2a1c89e0eb93c0e8df45158196,3edb09d41378dfae155626fe72b75a2c4bde6a58,cff553233941e75169564d196f318bbdd728713e0809f049f5ada55d92b57e1e,7e25783c0a7c26e9b9f205121679098986989cb4fa109a54923972afe75d60ce,ac6168d8c51a9220ff3b88b5de5c6038c357dcd1c8a36c2a1f201e2293e484e8,False,tv,noise,0,0,4,0.03,0.03,0,0.25,24.2004617694,0.789078127274,0.0813751146197,0.0327188670635,0.0327188670635,0,reconstructions/d4edbcc97ec00f079508e13004cf8c0e01806e2a1c89e0eb93c0e8df45158196/tv-noise-0.0-0-4.pt
d4edbcc97ec00f079508e13004cf8c0e01806e2a1c89e0eb93c0e8df45158196,3edb09d41378dfae155626fe72b75a2c4bde6a58,cff553233941e75169564d196f318bbdd728713e0809f049f5ada55d92b57e1e,7e25783c0a7c26e9b9f205121679098986989cb4fa109a54923972afe75d60ce,ac6168d8c51a9220ff3b88b5de5c6038c357dcd1c8a36c2a1f201e2293e484e8,False,dps,noise,0,0,4,0.03,0.03,0,0.25,10.9549632134,0.11180096879,0.217266917229,0.405591785908,0.405591785908,0,reconstructions/d4edbcc97ec00f079508e13004cf8c0e01806e2a1c89e0eb93c0e8df45158196/dps-noise-0.0-0-4.pt
d4edbcc97ec00f079508e13004cf8c0e01806e2a1c89e0eb93c0e8df45158196,3edb09d41378dfae155626fe72b75a2c4bde6a58,cff553233941e75169564d196f318bbdd728713e0809f049f5ada55d92b57e1e,7e25783c0a7c26e9b9f205121679098986989cb4fa109a54923972afe75d60ce,ac6168d8c51a9220ff3b88b5de5c6038c357dcd1c8a36c2a1f201e2293e484e8,False,diffpir,noise,0,0,4,0.03,0.03,0,0.25,5.2326529492,0.0193230351891,0.977614700794,0.431409537792,0.431409537792,0,reconstructions/d4edbcc97ec00f079508e13004cf8c0e01806e2a1c89e0eb93c0e8df45158196/diffpir-noise-0.0-0-4.pt
d4edbcc97ec00f079508e13004cf8c0e01806e2a1c89e0eb93c0e8df45158196,3edb09d41378dfae155626fe72b75a2c4bde6a58,cff553233941e75169564d196f318bbdd728713e0809f049f5ada55d92b57e1e,7e25783c0a7c26e9b9f205121679098986989cb4fa109a54923972afe75d60ce,ac6168d8c51a9220ff3b88b5de5c6038c357dcd1c8a36c2a1f201e2293e484e8,False,pigdm,noise,0,0,4,0.03,0.03,0,0.25,23.679930958,0.75562371864,0.0671831071377,0.0465558283031,0.0465558283031,0,reconstructions/d4edbcc97ec00f079508e13004cf8c0e01806e2a1c89e0eb93c0e8df45158196/pigdm-noise-0.0-0-4.pt
d4edbcc97ec00f079508e13004cf8c0e01806e2a1c89e0eb93c0e8df45158196,3edb09d41378dfae155626fe72b75a2c4bde6a58,cff553233941e75169564d196f318bbdd728713e0809f049f5ada55d92b57e1e,7e25783c0a7c26e9b9f205121679098986989cb4fa109a54923972afe75d60ce,ac6168d8c51a9220ff3b88b5de5c6038c357dcd1c8a36c2a1f201e2293e484e8,False,zero_filled,noise,0,0,5,0.03,0.03,0,0.25,22.001199642,0.642262153106,0.365350067616,0.0400173664093,0.0400173664093,0,reconstructions/d4edbcc97ec00f079508e13004cf8c0e01806e2a1c89e0eb93c0e8df45158196/zero_filled-noise-0.0-0-5.pt
d4edbcc97ec00f079508e13004cf8c0e01806e2a1c89e0eb93c0e8df45158196,3edb09d41378dfae155626fe72b75a2c4bde6a58,cff553233941e75169564d196f318bbdd728713e0809f049f5ada55d92b57e1e,7e25783c0a7c26e9b9f205121679098986989cb4fa109a54923972afe75d60ce,ac6168d8c51a9220ff3b88b5de5c6038c357dcd1c8a36c2a1f201e2293e484e8,False,tv,noise,0,0,5,0.03,0.03,0,0.25,23.0841255457,0.634394964779,0.210670739412,0.0374664403498,0.0374664403498,0,reconstructions/d4edbcc97ec00f079508e13004cf8c0e01806e2a1c89e0eb93c0e8df45158196/tv-noise-0.0-0-5.pt
d4edbcc97ec00f079508e13004cf8c0e01806e2a1c89e0eb93c0e8df45158196,3edb09d41378dfae155626fe72b75a2c4bde6a58,cff553233941e75169564d196f318bbdd728713e0809f049f5ada55d92b57e1e,7e25783c0a7c26e9b9f205121679098986989cb4fa109a54923972afe75d60ce,ac6168d8c51a9220ff3b88b5de5c6038c357dcd1c8a36c2a1f201e2293e484e8,False,dps,noise,0,0,5,0.03,0.03,0,0.25,9.72978140185,0.0818735080597,0.656715035439,0.462106645107,0.462106645107,0,reconstructions/d4edbcc97ec00f079508e13004cf8c0e01806e2a1c89e0eb93c0e8df45158196/dps-noise-0.0-0-5.pt
d4edbcc97ec00f079508e13004cf8c0e01806e2a1c89e0eb93c0e8df45158196,3edb09d41378dfae155626fe72b75a2c4bde6a58,cff553233941e75169564d196f318bbdd728713e0809f049f5ada55d92b57e1e,7e25783c0a7c26e9b9f205121679098986989cb4fa109a54923972afe75d60ce,ac6168d8c51a9220ff3b88b5de5c6038c357dcd1c8a36c2a1f201e2293e484e8,False,diffpir,noise,0,0,5,0.03,0.03,0,0.25,5.50478401737,0.0132917236677,0.866613924503,0.356924474239,0.356924474239,0,reconstructions/d4edbcc97ec00f079508e13004cf8c0e01806e2a1c89e0eb93c0e8df45158196/diffpir-noise-0.0-0-5.pt
d4edbcc97ec00f079508e13004cf8c0e01806e2a1c89e0eb93c0e8df45158196,3edb09d41378dfae155626fe72b75a2c4bde6a58,cff553233941e75169564d196f318bbdd728713e0809f049f5ada55d92b57e1e,7e25783c0a7c26e9b9f205121679098986989cb4fa109a54923972afe75d60ce,ac6168d8c51a9220ff3b88b5de5c6038c357dcd1c8a36c2a1f201e2293e484e8,False,pigdm,noise,0,0,5,0.03,0.03,0,0.25,21.8166806631,0.564457758788,0.2049305439,0.0551300048828,0.0551300048828,0,reconstructions/d4edbcc97ec00f079508e13004cf8c0e01806e2a1c89e0eb93c0e8df45158196/pigdm-noise-0.0-0-5.pt
d4edbcc97ec00f079508e13004cf8c0e01806e2a1c89e0eb93c0e8df45158196,3edb09d41378dfae155626fe72b75a2c4bde6a58,cff553233941e75169564d196f318bbdd728713e0809f049f5ada55d92b57e1e,7e25783c0a7c26e9b9f205121679098986989cb4fa109a54923972afe75d60ce,ac6168d8c51a9220ff3b88b5de5c6038c357dcd1c8a36c2a1f201e2293e484e8,False,zero_filled,noise,0,0,6,0.03,0.03,0,0.25,18.072035998,0.509170001742,0.274148732424,0.0898019596934,0.0898019596934,0,reconstructions/d4edbcc97ec00f079508e13004cf8c0e01806e2a1c89e0eb93c0e8df45158196/zero_filled-noise-0.0-0-6.pt
d4edbcc97ec00f079508e13004cf8c0e01806e2a1c89e0eb93c0e8df45158196,3edb09d41378dfae155626fe72b75a2c4bde6a58,cff553233941e75169564d196f318bbdd728713e0809f049f5ada55d92b57e1e,7e25783c0a7c26e9b9f205121679098986989cb4fa109a54923972afe75d60ce,ac6168d8c51a9220ff3b88b5de5c6038c357dcd1c8a36c2a1f201e2293e484e8,False,tv,noise,0,0,6,0.03,0.03,0,0.25,21.8314079802,0.745148188356,0.066240593791,0.0577669888735,0.0577669888735,0,reconstructions/d4edbcc97ec00f079508e13004cf8c0e01806e2a1c89e0eb93c0e8df45158196/tv-noise-0.0-0-6.pt
d4edbcc97ec00f079508e13004cf8c0e01806e2a1c89e0eb93c0e8df45158196,3edb09d41378dfae155626fe72b75a2c4bde6a58,cff553233941e75169564d196f318bbdd728713e0809f049f5ada55d92b57e1e,7e25783c0a7c26e9b9f205121679098986989cb4fa109a54923972afe75d60ce,ac6168d8c51a9220ff3b88b5de5c6038c357dcd1c8a36c2a1f201e2293e484e8,False,dps,noise,0,0,6,0.03,0.03,0,0.25,8.37522144199,0.00896532953977,0.53497838974,0.89525860548,0.89525860548,0,reconstructions/d4edbcc97ec00f079508e13004cf8c0e01806e2a1c89e0eb93c0e8df45158196/dps-noise-0.0-0-6.pt
d4edbcc97ec00f079508e13004cf8c0e01806e2a1c89e0eb93c0e8df45158196,3edb09d41378dfae155626fe72b75a2c4bde6a58,cff553233941e75169564d196f318bbdd728713e0809f049f5ada55d92b57e1e,7e25783c0a7c26e9b9f205121679098986989cb4fa109a54923972afe75d60ce,ac6168d8c51a9220ff3b88b5de5c6038c357dcd1c8a36c2a1f201e2293e484e8,False,diffpir,noise,0,0,6,0.03,0.03,0,0.25,4.23376904483,0.00358648826368,0.877369582653,0.924759268761,0.924759268761,0,reconstructions/d4edbcc97ec00f079508e13004cf8c0e01806e2a1c89e0eb93c0e8df45158196/diffpir-noise-0.0-0-6.pt
d4edbcc97ec00f079508e13004cf8c0e01806e2a1c89e0eb93c0e8df45158196,3edb09d41378dfae155626fe72b75a2c4bde6a58,cff553233941e75169564d196f318bbdd728713e0809f049f5ada55d92b57e1e,7e25783c0a7c26e9b9f205121679098986989cb4fa109a54923972afe75d60ce,ac6168d8c51a9220ff3b88b5de5c6038c357dcd1c8a36c2a1f201e2293e484e8,False,pigdm,noise,0,0,6,0.03,0.03,0,0.25,17.2801954034,0.521357452638,0.136897742748,0.245503783226,0.245503783226,0,reconstructions/d4edbcc97ec00f079508e13004cf8c0e01806e2a1c89e0eb93c0e8df45158196/pigdm-noise-0.0-0-6.pt
d4edbcc97ec00f079508e13004cf8c0e01806e2a1c89e0eb93c0e8df45158196,3edb09d41378dfae155626fe72b75a2c4bde6a58,cff553233941e75169564d196f318bbdd728713e0809f049f5ada55d92b57e1e,7e25783c0a7c26e9b9f205121679098986989cb4fa109a54923972afe75d60ce,ac6168d8c51a9220ff3b88b5de5c6038c357dcd1c8a36c2a1f201e2293e484e8,False,zero_filled,noise,0,0,7,0.03,0.03,0,0.25,20.5633420154,0.58555962536,0.206613197923,0.0729525312781,0.0729525312781,0,reconstructions/d4edbcc97ec00f079508e13004cf8c0e01806e2a1c89e0eb93c0e8df45158196/zero_filled-noise-0.0-0-7.pt
d4edbcc97ec00f079508e13004cf8c0e01806e2a1c89e0eb93c0e8df45158196,3edb09d41378dfae155626fe72b75a2c4bde6a58,cff553233941e75169564d196f318bbdd728713e0809f049f5ada55d92b57e1e,7e25783c0a7c26e9b9f205121679098986989cb4fa109a54923972afe75d60ce,ac6168d8c51a9220ff3b88b5de5c6038c357dcd1c8a36c2a1f201e2293e484e8,False,tv,noise,0,0,7,0.03,0.03,0,0.25,24.3813865241,0.81616764701,0.0538613274693,0.0517907813191,0.0517907813191,0,reconstructions/d4edbcc97ec00f079508e13004cf8c0e01806e2a1c89e0eb93c0e8df45158196/tv-noise-0.0-0-7.pt
d4edbcc97ec00f079508e13004cf8c0e01806e2a1c89e0eb93c0e8df45158196,3edb09d41378dfae155626fe72b75a2c4bde6a58,cff553233941e75169564d196f318bbdd728713e0809f049f5ada55d92b57e1e,7e25783c0a7c26e9b9f205121679098986989cb4fa109a54923972afe75d60ce,ac6168d8c51a9220ff3b88b5de5c6038c357dcd1c8a36c2a1f201e2293e484e8,False,dps,noise,0,0,7,0.03,0.03,0,0.25,6.77408753391,-0.0387825443046,0.379332631826,1.00326883793,1.00326883793,0,reconstructions/d4edbcc97ec00f079508e13004cf8c0e01806e2a1c89e0eb93c0e8df45158196/dps-noise-0.0-0-7.pt
d4edbcc97ec00f079508e13004cf8c0e01806e2a1c89e0eb93c0e8df45158196,3edb09d41378dfae155626fe72b75a2c4bde6a58,cff553233941e75169564d196f318bbdd728713e0809f049f5ada55d92b57e1e,7e25783c0a7c26e9b9f205121679098986989cb4fa109a54923972afe75d60ce,ac6168d8c51a9220ff3b88b5de5c6038c357dcd1c8a36c2a1f201e2293e484e8,False,diffpir,noise,0,0,7,0.03,0.03,0,0.25,4.60232812557,0.00524781843756,0.965060412884,0.79150223732,0.79150223732,0,reconstructions/d4edbcc97ec00f079508e13004cf8c0e01806e2a1c89e0eb93c0e8df45158196/diffpir-noise-0.0-0-7.pt
d4edbcc97ec00f079508e13004cf8c0e01806e2a1c89e0eb93c0e8df45158196,3edb09d41378dfae155626fe72b75a2c4bde6a58,cff553233941e75169564d196f318bbdd728713e0809f049f5ada55d92b57e1e,7e25783c0a7c26e9b9f205121679098986989cb4fa109a54923972afe75d60ce,ac6168d8c51a9220ff3b88b5de5c6038c357dcd1c8a36c2a1f201e2293e484e8,False,pigdm,noise,0,0,7,0.03,0.03,0,0.25,20.3356544364,0.536765210947,0.142406970263,0.15135845542,0.15135845542,0,reconstructions/d4edbcc97ec00f079508e13004cf8c0e01806e2a1c89e0eb93c0e8df45158196/pigdm-noise-0.0-0-7.pt
d4edbcc97ec00f079508e13004cf8c0e01806e2a1c89e0eb93c0e8df45158196,3edb09d41378dfae155626fe72b75a2c4bde6a58,cff553233941e75169564d196f318bbdd728713e0809f049f5ada55d92b57e1e,7e25783c0a7c26e9b9f205121679098986989cb4fa109a54923972afe75d60ce,ac6168d8c51a9220ff3b88b5de5c6038c357dcd1c8a36c2a1f201e2293e484e8,False,zero_filled,noise,0,1,0,0.03,0.03,0,0.25,22.2046624824,0.63262735649,0.28461125493,0.036162558943,0.036162558943,0,reconstructions/d4edbcc97ec00f079508e13004cf8c0e01806e2a1c89e0eb93c0e8df45158196/zero_filled-noise-0.0-1-0.pt
d4edbcc97ec00f079508e13004cf8c0e01806e2a1c89e0eb93c0e8df45158196,3edb09d41378dfae155626fe72b75a2c4bde6a58,cff553233941e75169564d196f318bbdd728713e0809f049f5ada55d92b57e1e,7e25783c0a7c26e9b9f205121679098986989cb4fa109a54923972afe75d60ce,ac6168d8c51a9220ff3b88b5de5c6038c357dcd1c8a36c2a1f201e2293e484e8,False,tv,noise,0,1,0,0.03,0.03,0,0.25,23.7228868583,0.67237846201,0.118301518261,0.0363738834858,0.0363738834858,0,reconstructions/d4edbcc97ec00f079508e13004cf8c0e01806e2a1c89e0eb93c0e8df45158196/tv-noise-0.0-1-0.pt
d4edbcc97ec00f079508e13004cf8c0e01806e2a1c89e0eb93c0e8df45158196,3edb09d41378dfae155626fe72b75a2c4bde6a58,cff553233941e75169564d196f318bbdd728713e0809f049f5ada55d92b57e1e,7e25783c0a7c26e9b9f205121679098986989cb4fa109a54923972afe75d60ce,ac6168d8c51a9220ff3b88b5de5c6038c357dcd1c8a36c2a1f201e2293e484e8,False,dps,noise,0,1,0,0.03,0.03,0,0.25,10.2190752859,0.113151392289,0.340085685253,0.46885073185,0.46885073185,0,reconstructions/d4edbcc97ec00f079508e13004cf8c0e01806e2a1c89e0eb93c0e8df45158196/dps-noise-0.0-1-0.pt
d4edbcc97ec00f079508e13004cf8c0e01806e2a1c89e0eb93c0e8df45158196,3edb09d41378dfae155626fe72b75a2c4bde6a58,cff553233941e75169564d196f318bbdd728713e0809f049f5ada55d92b57e1e,7e25783c0a7c26e9b9f205121679098986989cb4fa109a54923972afe75d60ce,ac6168d8c51a9220ff3b88b5de5c6038c357dcd1c8a36c2a1f201e2293e484e8,False,diffpir,noise,0,1,0,0.03,0.03,0,0.25,5.86039976339,0.0106510065968,0.970785498619,0.30121281743,0.30121281743,0,reconstructions/d4edbcc97ec00f079508e13004cf8c0e01806e2a1c89e0eb93c0e8df45158196/diffpir-noise-0.0-1-0.pt
d4edbcc97ec00f079508e13004cf8c0e01806e2a1c89e0eb93c0e8df45158196,3edb09d41378dfae155626fe72b75a2c4bde6a58,cff553233941e75169564d196f318bbdd728713e0809f049f5ada55d92b57e1e,7e25783c0a7c26e9b9f205121679098986989cb4fa109a54923972afe75d60ce,ac6168d8c51a9220ff3b88b5de5c6038c357dcd1c8a36c2a1f201e2293e484e8,False,pigdm,noise,0,1,0,0.03,0.03,0,0.25,21.8750660021,0.573817540285,0.102194063365,0.0513904429972,0.0513904429972,0,reconstructions/d4edbcc97ec00f079508e13004cf8c0e01806e2a1c89e0eb93c0e8df45158196/pigdm-noise-0.0-1-0.pt
d4edbcc97ec00f079508e13004cf8c0e01806e2a1c89e0eb93c0e8df45158196,3edb09d41378dfae155626fe72b75a2c4bde6a58,cff553233941e75169564d196f318bbdd728713e0809f049f5ada55d92b57e1e,7e25783c0a7c26e9b9f205121679098986989cb4fa109a54923972afe75d60ce,ac6168d8c51a9220ff3b88b5de5c6038c357dcd1c8a36c2a1f201e2293e484e8,False,zero_filled,noise,0,1,1,0.03,0.03,0,0.25,24.7355750564,0.678192674721,0.417637109756,0.0395005047321,0.0395005047321,0,reconstructions/d4edbcc97ec00f079508e13004cf8c0e01806e2a1c89e0eb93c0e8df45158196/zero_filled-noise-0.0-1-1.pt
d4edbcc97ec00f079508e13004cf8c0e01806e2a1c89e0eb93c0e8df45158196,3edb09d41378dfae155626fe72b75a2c4bde6a58,cff553233941e75169564d196f318bbdd728713e0809f049f5ada55d92b57e1e,7e25783c0a7c26e9b9f205121679098986989cb4fa109a54923972afe75d60ce,ac6168d8c51a9220ff3b88b5de5c6038c357dcd1c8a36c2a1f201e2293e484e8,False,tv,noise,0,1,1,0.03,0.03,0,0.25,25.9807354937,0.633378917092,0.316274940968,0.0502718649805,0.0502718649805,0,reconstructions/d4edbcc97ec00f079508e13004cf8c0e01806e2a1c89e0eb93c0e8df45158196/tv-noise-0.0-1-1.pt
d4edbcc97ec00f079508e13004cf8c0e01806e2a1c89e0eb93c0e8df45158196,3edb09d41378dfae155626fe72b75a2c4bde6a58,cff553233941e75169564d196f318bbdd728713e0809f049f5ada55d92b57e1e,7e25783c0a7c26e9b9f205121679098986989cb4fa109a54923972afe75d60ce,ac6168d8c51a9220ff3b88b5de5c6038c357dcd1c8a36c2a1f201e2293e484e8,False,dps,noise,0,1,1,0.03,0.03,0,0.25,8.34246340709,0.0286202599698,0.584222972393,0.748759567738,0.748759567738,0,reconstructions/d4edbcc97ec00f079508e13004cf8c0e01806e2a1c89e0eb93c0e8df45158196/dps-noise-0.0-1-1.pt
d4edbcc97ec00f079508e13004cf8c0e01806e2a1c89e0eb93c0e8df45158196,3edb09d41378dfae155626fe72b75a2c4bde6a58,cff553233941e75169564d196f318bbdd728713e0809f049f5ada55d92b57e1e,7e25783c0a7c26e9b9f205121679098986989cb4fa109a54923972afe75d60ce,ac6168d8c51a9220ff3b88b5de5c6038c357dcd1c8a36c2a1f201e2293e484e8,False,diffpir,noise,0,1,1,0.03,0.03,0,0.25,6.22538263064,0.0159819320968,0.759632825851,0.300485521555,0.300485521555,0,reconstructions/d4edbcc97ec00f079508e13004cf8c0e01806e2a1c89e0eb93c0e8df45158196/diffpir-noise-0.0-1-1.pt
d4edbcc97ec00f079508e13004cf8c0e01806e2a1c89e0eb93c0e8df45158196,3edb09d41378dfae155626fe72b75a2c4bde6a58,cff553233941e75169564d196f318bbdd728713e0809f049f5ada55d92b57e1e,7e25783c0a7c26e9b9f205121679098986989cb4fa109a54923972afe75d60ce,ac6168d8c51a9220ff3b88b5de5c6038c357dcd1c8a36c2a1f201e2293e484e8,False,pigdm,noise,0,1,1,0.03,0.03,0,0.25,24.0600163877,0.55265449702,0.280442267656,0.0667143762112,0.0667143762112,0,reconstructions/d4edbcc97ec00f079508e13004cf8c0e01806e2a1c89e0eb93c0e8df45158196/pigdm-noise-0.0-1-1.pt
d4edbcc97ec00f079508e13004cf8c0e01806e2a1c89e0eb93c0e8df45158196,3edb09d41378dfae155626fe72b75a2c4bde6a58,cff553233941e75169564d196f318bbdd728713e0809f049f5ada55d92b57e1e,7e25783c0a7c26e9b9f205121679098986989cb4fa109a54923972afe75d60ce,ac6168d8c51a9220ff3b88b5de5c6038c357dcd1c8a36c2a1f201e2293e484e8,False,zero_filled,noise,0,1,2,0.03,0.03,0,0.25,19.0949875008,0.545044295258,0.227540493011,0.0716555118561,0.0716555118561,0,reconstructions/d4edbcc97ec00f079508e13004cf8c0e01806e2a1c89e0eb93c0e8df45158196/zero_filled-noise-0.0-1-2.pt
d4edbcc97ec00f079508e13004cf8c0e01806e2a1c89e0eb93c0e8df45158196,3edb09d41378dfae155626fe72b75a2c4bde6a58,cff553233941e75169564d196f318bbdd728713e0809f049f5ada55d92b57e1e,7e25783c0a7c26e9b9f205121679098986989cb4fa109a54923972afe75d60ce,ac6168d8c51a9220ff3b88b5de5c6038c357dcd1c8a36c2a1f201e2293e484e8,False,tv,noise,0,1,2,0.03,0.03,0,0.25,22.2851196043,0.791705732184,0.057649448514,0.0557870790362,0.0557870790362,0,reconstructions/d4edbcc97ec00f079508e13004cf8c0e01806e2a1c89e0eb93c0e8df45158196/tv-noise-0.0-1-2.pt
d4edbcc97ec00f079508e13004cf8c0e01806e2a1c89e0eb93c0e8df45158196,3edb09d41378dfae155626fe72b75a2c4bde6a58,cff553233941e75169564d196f318bbdd728713e0809f049f5ada55d92b57e1e,7e25783c0a7c26e9b9f205121679098986989cb4fa109a54923972afe75d60ce,ac6168d8c51a9220ff3b88b5de5c6038c357dcd1c8a36c2a1f201e2293e484e8,False,dps,noise,0,1,2,0.03,0.03,0,0.25,9.44527058403,0.0638372536497,0.284519582987,0.741458714008,0.741458714008,0,reconstructions/d4edbcc97ec00f079508e13004cf8c0e01806e2a1c89e0eb93c0e8df45158196/dps-noise-0.0-1-2.pt
d4edbcc97ec00f079508e13004cf8c0e01806e2a1c89e0eb93c0e8df45158196,3edb09d41378dfae155626fe72b75a2c4bde6a58,cff553233941e75169564d196f318bbdd728713e0809f049f5ada55d92b57e1e,7e25783c0a7c26e9b9f205121679098986989cb4fa109a54923972afe75d60ce,ac6168d8c51a9220ff3b88b5de5c6038c357dcd1c8a36c2a1f201e2293e484e8,False,diffpir,noise,0,1,2,0.03,0.03,0,0.25,4.44495340446,0.0170902236145,0.88236951828,0.864998519421,0.864998519421,0,reconstructions/d4edbcc97ec00f079508e13004cf8c0e01806e2a1c89e0eb93c0e8df45158196/diffpir-noise-0.0-1-2.pt
d4edbcc97ec00f079508e13004cf8c0e01806e2a1c89e0eb93c0e8df45158196,3edb09d41378dfae155626fe72b75a2c4bde6a58,cff553233941e75169564d196f318bbdd728713e0809f049f5ada55d92b57e1e,7e25783c0a7c26e9b9f205121679098986989cb4fa109a54923972afe75d60ce,ac6168d8c51a9220ff3b88b5de5c6038c357dcd1c8a36c2a1f201e2293e484e8,False,pigdm,noise,0,1,2,0.03,0.03,0,0.25,18.3704377746,0.528071142762,0.0926485955715,0.190625861287,0.190625861287,0,reconstructions/d4edbcc97ec00f079508e13004cf8c0e01806e2a1c89e0eb93c0e8df45158196/pigdm-noise-0.0-1-2.pt
d4edbcc97ec00f079508e13004cf8c0e01806e2a1c89e0eb93c0e8df45158196,3edb09d41378dfae155626fe72b75a2c4bde6a58,cff553233941e75169564d196f318bbdd728713e0809f049f5ada55d92b57e1e,7e25783c0a7c26e9b9f205121679098986989cb4fa109a54923972afe75d60ce,ac6168d8c51a9220ff3b88b5de5c6038c357dcd1c8a36c2a1f201e2293e484e8,False,zero_filled,noise,0,1,3,0.03,0.03,0,0.25,21.4834234263,0.608972967773,0.245045855641,0.042365334928,0.042365334928,0,reconstructions/d4edbcc97ec00f079508e13004cf8c0e01806e2a1c89e0eb93c0e8df45158196/zero_filled-noise-0.0-1-3.pt
d4edbcc97ec00f079508e13004cf8c0e01806e2a1c89e0eb93c0e8df45158196,3edb09d41378dfae155626fe72b75a2c4bde6a58,cff553233941e75169564d196f318bbdd728713e0809f049f5ada55d92b57e1e,7e25783c0a7c26e9b9f205121679098986989cb4fa109a54923972afe75d60ce,ac6168d8c51a9220ff3b88b5de5c6038c357dcd1c8a36c2a1f201e2293e484e8,False,tv,noise,0,1,3,0.03,0.03,0,0.25,26.4310100741,0.76344070425,0.178075611591,0.0365573167801,0.0365573167801,0,reconstructions/d4edbcc97ec00f079508e13004cf8c0e01806e2a1c89e0eb93c0e8df45158196/tv-noise-0.0-1-3.pt
d4edbcc97ec00f079508e13004cf8c0e01806e2a1c89e0eb93c0e8df45158196,3edb09d41378dfae155626fe72b75a2c4bde6a58,cff553233941e75169564d196f318bbdd728713e0809f049f5ada55d92b57e1e,7e25783c0a7c26e9b9f205121679098986989cb4fa109a54923972afe75d60ce,ac6168d8c51a9220ff3b88b5de5c6038c357dcd1c8a36c2a1f201e2293e484e8,False,dps,noise,0,1,3,0.03,0.03,0,0.25,12.0305661762,0.151912290662,0.38518679142,0.359732180834,0.359732180834,0,reconstructions/d4edbcc97ec00f079508e13004cf8c0e01806e2a1c89e0eb93c0e8df45158196/dps-noise-0.0-1-3.pt
d4edbcc97ec00f079508e13004cf8c0e01806e2a1c89e0eb93c0e8df45158196,3edb09d41378dfae155626fe72b75a2c4bde6a58,cff553233941e75169564d196f318bbdd728713e0809f049f5ada55d92b57e1e,7e25783c0a7c26e9b9f205121679098986989cb4fa109a54923972afe75d60ce,ac6168d8c51a9220ff3b88b5de5c6038c357dcd1c8a36c2a1f201e2293e484e8,False,diffpir,noise,0,1,3,0.03,0.03,0,0.25,5.51571446053,0.00556491045629,0.969583213329,0.375601738691,0.375601738691,0,reconstructions/d4edbcc97ec00f079508e13004cf8c0e01806e2a1c89e0eb93c0e8df45158196/diffpir-noise-0.0-1-3.pt
d4edbcc97ec00f079508e13004cf8c0e01806e2a1c89e0eb93c0e8df45158196,3edb09d41378dfae155626fe72b75a2c4bde6a58,cff553233941e75169564d196f318bbdd728713e0809f049f5ada55d92b57e1e,7e25783c0a7c26e9b9f205121679098986989cb4fa109a54923972afe75d60ce,ac6168d8c51a9220ff3b88b5de5c6038c357dcd1c8a36c2a1f201e2293e484e8,False,pigdm,noise,0,1,3,0.03,0.03,0,0.25,23.5852357281,0.70622595682,0.129804044962,0.055562980473,0.055562980473,0,reconstructions/d4edbcc97ec00f079508e13004cf8c0e01806e2a1c89e0eb93c0e8df45158196/pigdm-noise-0.0-1-3.pt
d4edbcc97ec00f079508e13004cf8c0e01806e2a1c89e0eb93c0e8df45158196,3edb09d41378dfae155626fe72b75a2c4bde6a58,cff553233941e75169564d196f318bbdd728713e0809f049f5ada55d92b57e1e,7e25783c0a7c26e9b9f205121679098986989cb4fa109a54923972afe75d60ce,ac6168d8c51a9220ff3b88b5de5c6038c357dcd1c8a36c2a1f201e2293e484e8,False,zero_filled,noise,0,1,4,0.03,0.03,0,0.25,21.0439711051,0.694471524014,0.187386095524,0.039288405329,0.039288405329,0,reconstructions/d4edbcc97ec00f079508e13004cf8c0e01806e2a1c89e0eb93c0e8df45158196/zero_filled-noise-0.0-1-4.pt
d4edbcc97ec00f079508e13004cf8c0e01806e2a1c89e0eb93c0e8df45158196,3edb09d41378dfae155626fe72b75a2c4bde6a58,cff553233941e75169564d196f318bbdd728713e0809f049f5ada55d92b57e1e,7e25783c0a7c26e9b9f205121679098986989cb4fa109a54923972afe75d60ce,ac6168d8c51a9220ff3b88b5de5c6038c357dcd1c8a36c2a1f201e2293e484e8,False,tv,noise,0,1,4,0.03,0.03,0,0.25,22.6283952057,0.73807088889,0.0792167037725,0.0332164615393,0.0332164615393,0,reconstructions/d4edbcc97ec00f079508e13004cf8c0e01806e2a1c89e0eb93c0e8df45158196/tv-noise-0.0-1-4.pt
d4edbcc97ec00f079508e13004cf8c0e01806e2a1c89e0eb93c0e8df45158196,3edb09d41378dfae155626fe72b75a2c4bde6a58,cff553233941e75169564d196f318bbdd728713e0809f049f5ada55d92b57e1e,7e25783c0a7c26e9b9f205121679098986989cb4fa109a54923972afe75d60ce,ac6168d8c51a9220ff3b88b5de5c6038c357dcd1c8a36c2a1f201e2293e484e8,False,dps,noise,0,1,4,0.03,0.03,0,0.25,8.15864938278,0.0973021353708,0.470975756645,0.576993763447,0.576993763447,0,reconstructions/d4edbcc97ec00f079508e13004cf8c0e01806e2a1c89e0eb93c0e8df45158196/dps-noise-0.0-1-4.pt
d4edbcc97ec00f079508e13004cf8c0e01806e2a1c89e0eb93c0e8df45158196,3edb09d41378dfae155626fe72b75a2c4bde6a58,cff553233941e75169564d196f318bbdd728713e0809f049f5ada55d92b57e1e,7e25783c0a7c26e9b9f205121679098986989cb4fa109a54923972afe75d60ce,ac6168d8c51a9220ff3b88b5de5c6038c357dcd1c8a36c2a1f201e2293e484e8,False,diffpir,noise,0,1,4,0.03,0.03,0,0.25,5.29127086677,0.0230717931289,0.960191369057,0.411290019751,0.411290019751,0,reconstructions/d4edbcc97ec00f079508e13004cf8c0e01806e2a1c89e0eb93c0e8df45158196/diffpir-noise-0.0-1-4.pt
d4edbcc97ec00f079508e13004cf8c0e01806e2a1c89e0eb93c0e8df45158196,3edb09d41378dfae155626fe72b75a2c4bde6a58,cff553233941e75169564d196f318bbdd728713e0809f049f5ada55d92b57e1e,7e25783c0a7c26e9b9f205121679098986989cb4fa109a54923972afe75d60ce,ac6168d8c51a9220ff3b88b5de5c6038c357dcd1c8a36c2a1f201e2293e484e8,False,pigdm,noise,0,1,4,0.03,0.03,0,0.25,21.9161177545,0.681963203088,0.0703595355153,0.0506491214037,0.0506491214037,0,reconstructions/d4edbcc97ec00f079508e13004cf8c0e01806e2a1c89e0eb93c0e8df45158196/pigdm-noise-0.0-1-4.pt
d4edbcc97ec00f079508e13004cf8c0e01806e2a1c89e0eb93c0e8df45158196,3edb09d41378dfae155626fe72b75a2c4bde6a58,cff553233941e75169564d196f318bbdd728713e0809f049f5ada55d92b57e1e,7e25783c0a7c26e9b9f205121679098986989cb4fa109a54923972afe75d60ce,ac6168d8c51a9220ff3b88b5de5c6038c357dcd1c8a36c2a1f201e2293e484e8,False,zero_filled,noise,0,1,5,0.03,0.03,0,0.25,21.2541554907,0.619175223835,0.340990126133,0.0337036922574,0.0337036922574,0,reconstructions/d4edbcc97ec00f079508e13004cf8c0e01806e2a1c89e0eb93c0e8df45158196/zero_filled-noise-0.0-1-5.pt
d4edbcc97ec00f079508e13004cf8c0e01806e2a1c89e0eb93c0e8df45158196,3edb09d41378dfae155626fe72b75a2c4bde6a58,cff553233941e75169564d196f318bbdd728713e0809f049f5ada55d92b57e1e,7e25783c0a7c26e9b9f205121679098986989cb4fa109a54923972afe75d60ce,ac6168d8c51a9220ff3b88b5de5c6038c357dcd1c8a36c2a1f201e2293e484e8,False,tv,noise,0,1,5,0.03,0.03,0,0.25,21.7323703056,0.587475404773,0.245025902987,0.0397246666253,0.0397246666253,0,reconstructions/d4edbcc97ec00f079508e13004cf8c0e01806e2a1c89e0eb93c0e8df45158196/tv-noise-0.0-1-5.pt
d4edbcc97ec00f079508e13004cf8c0e01806e2a1c89e0eb93c0e8df45158196,3edb09d41378dfae155626fe72b75a2c4bde6a58,cff553233941e75169564d196f318bbdd728713e0809f049f5ada55d92b57e1e,7e25783c0a7c26e9b9f205121679098986989cb4fa109a54923972afe75d60ce,ac6168d8c51a9220ff3b88b5de5c6038c357dcd1c8a36c2a1f201e2293e484e8,False,dps,noise,0,1,5,0.03,0.03,0,0.25,8.46733652948,0.0624271652371,0.456103175879,0.515387356281,0.515387356281,0,reconstructions/d4edbcc97ec00f079508e13004cf8c0e01806e2a1c89e0eb93c0e8df45158196/dps-noise-0.0-1-5.pt
d4edbcc97ec00f079508e13004cf8c0e01806e2a1c89e0eb93c0e8df45158196,3edb09d41378dfae155626fe72b75a2c4bde6a58,cff553233941e75169564d196f318bbdd728713e0809f049f5ada55d92b57e1e,7e25783c0a7c26e9b9f205121679098986989cb4fa109a54923972afe75d60ce,ac6168d8c51a9220ff3b88b5de5c6038c357dcd1c8a36c2a1f201e2293e484e8,False,diffpir,noise,0,1,5,0.03,0.03,0,0.25,5.52455110545,0.00581600415999,0.866603314877,0.339689999819,0.339689999819,0,reconstructions/d4edbcc97ec00f079508e13004cf8c0e01806e2a1c89e0eb93c0e8df45158196/diffpir-noise-0.0-1-5.pt
d4edbcc97ec00f079508e13004cf8c0e01806e2a1c89e0eb93c0e8df45158196,3edb09d41378dfae155626fe72b75a2c4bde6a58,cff553233941e75169564d196f318bbdd728713e0809f049f5ada55d92b57e1e,7e25783c0a7c26e9b9f205121679098986989cb4fa109a54923972afe75d60ce,ac6168d8c51a9220ff3b88b5de5c6038c357dcd1c8a36c2a1f201e2293e484e8,False,pigdm,noise,0,1,5,0.03,0.03,0,0.25,20.0796892094,0.493915451699,0.125915393233,0.0486916936934,0.0486916936934,0,reconstructions/d4edbcc97ec00f079508e13004cf8c0e01806e2a1c89e0eb93c0e8df45158196/pigdm-noise-0.0-1-5.pt
d4edbcc97ec00f079508e13004cf8c0e01806e2a1c89e0eb93c0e8df45158196,3edb09d41378dfae155626fe72b75a2c4bde6a58,cff553233941e75169564d196f318bbdd728713e0809f049f5ada55d92b57e1e,7e25783c0a7c26e9b9f205121679098986989cb4fa109a54923972afe75d60ce,ac6168d8c51a9220ff3b88b5de5c6038c357dcd1c8a36c2a1f201e2293e484e8,False,zero_filled,noise,0,1,6,0.03,0.03,0,0.25,17.8726890634,0.490872731334,0.277838408947,0.0856487005949,0.0856487005949,0,reconstructions/d4edbcc97ec00f079508e13004cf8c0e01806e2a1c89e0eb93c0e8df45158196/zero_filled-noise-0.0-1-6.pt
d4edbcc97ec00f079508e13004cf8c0e01806e2a1c89e0eb93c0e8df45158196,3edb09d41378dfae155626fe72b75a2c4bde6a58,cff553233941e75169564d196f318bbdd728713e0809f049f5ada55d92b57e1e,7e25783c0a7c26e9b9f205121679098986989cb4fa109a54923972afe75d60ce,ac6168d8c51a9220ff3b88b5de5c6038c357dcd1c8a36c2a1f201e2293e484e8,False,tv,noise,0,1,6,0.03,0.03,0,0.25,21.6924840194,0.738317133668,0.0691543072462,0.0617213658988,0.0617213658988,0,reconstructions/d4edbcc97ec00f079508e13004cf8c0e01806e2a1c89e0eb93c0e8df45158196/tv-noise-0.0-1-6.pt
d4edbcc97ec00f079508e13004cf8c0e01806e2a1c89e0eb93c0e8df45158196,3edb09d41378dfae155626fe72b75a2c4bde6a58,cff553233941e75169564d196f318bbdd728713e0809f049f5ada55d92b57e1e,7e25783c0a7c26e9b9f205121679098986989cb4fa109a54923972afe75d60ce,ac6168d8c51a9220ff3b88b5de5c6038c357dcd1c8a36c2a1f201e2293e484e8,False,dps,noise,0,1,6,0.03,0.03,0,0.25,5.75103506549,-0.0280616068875,0.471248924732,1.23349559307,1.23349559307,0,reconstructions/d4edbcc97ec00f079508e13004cf8c0e01806e2a1c89e0eb93c0e8df45158196/dps-noise-0.0-1-6.pt
d4edbcc97ec00f079508e13004cf8c0e01806e2a1c89e0eb93c0e8df45158196,3edb09d41378dfae155626fe72b75a2c4bde6a58,cff553233941e75169564d196f318bbdd728713e0809f049f5ada55d92b57e1e,7e25783c0a7c26e9b9f205121679098986989cb4fa109a54923972afe75d60ce,ac6168d8c51a9220ff3b88b5de5c6038c357dcd1c8a36c2a1f201e2293e484e8,False,diffpir,noise,0,1,6,0.03,0.03,0,0.25,4.43845591612,0.00893579095114,0.933672964573,0.89417475462,0.89417475462,0,reconstructions/d4edbcc97ec00f079508e13004cf8c0e01806e2a1c89e0eb93c0e8df45158196/diffpir-noise-0.0-1-6.pt
d4edbcc97ec00f079508e13004cf8c0e01806e2a1c89e0eb93c0e8df45158196,3edb09d41378dfae155626fe72b75a2c4bde6a58,cff553233941e75169564d196f318bbdd728713e0809f049f5ada55d92b57e1e,7e25783c0a7c26e9b9f205121679098986989cb4fa109a54923972afe75d60ce,ac6168d8c51a9220ff3b88b5de5c6038c357dcd1c8a36c2a1f201e2293e484e8,False,pigdm,noise,0,1,6,0.03,0.03,0,0.25,17.9092308468,0.487810552429,0.103308364749,0.148584350944,0.148584350944,0,reconstructions/d4edbcc97ec00f079508e13004cf8c0e01806e2a1c89e0eb93c0e8df45158196/pigdm-noise-0.0-1-6.pt
d4edbcc97ec00f079508e13004cf8c0e01806e2a1c89e0eb93c0e8df45158196,3edb09d41378dfae155626fe72b75a2c4bde6a58,cff553233941e75169564d196f318bbdd728713e0809f049f5ada55d92b57e1e,7e25783c0a7c26e9b9f205121679098986989cb4fa109a54923972afe75d60ce,ac6168d8c51a9220ff3b88b5de5c6038c357dcd1c8a36c2a1f201e2293e484e8,False,zero_filled,noise,0,1,7,0.03,0.03,0,0.25,20.1585913938,0.59013865812,0.227954864502,0.066825017333,0.066825017333,0,reconstructions/d4edbcc97ec00f079508e13004cf8c0e01806e2a1c89e0eb93c0e8df45158196/zero_filled-noise-0.0-1-7.pt
d4edbcc97ec00f079508e13004cf8c0e01806e2a1c89e0eb93c0e8df45158196,3edb09d41378dfae155626fe72b75a2c4bde6a58,cff553233941e75169564d196f318bbdd728713e0809f049f5ada55d92b57e1e,7e25783c0a7c26e9b9f205121679098986989cb4fa109a54923972afe75d60ce,ac6168d8c51a9220ff3b88b5de5c6038c357dcd1c8a36c2a1f201e2293e484e8,False,tv,noise,0,1,7,0.03,0.03,0,0.25,23.7665318715,0.772506456193,0.0709505975246,0.0525614023209,0.0525614023209,0,reconstructions/d4edbcc97ec00f079508e13004cf8c0e01806e2a1c89e0eb93c0e8df45158196/tv-noise-0.0-1-7.pt
d4edbcc97ec00f079508e13004cf8c0e01806e2a1c89e0eb93c0e8df45158196,3edb09d41378dfae155626fe72b75a2c4bde6a58,cff553233941e75169564d196f318bbdd728713e0809f049f5ada55d92b57e1e,7e25783c0a7c26e9b9f205121679098986989cb4fa109a54923972afe75d60ce,ac6168d8c51a9220ff3b88b5de5c6038c357dcd1c8a36c2a1f201e2293e484e8,False,dps,noise,0,1,7,0.03,0.03,0,0.25,4.94097181774,0.0086788788766,0.449072420597,1.28597438335,1.28597438335,0,reconstructions/d4edbcc97ec00f079508e13004cf8c0e01806e2a1c89e0eb93c0e8df45158196/dps-noise-0.0-1-7.pt
d4edbcc97ec00f079508e13004cf8c0e01806e2a1c89e0eb93c0e8df45158196,3edb09d41378dfae155626fe72b75a2c4bde6a58,cff553233941e75169564d196f318bbdd728713e0809f049f5ada55d92b57e1e,7e25783c0a7c26e9b9f205121679098986989cb4fa109a54923972afe75d60ce,ac6168d8c51a9220ff3b88b5de5c6038c357dcd1c8a36c2a1f201e2293e484e8,False,diffpir,noise,0,1,7,0.03,0.03,0,0.25,4.69601335283,-0.00142598444606,0.915986299515,0.760432898998,0.760432898998,0,reconstructions/d4edbcc97ec00f079508e13004cf8c0e01806e2a1c89e0eb93c0e8df45158196/diffpir-noise-0.0-1-7.pt
d4edbcc97ec00f079508e13004cf8c0e01806e2a1c89e0eb93c0e8df45158196,3edb09d41378dfae155626fe72b75a2c4bde6a58,cff553233941e75169564d196f318bbdd728713e0809f049f5ada55d92b57e1e,7e25783c0a7c26e9b9f205121679098986989cb4fa109a54923972afe75d60ce,ac6168d8c51a9220ff3b88b5de5c6038c357dcd1c8a36c2a1f201e2293e484e8,False,pigdm,noise,0,1,7,0.03,0.03,0,0.25,14.4881376559,0.432177980753,0.286548763514,0.367417067289,0.367417067289,0,reconstructions/d4edbcc97ec00f079508e13004cf8c0e01806e2a1c89e0eb93c0e8df45158196/pigdm-noise-0.0-1-7.pt
d4edbcc97ec00f079508e13004cf8c0e01806e2a1c89e0eb93c0e8df45158196,3edb09d41378dfae155626fe72b75a2c4bde6a58,cff553233941e75169564d196f318bbdd728713e0809f049f5ada55d92b57e1e,7e25783c0a7c26e9b9f205121679098986989cb4fa109a54923972afe75d60ce,ac6168d8c51a9220ff3b88b5de5c6038c357dcd1c8a36c2a1f201e2293e484e8,False,zero_filled,noise,0,2,0,0.03,0.03,0,0.25,21.8298625337,0.60077281683,0.326059550047,0.0329605676234,0.0329605676234,0,reconstructions/d4edbcc97ec00f079508e13004cf8c0e01806e2a1c89e0eb93c0e8df45158196/zero_filled-noise-0.0-2-0.pt
d4edbcc97ec00f079508e13004cf8c0e01806e2a1c89e0eb93c0e8df45158196,3edb09d41378dfae155626fe72b75a2c4bde6a58,cff553233941e75169564d196f318bbdd728713e0809f049f5ada55d92b57e1e,7e25783c0a7c26e9b9f205121679098986989cb4fa109a54923972afe75d60ce,ac6168d8c51a9220ff3b88b5de5c6038c357dcd1c8a36c2a1f201e2293e484e8,False,tv,noise,0,2,0,0.03,0.03,0,0.25,22.7166304714,0.616398392161,0.140605896711,0.0359233804047,0.0359233804047,0,reconstructions/d4edbcc97ec00f079508e13004cf8c0e01806e2a1c89e0eb93c0e8df45158196/tv-noise-0.0-2-0.pt
d4edbcc97ec00f079508e13004cf8c0e01806e2a1c89e0eb93c0e8df45158196,3edb09d41378dfae155626fe72b75a2c4bde6a58,cff553233941e75169564d196f318bbdd728713e0809f049f5ada55d92b57e1e,7e25783c0a7c26e9b9f205121679098986989cb4fa109a54923972afe75d60ce,ac6168d8c51a9220ff3b88b5de5c6038c357dcd1c8a36c2a1f201e2293e484e8,False,dps,noise,0,2,0,0.03,0.03,0,0.25,10.1902226352,0.0603574707974,0.298761934042,0.459459006786,0.459459006786,0,reconstructions/d4edbcc97ec00f079508e13004cf8c0e01806e2a1c89e0eb93c0e8df45158196/dps-noise-0.0-2-0.pt
d4edbcc97ec00f079508e13004cf8c0e01806e2a1c89e0eb93c0e8df45158196,3edb09d41378dfae155626fe72b75a2c4bde6a58,cff553233941e75169564d196f318bbdd728713e0809f049f5ada55d92b57e1e,7e25783c0a7c26e9b9f205121679098986989cb4fa109a54923972afe75d60ce,ac6168d8c51a9220ff3b88b5de5c6038c357dcd1c8a36c2a1f201e2293e484e8,False,diffpir,noise,0,2,0,0.03,0.03,0,0.25,5.8767541955,0.018935876771,0.946575760841,0.30015206337,0.30015206337,0,reconstructions/d4edbcc97ec00f079508e13004cf8c0e01806e2a1c89e0eb93c0e8df45158196/diffpir-noise-0.0-2-0.pt
d4edbcc97ec00f079508e13004cf8c0e01806e2a1c89e0eb93c0e8df45158196,3edb09d41378dfae155626fe72b75a2c4bde6a58,cff553233941e75169564d196f318bbdd728713e0809f049f5ada55d92b57e1e,7e25783c0a7c26e9b9f205121679098986989cb4fa109a54923972afe75d60ce,ac6168d8c51a9220ff3b88b5de5c6038c357dcd1c8a36c2a1f201e2293e484e8,False,pigdm,noise,0,2,0,0.03,0.03,0,0.25,21.1362061412,0.530947947265,0.180492594838,0.04511237517,0.04511237517,0,reconstructions/d4edbcc97ec00f079508e13004cf8c0e01806e2a1c89e0eb93c0e8df45158196/pigdm-noise-0.0-2-0.pt
d4edbcc97ec00f079508e13004cf8c0e01806e2a1c89e0eb93c0e8df45158196,3edb09d41378dfae155626fe72b75a2c4bde6a58,cff553233941e75169564d196f318bbdd728713e0809f049f5ada55d92b57e1e,7e25783c0a7c26e9b9f205121679098986989cb4fa109a54923972afe75d60ce,ac6168d8c51a9220ff3b88b5de5c6038c357dcd1c8a36c2a1f201e2293e484e8,False,zero_filled,noise,0,2,1,0.03,0.03,0,0.25,24.2105694551,0.634836728437,0.462086170912,0.0369234457612,0.0369234457612,0,reconstructions/d4edbcc97ec00f079508e13004cf8c0e01806e2a1c89e0eb93c0e8df45158196/zero_filled-noise-0.0-2-1.pt
d4edbcc97ec00f079508e13004cf8c0e01806e2a1c89e0eb93c0e8df45158196,3edb09d41378dfae155626fe72b75a2c4bde6a58,cff553233941e75169564d196f318bbdd728713e0809f049f5ada55d92b57e1e,7e25783c0a7c26e9b9f205121679098986989cb4fa109a54923972afe75d60ce,ac6168d8c51a9220ff3b88b5de5c6038c357dcd1c8a36c2a1f201e2293e484e8,False,tv,noise,0,2,1,0.03,0.03,0,0.25,24.7543161277,0.567223908896,0.324154853821,0.0494943112135,0.0494943112135,0,reconstructions/d4edbcc97ec00f079508e13004cf8c0e01806e2a1c89e0eb93c0e8df45158196/tv-noise-0.0-2-1.pt
d4edbcc97ec00f079508e13004cf8c0e01806e2a1c89e0eb93c0e8df45158196,3edb09d41378dfae155626fe72b75a2c4bde6a58,cff553233941e75169564d196f318bbdd728713e0809f049f5ada55d92b57e1e,7e25783c0a7c26e9b9f205121679098986989cb4fa109a54923972afe75d60ce,ac6168d8c51a9220ff3b88b5de5c6038c357dcd1c8a36c2a1f201e2293e484e8,False,dps,noise,0,2,1,0.03,0.03,0,0.25,12.8053901056,0.20756943228,0.527325689793,0.441699564457,0.441699564457,0,reconstructions/d4edbcc97ec00f079508e13004cf8c0e01806e2a1c89e0eb93c0e8df45158196/dps-noise-0.0-2-1.pt
d4edbcc97ec00f079508e13004cf8c0e01806e2a1c89e0eb93c0e8df45158196,3edb09d41378dfae155626fe72b75a2c4bde6a58,cff553233941e75169564d196f318bbdd728713e0809f049f5ada55d92b57e1e,7e25783c0a7c26e9b9f205121679098986989cb4fa109a54923972afe75d60ce,ac6168d8c51a9220ff3b88b5de5c6038c357dcd1c8a36c2a1f201e2293e484e8,False,diffpir,noise,0,2,1,0.03,0.03,0,0.25,6.17646944476,0.00551626697213,0.742893278599,0.304048418999,0.304048418999,0,reconstructions/d4edbcc97ec00f079508e13004cf8c0e01806e2a1c89e0eb93c0e8df45158196/diffpir-noise-0.0-2-1.pt
d4edbcc97ec00f079508e13004cf8c0e01806e2a1c89e0eb93c0e8df45158196,3edb09d41378dfae155626fe72b75a2c4bde6a58,cff553233941e75169564d196f318bbdd728713e0809f049f5ada55d92b57e1e,7e25783c0a7c26e9b9f205121679098986989cb4fa109a54923972afe75d60ce,ac6168d8c51a9220ff3b88b5de5c6038c357dcd1c8a36c2a1f201e2293e484e8,False,pigdm,noise,0,2,1,0.03,0.03,0,0.25,23.7767783124,0.502570672593,0.334489107132,0.0644263401628,0.0644263401628,0,reconstructions/d4edbcc97ec00f079508e13004cf8c0e01806e2a1c89e0eb93c0e8df45158196/pigdm-noise-0.0-2-1.pt
d4edbcc97ec00f079508e13004cf8c0e01806e2a1c89e0eb93c0e8df45158196,3edb09d41378dfae155626fe72b75a2c4bde6a58,cff553233941e75169564d196f318bbdd728713e0809f049f5ada55d92b57e1e,7e25783c0a7c26e9b9f205121679098986989cb4fa109a54923972afe75d60ce,ac6168d8c51a9220ff3b88b5de5c6038c357dcd1c8a36c2a1f201e2293e484e8,False,zero_filled,noise,0,2,2,0.03,0.03,0,0.25,18.7143117557,0.525541992618,0.233247518539,0.06166113168,0.06166113168,0,reconstructions/d4edbcc97ec00f079508e13004cf8c0e01806e2a1c89e0eb93c0e8df45158196/zero_filled-noise-0.0-2-2.pt
d4edbcc97ec00f079508e13004cf8c0e01806e2a1c89e0eb93c0e8df45158196,3edb09d41378dfae155626fe72b75a2c4bde6a58,cff553233941e75169564d196f318bbdd728713e0809f049f5ada55d92b57e1e,7e25783c0a7c26e9b9f205121679098986989cb4fa109a54923972afe75d60ce,ac6168d8c51a9220ff3b88b5de5c6038c357dcd1c8a36c2a1f201e2293e484e8,False,tv,noise,0,2,2,0.03,0.03,0,0.25,20.917966341,0.743202564489,0.0820845738053,0.0531469583511,0.0531469583511,0,reconstructions/d4edbcc97ec00f079508e13004cf8c0e01806e2a1c89e0eb93c0e8df45158196/tv-noise-0.0-2-2.pt
d4edbcc97ec00f079508e13004cf8c0e01806e2a1c89e0eb93c0e8df45158196,3edb09d41378dfae155626fe72b75a2c4bde6a58,cff553233941e75169564d196f318bbdd728713e0809f049f5ada55d92b57e1e,7e25783c0a7c26e9b9f205121679098986989cb4fa109a54923972afe75d60ce,ac6168d8c51a9220ff3b88b5de5c6038c357dcd1c8a36c2a1f201e2293e484e8,False,dps,noise,0,2,2,0.03,0.03,0,0.25,7.53449337571,0.0110434660818,0.421400487423,0.959511458874,0.959511458874,0,reconstructions/d4edbcc97ec00f079508e13004cf8c0e01806e2a1c89e0eb93c0e8df45158196/dps-noise-0.0-2-2.pt
d4edbcc97ec00f079508e13004cf8c0e01806e2a1c89e0eb93c0e8df45158196,3edb09d41378dfae155626fe72b75a2c4bde6a58,cff553233941e75169564d196f318bbdd728713e0809f049f5ada55d92b57e1e,7e25783c0a7c26e9b9f205121679098986989cb4fa109a54923972afe75d60ce,ac6168d8c51a9220ff3b88b5de5c6038c357dcd1c8a36c2a1f201e2293e484e8,False,diffpir,noise,0,2,2,0.03,0.03,0,0.25,4.35169799226,0.0131134213662,0.893552899361,0.879801750183,0.879801750183,0,reconstructions/d4edbcc97ec00f079508e13004cf8c0e01806e2a1c89e0eb93c0e8df45158196/diffpir-noise-0.0-2-2.pt
d4edbcc97ec00f079508e13004cf8c0e01806e2a1c89e0eb93c0e8df45158196,3edb09d41378dfae155626fe72b75a2c4bde6a58,cff553233941e75169564d196f318bbdd728713e0809f049f5ada55d92b57e1e,7e25783c0a7c26e9b9f205121679098986989cb4fa109a54923972afe75d60ce,ac6168d8c51a9220ff3b88b5de5c6038c357dcd1c8a36c2a1f201e2293e484e8,False,pigdm,noise,0,2,2,0.03,0.03,0,0.25,17.8689115612,0.514002980156,0.118028566241,0.152129799128,0.152129799128,0,reconstructions/d4edbcc97ec00f079508e13004cf8c0e01806e2a1c89e0eb93c0e8df45158196/pigdm-noise-0.0-2-2.pt
d4edbcc97ec00f079508e13004cf8c0e01806e2a1c89e0eb93c0e8df45158196,3edb09d41378dfae155626fe72b75a2c4bde6a58,cff553233941e75169564d196f318bbdd728713e0809f049f5ada55d92b57e1e,7e25783c0a7c26e9b9f205121679098986989cb4fa109a54923972afe75d60ce,ac6168d8c51a9220ff3b88b5de5c6038c357dcd1c8a36c2a1f201e2293e484e8,False,zero_filled,noise,0,2,3,0.03,0.03,0,0.25,21.1603020292,0.604664582454,0.273713558912,0.0390979163349,0.0390979163349,0,reconstructions/d4edbcc97ec00f079508e13004cf8c0e01806e2a1c89e0eb93c0e8df45158196/zero_filled-noise-0.0-2-3.pt
d4edbcc97ec00f079508e13004cf8c0e01806e2a1c89e0eb93c0e8df45158196,3edb09d41378dfae155626fe72b75a2c4bde6a58,cff553233941e75169564d196f318bbdd728713e0809f049f5ada55d92b57e1e,7e25783c0a7c26e9b9f205121679098986989cb4fa109a54923972afe75d60ce,ac6168d8c51a9220ff3b88b5de5c6038c357dcd1c8a36c2a1f201e2293e484e8,False,tv,noise,0,2,3,0.03,0.03,0,0.25,24.963654442,0.743954283787,0.184587821364,0.0362034477293,0.0362034477293,0,reconstructions/d4edbcc97ec00f079508e13004cf8c0e01806e2a1c89e0eb93c0e8df45158196/tv-noise-0.0-2-3.pt
d4edbcc97ec00f079508e13004cf8c0e01806e2a1c89e0eb93c0e8df45158196,3edb09d41378dfae155626fe72b75a2c4bde6a58,cff553233941e75169564d196f318bbdd728713e0809f049f5ada55d92b57e1e,7e25783c0a7c26e9b9f205121679098986989cb4fa109a54923972afe75d60ce,ac6168d8c51a9220ff3b88b5de5c6038c357dcd1c8a36c2a1f201e2293e484e8,False,dps,noise,0,2,3,0.03,0.03,0,0.25,9.65152720384,0.0839266997162,0.521593987942,0.500421345234,0.500421345234,0,reconstructions/d4edbcc97ec00f079508e13004cf8c0e01806e2a1c89e0eb93c0e8df45158196/dps-noise-0.0-2-3.pt
d4edbcc97ec00f079508e13004cf8c0e01806e2a1c89e0eb93c0e8df45158196,3edb09d41378dfae155626fe72b75a2c4bde6a58,cff553233941e75169564d196f318bbdd728713e0809f049f5ada55d92b57e1e,7e25783c0a7c26e9b9f205121679098986989cb4fa109a54923972afe75d60ce,ac6168d8c51a9220ff3b88b5de5c6038c357dcd1c8a36c2a1f201e2293e484e8,False,diffpir,noise,0,2,3,0.03,0.03,0,0.25,5.47030468301,8.32064075125e-05,0.950000047684,0.388712078333,0.388712078333,0,reconstructions/d4edbcc97ec00f079508e13004cf8c0e01806e2a1c89e0eb93c0e8df45158196/diffpir-noise-0.0-2-3.pt
d4edbcc97ec00f079508e13004cf8c0e01806e2a1c89e0eb93c0e8df45158196,3edb09d41378dfae155626fe72b75a2c4bde6a58,cff553233941e75169564d196f318bbdd728713e0809f049f5ada55d92b57e1e,7e25783c0a7c26e9b9f205121679098986989cb4fa109a54923972afe75d60ce,ac6168d8c51a9220ff3b88b5de5c6038c357dcd1c8a36c2a1f201e2293e484e8,False,pigdm,noise,0,2,3,0.03,0.03,0,0.25,20.5968991652,0.592027609791,0.175754666328,0.0710210651159,0.0710210651159,0,reconstructions/d4edbcc97ec00f079508e13004cf8c0e01806e2a1c89e0eb93c0e8df45158196/pigdm-noise-0.0-2-3.pt
d4edbcc97ec00f079508e13004cf8c0e01806e2a1c89e0eb93c0e8df45158196,3edb09d41378dfae155626fe72b75a2c4bde6a58,cff553233941e75169564d196f318bbdd728713e0809f049f5ada55d92b57e1e,7e25783c0a7c26e9b9f205121679098986989cb4fa109a54923972afe75d60ce,ac6168d8c51a9220ff3b88b5de5c6038c357dcd1c8a36c2a1f201e2293e484e8,False,zero_filled,noise,0,2,4,0.03,0.03,0,0.25,20.7003226553,0.679424681806,0.245716720819,0.0351603776217,0.0351603776217,0,reconstructions/d4edbcc97ec00f079508e13004cf8c0e01806e2a1c89e0eb93c0e8df45158196/zero_filled-noise-0.0-2-4.pt
d4edbcc97ec00f079508e13004cf8c0e01806e2a1c89e0eb93c0e8df45158196,3edb09d41378dfae155626fe72b75a2c4bde6a58,cff553233941e75169564d196f318bbdd728713e0809f049f5ada55d92b57e1e,7e25783c0a7c26e9b9f205121679098986989cb4fa109a54923972afe75d60ce,ac6168d8c51a9220ff3b88b5de5c6038c357dcd1c8a36c2a1f201e2293e484e8,False,tv,noise,0,2,4,0.03,0.03,0,0.25,21.2828826491,0.687230546455,0.118066184223,0.0310385953635,0.0310385953635,0,reconstructions/d4edbcc97ec00f079508e13004cf8c0e01806e2a1c89e0eb93c0e8df45158196/tv-noise-0.0-2-4.pt
d4edbcc97ec00f079508e13004cf8c0e01806e2a1c89e0eb93c0e8df45158196,3edb09d41378dfae155626fe72b75a2c4bde6a58,cff553233941e75169564d196f318bbdd728713e0809f049f5ada55d92b57e1e,7e25783c0a7c26e9b9f205121679098986989cb4fa109a54923972afe75d60ce,ac6168d8c51a9220ff3b88b5de5c6038c357dcd1c8a36c2a1f201e2293e484e8,False,dps,noise,0,2,4,0.03,0.03,0,0.25,9.36030152897,0.00969095146608,0.235714510083,0.482028186321,0.482028186321,0,reconstructions/d4edbcc97ec00f079508e13004cf8c0e01806e2a1c89e0eb93c0e8df45158196/dps-noise-0.0-2-4.pt
d4edbcc97ec00f079508e13004cf8c0e01806e2a1c89e0eb93c0e8df45158196,3edb09d41378dfae155626fe72b75a2c4bde6a58,cff553233941e75169564d196f318bbdd728713e0809f049f5ada55d92b57e1e,7e25783c0a7c26e9b9f205121679098986989cb4fa109a54923972afe75d60ce,ac6168d8c51a9220ff3b88b5de5c6038c357dcd1c8a36c2a1f201e2293e484e8,False,diffpir,noise,0,2,4,0.03,0.03,0,0.25,5.16398142907,0.00555591624298,0.969438612461,0.429327577353,0.429327577353,0,reconstructions/d4edbcc97ec00f079508e13004cf8c0e01806e2a1c89e0eb93c0e8df45158196/diffpir-noise-0.0-2-4.pt
d4edbcc97ec00f079508e13004cf8c0e01806e2a1c89e0eb93c0e8df45158196,3edb09d41378dfae155626fe72b75a2c4bde6a58,cff553233941e75169564d196f318bbdd728713e0809f049f5ada55d92b57e1e,7e25783c0a7c26e9b9f205121679098986989cb4fa109a54923972afe75d60ce,ac6168d8c51a9220ff3b88b5de5c6038c357dcd1c8a36c2a1f201e2293e484e8,False,pigdm,noise,0,2,4,0.03,0.03,0,0.25,20.0372062965,0.536765187941,0.0823401361704,0.0598162002861,0.0598162002861,0,reconstructions/d4edbcc97ec00f079508e13004cf8c0e01806e2a1c89e0eb93c0e8df45158196/pigdm-noise-0.0-2-4.pt
d4edbcc97ec00f079508e13004cf8c0e01806e2a1c89e0eb93c0e8df45158196,3edb09d41378dfae155626fe72b75a2c4bde6a58,cff553233941e75169564d196f318bbdd728713e0809f049f5ada55d92b57e1e,7e25783c0a7c26e9b9f205121679098986989cb4fa109a54923972afe75d60ce,ac6168d8c51a9220ff3b88b5de5c6038c357dcd1c8a36c2a1f201e2293e484e8,False,zero_filled,noise,0,2,5,0.03,0.03,0,0.25,20.8113719132,0.571709318222,0.387613683939,0.0292580276728,0.0292580276728,0,reconstructions/d4edbcc97ec00f079508e13004cf8c0e01806e2a1c89e0eb93c0e8df45158196/zero_filled-noise-0.0-2-5.pt
d4edbcc97ec00f079508e13004cf8c0e01806e2a1c89e0eb93c0e8df45158196,3edb09d41378dfae155626fe72b75a2c4bde6a58,cff553233941e75169564d196f318bbdd728713e0809f049f5ada55d92b57e1e,7e25783c0a7c26e9b9f205121679098986989cb4fa109a54923972afe75d60ce,ac6168d8c51a9220ff3b88b5de5c6038c357dcd1c8a36c2a1f201e2293e484e8,False,tv,noise,0,2,5,0.03,0.03,0,0.25,21.0574902946,0.525748910931,0.297163039446,0.0376150719821,0.0376150719821,0,reconstructions/d4edbcc97ec00f079508e13004cf8c0e01806e2a1c89e0eb93c0e8df45158196/tv-noise-0.0-2-5.pt
d4edbcc97ec00f079508e13004cf8c0e01806e2a1c89e0eb93c0e8df45158196,3edb09d41378dfae155626fe72b75a2c4bde6a58,cff553233941e75169564d196f318bbdd728713e0809f049f5ada55d92b57e1e,7e25783c0a7c26e9b9f205121679098986989cb4fa109a54923972afe75d60ce,ac6168d8c51a9220ff3b88b5de5c6038c357dcd1c8a36c2a1f201e2293e484e8,False,dps,noise,0,2,5,0.03,0.03,0,0.25,9.90573111476,0.0822950739015,0.572895467281,0.434425801039,0.434425801039,0,reconstructions/d4edbcc97ec00f079508e13004cf8c0e01806e2a1c89e0eb93c0e8df45158196/dps-noise-0.0-2-5.pt
d4edbcc97ec00f079508e13004cf8c0e01806e2a1c89e0eb93c0e8df45158196,3edb09d41378dfae155626fe72b75a2c4bde6a58,cff553233941e75169564d196f318bbdd728713e0809f049f5ada55d92b57e1e,7e25783c0a7c26e9b9f205121679098986989cb4fa109a54923972afe75d60ce,ac6168d8c51a9220ff3b88b5de5c6038c357dcd1c8a36c2a1f201e2293e484e8,False,diffpir,noise,0,2,5,0.03,0.03,0,0.25,5.53163762281,0.0167038592039,0.879894375801,0.350313603878,0.350313603878,0,reconstructions/d4edbcc97ec00f079508e13004cf8c0e01806e2a1c89e0eb93c0e8df45158196/diffpir-noise-0.0-2-5.pt
d4edbcc97ec00f079508e13004cf8c0e01806e2a1c89e0eb93c0e8df45158196,3edb09d41378dfae155626fe72b75a2c4bde6a58,cff553233941e75169564d196f318bbdd728713e0809f049f5ada55d92b57e1e,7e25783c0a7c26e9b9f205121679098986989cb4fa109a54923972afe75d60ce,ac6168d8c51a9220ff3b88b5de5c6038c357dcd1c8a36c2a1f201e2293e484e8,False,pigdm,noise,0,2,5,0.03,0.03,0,0.25,19.9102632367,0.426970227619,0.246322512627,0.0551804192364,0.0551804192364,0,reconstructions/d4edbcc97ec00f079508e13004cf8c0e01806e2a1c89e0eb93c0e8df45158196/pigdm-noise-0.0-2-5.pt
d4edbcc97ec00f079508e13004cf8c0e01806e2a1c89e0eb93c0e8df45158196,3edb09d41378dfae155626fe72b75a2c4bde6a58,cff553233941e75169564d196f318bbdd728713e0809f049f5ada55d92b57e1e,7e25783c0a7c26e9b9f205121679098986989cb4fa109a54923972afe75d60ce,ac6168d8c51a9220ff3b88b5de5c6038c357dcd1c8a36c2a1f201e2293e484e8,False,zero_filled,noise,0,2,6,0.03,0.03,0,0.25,17.4110531404,0.463116294433,0.308595597744,0.0706667006016,0.0706667006016,0,reconstructions/d4edbcc97ec00f079508e13004cf8c0e01806e2a1c89e0eb93c0e8df45158196/zero_filled-noise-0.0-2-6.pt
d4edbcc97ec00f079508e13004cf8c0e01806e2a1c89e0eb93c0e8df45158196,3edb09d41378dfae155626fe72b75a2c4bde6a58,cff553233941e75169564d196f318bbdd728713e0809f049f5ada55d92b57e1e,7e25783c0a7c26e9b9f205121679098986989cb4fa109a54923972afe75d60ce,ac6168d8c51a9220ff3b88b5de5c6038c357dcd1c8a36c2a1f201e2293e484e8,False,tv,noise,0,2,6,0.03,0.03,0,0.25,19.3874136448,0.640342209525,0.128141716123,0.058437589556,0.058437589556,0,reconstructions/d4edbcc97ec00f079508e13004cf8c0e01806e2a1c89e0eb93c0e8df45158196/tv-noise-0.0-2-6.pt
d4edbcc97ec00f079508e13004cf8c0e01806e2a1c89e0eb93c0e8df45158196,3edb09d41378dfae155626fe72b75a2c4bde6a58,cff553233941e75169564d196f318bbdd728713e0809f049f5ada55d92b57e1e,7e25783c0a7c26e9b9f205121679098986989cb4fa109a54923972afe75d60ce,ac6168d8c51a9220ff3b88b5de5c6038c357dcd1c8a36c2a1f201e2293e484e8,False,dps,noise,0,2,6,0.03,0.03,0,0.25,4.31349582837,-0.00880553245253,0.522746086121,1.49915874004,1.49915874004,0,reconstructions/d4edbcc97ec00f079508e13004cf8c0e01806e2a1c89e0eb93c0e8df45158196/dps-noise-0.0-2-6.pt
d4edbcc97ec00f079508e13004cf8c0e01806e2a1c89e0eb93c0e8df45158196,3edb09d41378dfae155626fe72b75a2c4bde6a58,cff553233941e75169564d196f318bbdd728713e0809f049f5ada55d92b57e1e,7e25783c0a7c26e9b9f205121679098986989cb4fa109a54923972afe75d60ce,ac6168d8c51a9220ff3b88b5de5c6038c357dcd1c8a36c2a1f201e2293e484e8,False,diffpir,noise,0,2,6,0.03,0.03,0,0.25,4.25744438725,-0.000684246765997,0.919730603695,0.915380477905,0.915380477905,0,reconstructions/d4edbcc97ec00f079508e13004cf8c0e01806e2a1c89e0eb93c0e8df45158196/diffpir-noise-0.0-2-6.pt
d4edbcc97ec00f079508e13004cf8c0e01806e2a1c89e0eb93c0e8df45158196,3edb09d41378dfae155626fe72b75a2c4bde6a58,cff553233941e75169564d196f318bbdd728713e0809f049f5ada55d92b57e1e,7e25783c0a7c26e9b9f205121679098986989cb4fa109a54923972afe75d60ce,ac6168d8c51a9220ff3b88b5de5c6038c357dcd1c8a36c2a1f201e2293e484e8,False,pigdm,noise,0,2,6,0.03,0.03,0,0.25,17.9061580423,0.483618432531,0.133353322744,0.142504200339,0.142504200339,0,reconstructions/d4edbcc97ec00f079508e13004cf8c0e01806e2a1c89e0eb93c0e8df45158196/pigdm-noise-0.0-2-6.pt
d4edbcc97ec00f079508e13004cf8c0e01806e2a1c89e0eb93c0e8df45158196,3edb09d41378dfae155626fe72b75a2c4bde6a58,cff553233941e75169564d196f318bbdd728713e0809f049f5ada55d92b57e1e,7e25783c0a7c26e9b9f205121679098986989cb4fa109a54923972afe75d60ce,ac6168d8c51a9220ff3b88b5de5c6038c357dcd1c8a36c2a1f201e2293e484e8,False,zero_filled,noise,0,2,7,0.03,0.03,0,0.25,19.7354151376,0.581614220498,0.258645892143,0.0593283846974,0.0593283846974,0,reconstructions/d4edbcc97ec00f079508e13004cf8c0e01806e2a1c89e0eb93c0e8df45158196/zero_filled-noise-0.0-2-7.pt
d4edbcc97ec00f079508e13004cf8c0e01806e2a1c89e0eb93c0e8df45158196,3edb09d41378dfae155626fe72b75a2c4bde6a58,cff553233941e75169564d196f318bbdd728713e0809f049f5ada55d92b57e1e,7e25783c0a7c26e9b9f205121679098986989cb4fa109a54923972afe75d60ce,ac6168d8c51a9220ff3b88b5de5c6038c357dcd1c8a36c2a1f201e2293e484e8,False,tv,noise,0,2,7,0.03,0.03,0,0.25,21.4952576114,0.709253034676,0.100783064961,0.0511475540698,0.0511475540698,0,reconstructions/d4edbcc97ec00f079508e13004cf8c0e01806e2a1c89e0eb93c0e8df45158196/tv-noise-0.0-2-7.pt
d4edbcc97ec00f079508e13004cf8c0e01806e2a1c89e0eb93c0e8df45158196,3edb09d41378dfae155626fe72b75a2c4bde6a58,cff553233941e75169564d196f318bbdd728713e0809f049f5ada55d92b57e1e,7e25783c0a7c26e9b9f205121679098986989cb4fa109a54923972afe75d60ce,ac6168d8c51a9220ff3b88b5de5c6038c357dcd1c8a36c2a1f201e2293e484e8,False,dps,noise,0,2,7,0.03,0.03,0,0.25,6.66588078567,0.0748312554231,0.577799916267,1.05281472206,1.05281472206,0,reconstructions/d4edbcc97ec00f079508e13004cf8c0e01806e2a1c89e0eb93c0e8df45158196/dps-noise-0.0-2-7.pt
d4edbcc97ec00f079508e13004cf8c0e01806e2a1c89e0eb93c0e8df45158196,3edb09d41378dfae155626fe72b75a2c4bde6a58,cff553233941e75169564d196f318bbdd728713e0809f049f5ada55d92b57e1e,7e25783c0a7c26e9b9f205121679098986989cb4fa109a54923972afe75d60ce,ac6168d8c51a9220ff3b88b5de5c6038c357dcd1c8a36c2a1f201e2293e484e8,False,diffpir,noise,0,2,7,0.03,0.03,0,0.25,4.6947134362,0.00279835624812,0.942409038544,0.765496075153,0.765496075153,0,reconstructions/d4edbcc97ec00f079508e13004cf8c0e01806e2a1c89e0eb93c0e8df45158196/diffpir-noise-0.0-2-7.pt
d4edbcc97ec00f079508e13004cf8c0e01806e2a1c89e0eb93c0e8df45158196,3edb09d41378dfae155626fe72b75a2c4bde6a58,cff553233941e75169564d196f318bbdd728713e0809f049f5ada55d92b57e1e,7e25783c0a7c26e9b9f205121679098986989cb4fa109a54923972afe75d60ce,ac6168d8c51a9220ff3b88b5de5c6038c357dcd1c8a36c2a1f201e2293e484e8,False,pigdm,noise,0,2,7,0.03,0.03,0,0.25,20.3782145382,0.540934409901,0.117045268416,0.122058846056,0.122058846056,0,reconstructions/d4edbcc97ec00f079508e13004cf8c0e01806e2a1c89e0eb93c0e8df45158196/pigdm-noise-0.0-2-7.pt
d4edbcc97ec00f079508e13004cf8c0e01806e2a1c89e0eb93c0e8df45158196,3edb09d41378dfae155626fe72b75a2c4bde6a58,cff553233941e75169564d196f318bbdd728713e0809f049f5ada55d92b57e1e,7e25783c0a7c26e9b9f205121679098986989cb4fa109a54923972afe75d60ce,ac6168d8c51a9220ff3b88b5de5c6038c357dcd1c8a36c2a1f201e2293e484e8,False,zero_filled,noise,1,0,0,0.03,0.0815484548538,0,0.25,22.6588457485,0.656826713866,0.224726304412,0.0395699553192,0.0395699553192,0,reconstructions/d4edbcc97ec00f079508e13004cf8c0e01806e2a1c89e0eb93c0e8df45158196/zero_filled-noise-1.0-0-0.pt
d4edbcc97ec00f079508e13004cf8c0e01806e2a1c89e0eb93c0e8df45158196,3edb09d41378dfae155626fe72b75a2c4bde6a58,cff553233941e75169564d196f318bbdd728713e0809f049f5ada55d92b57e1e,7e25783c0a7c26e9b9f205121679098986989cb4fa109a54923972afe75d60ce,ac6168d8c51a9220ff3b88b5de5c6038c357dcd1c8a36c2a1f201e2293e484e8,False,tv,noise,1,0,0,0.03,0.0815484548538,0,0.25,23.9930577641,0.700592967754,0.111344195902,0.0352379865944,0.0352379865944,0,reconstructions/d4edbcc97ec00f079508e13004cf8c0e01806e2a1c89e0eb93c0e8df45158196/tv-noise-1.0-0-0.pt
d4edbcc97ec00f079508e13004cf8c0e01806e2a1c89e0eb93c0e8df45158196,3edb09d41378dfae155626fe72b75a2c4bde6a58,cff553233941e75169564d196f318bbdd728713e0809f049f5ada55d92b57e1e,7e25783c0a7c26e9b9f205121679098986989cb4fa109a54923972afe75d60ce,ac6168d8c51a9220ff3b88b5de5c6038c357dcd1c8a36c2a1f201e2293e484e8,False,dps,noise,1,0,0,0.03,0.0815484548538,0,0.25,7.80993773737,0.0645864155882,0.385093271732,0.617158830166,0.617158830166,0,reconstructions/d4edbcc97ec00f079508e13004cf8c0e01806e2a1c89e0eb93c0e8df45158196/dps-noise-1.0-0-0.pt
d4edbcc97ec00f079508e13004cf8c0e01806e2a1c89e0eb93c0e8df45158196,3edb09d41378dfae155626fe72b75a2c4bde6a58,cff553233941e75169564d196f318bbdd728713e0809f049f5ada55d92b57e1e,7e25783c0a7c26e9b9f205121679098986989cb4fa109a54923972afe75d60ce,ac6168d8c51a9220ff3b88b5de5c6038c357dcd1c8a36c2a1f201e2293e484e8,False,diffpir,noise,1,0,0,0.03,0.0815484548538,0,0.25,6.44702884429,0.0259907283165,0.95434230566,0.246403023601,0.246403023601,0,reconstructions/d4edbcc97ec00f079508e13004cf8c0e01806e2a1c89e0eb93c0e8df45158196/diffpir-noise-1.0-0-0.pt
d4edbcc97ec00f079508e13004cf8c0e01806e2a1c89e0eb93c0e8df45158196,3edb09d41378dfae155626fe72b75a2c4bde6a58,cff553233941e75169564d196f318bbdd728713e0809f049f5ada55d92b57e1e,7e25783c0a7c26e9b9f205121679098986989cb4fa109a54923972afe75d60ce,ac6168d8c51a9220ff3b88b5de5c6038c357dcd1c8a36c2a1f201e2293e484e8,False,pigdm,noise,1,0,0,0.03,0.0815484548538,0,0.25,20.1305937261,0.490178421345,0.234454631805,0.102098122239,0.102098122239,0,reconstructions/d4edbcc97ec00f079508e13004cf8c0e01806e2a1c89e0eb93c0e8df45158196/pigdm-noise-1.0-0-0.pt
d4edbcc97ec00f079508e13004cf8c0e01806e2a1c89e0eb93c0e8df45158196,3edb09d41378dfae155626fe72b75a2c4bde6a58,cff553233941e75169564d196f318bbdd728713e0809f049f5ada55d92b57e1e,7e25783c0a7c26e9b9f205121679098986989cb4fa109a54923972afe75d60ce,ac6168d8c51a9220ff3b88b5de5c6038c357dcd1c8a36c2a1f201e2293e484e8,False,zero_filled,noise,1,0,1,0.03,0.0815484548538,0,0.25,25.0129313257,0.684842478213,0.489915013313,0.0423987694085,0.0423987694085,0,reconstructions/d4edbcc97ec00f079508e13004cf8c0e01806e2a1c89e0eb93c0e8df45158196/zero_filled-noise-1.0-0-1.pt
d4edbcc97ec00f079508e13004cf8c0e01806e2a1c89e0eb93c0e8df45158196,3edb09d41378dfae155626fe72b75a2c4bde6a58,cff553233941e75169564d196f318bbdd728713e0809f049f5ada55d92b57e1e,7e25783c0a7c26e9b9f205121679098986989cb4fa109a54923972afe75d60ce,ac6168d8c51a9220ff3b88b5de5c6038c357dcd1c8a36c2a1f201e2293e484e8,False,tv,noise,1,0,1,0.03,0.0815484548538,0,0.25,26.3332726662,0.653182526401,0.412327110767,0.0488629378378,0.0488629378378,0,reconstructions/d4edbcc97ec00f079508e13004cf8c0e01806e2a1c89e0eb93c0e8df45158196/tv-noise-1.0-0-1.pt
d4edbcc97ec00f079508e13004cf8c0e01806e2a1c89e0eb93c0e8df45158196,3edb09d41378dfae155626fe72b75a2c4bde6a58,cff553233941e75169564d196f318bbdd728713e0809f049f5ada55d92b57e1e,7e25783c0a7c26e9b9f205121679098986989cb4fa109a54923972afe75d60ce,ac6168d8c51a9220ff3b88b5de5c6038c357dcd1c8a36c2a1f201e2293e484e8,False,dps,noise,1,0,1,0.03,0.0815484548538,0,0.25,13.0257324903,0.108959325591,0.509145975113,0.415755957365,0.415755957365,0,reconstructions/d4edbcc97ec00f079508e13004cf8c0e01806e2a1c89e0eb93c0e8df45158196/dps-noise-1.0-0-1.pt
d4edbcc97ec00f079508e13004cf8c0e01806e2a1c89e0eb93c0e8df45158196,3edb09d41378dfae155626fe72b75a2c4bde6a58,cff553233941e75169564d196f318bbdd728713e0809f049f5ada55d92b57e1e,7e25783c0a7c26e9b9f205121679098986989cb4fa109a54923972afe75d60ce,ac6168d8c51a9220ff3b88b5de5c6038c357dcd1c8a36c2a1f201e2293e484e8,False,diffpir,noise,1,0,1,0.03,0.0815484548538,0,0.25,6.77716567389,0.0148256265048,0.761266231537,0.238103866577,0.238103866577,0,reconstructions/d4edbcc97ec00f079508e13004cf8c0e01806e2a1c89e0eb93c0e8df45158196/diffpir-noise-1.0-0-1.pt
d4edbcc97ec00f079508e13004cf8c0e01806e2a1c89e0eb93c0e8df45158196,3edb09d41378dfae155626fe72b75a2c4bde6a58,cff553233941e75169564d196f318bbdd728713e0809f049f5ada55d92b57e1e,7e25783c0a7c26e9b9f205121679098986989cb4fa109a54923972afe75d60ce,ac6168d8c51a9220ff3b88b5de5c6038c357dcd1c8a36c2a1f201e2293e484e8,False,pigdm,noise,1,0,1,0.03,0.0815484548538,0,0.25,22.8890105949,0.408830206564,0.499944359064,0.0988731756806,0.0988731756806,0,reconstructions/d4edbcc97ec00f079508e13004cf8c0e01806e2a1c89e0eb93c0e8df45158196/pigdm-noise-1.0-0-1.pt
d4edbcc97ec00f079508e13004cf8c0e01806e2a1c89e0eb93c0e8df45158196,3edb09d41378dfae155626fe72b75a2c4bde6a58,cff553233941e75169564d196f318bbdd728713e0809f049f5ada55d92b57e1e,7e25783c0a7c26e9b9f205121679098986989cb4fa109a54923972afe75d60ce,ac6168d8c51a9220ff3b88b5de5c6038c357dcd1c8a36c2a1f201e2293e484e8,False,zero_filled,noise,1,0,2,0.03,0.0815484548538,0,0.25,19.7140299136,0.564251840883,0.209074571729,0.0821735113859,0.0821735113859,0,reconstructions/d4edbcc97ec00f079508e13004cf8c0e01806e2a1c89e0eb93c0e8df45158196/zero_filled-noise-1.0-0-2.pt
d4edbcc97ec00f079508e13004cf8c0e01806e2a1c89e0eb93c0e8df45158196,3edb09d41378dfae155626fe72b75a2c4bde6a58,cff553233941e75169564d196f318bbdd728713e0809f049f5ada55d92b57e1e,7e25783c0a7c26e9b9f205121679098986989cb4fa109a54923972afe75d60ce,ac6168d8c51a9220ff3b88b5de5c6038c357dcd1c8a36c2a1f201e2293e484e8,False,tv,noise,1,0,2,0.03,0.0815484548538,0,0.25,23.3861487909,0.847903183694,0.0454960241914,0.0539273731411,0.0539273731411,0,reconstructions/d4edbcc97ec00f079508e13004cf8c0e01806e2a1c89e0eb93c0e8df45158196/tv-noise-1.0-0-2.pt
d4edbcc97ec00f079508e13004cf8c0e01806e2a1c89e0eb93c0e8df45158196,3edb09d41378dfae155626fe72b75a2c4bde6a58,cff553233941e75169564d196f318bbdd728713e0809f049f5ada55d92b57e1e,7e25783c0a7c26e9b9f205121679098986989cb4fa109a54923972afe75d60ce,ac6168d8c51a9220ff3b88b5de5c6038c357dcd1c8a36c2a1f201e2293e484e8,False,dps,noise,1,0,2,0.03,0.0815484548538,0,0.25,11.3987603717,0.185226759458,0.151028990746,0.561881065369,0.561881065369,0,reconstructions/d4edbcc97ec00f079508e13004cf8c0e01806e2a1c89e0eb93c0e8df45158196/dps-noise-1.0-0-2.pt
d4edbcc97ec00f079508e13004cf8c0e01806e2a1c89e0eb93c0e8df45158196,3edb09d41378dfae155626fe72b75a2c4bde6a58,cff553233941e75169564d196f318bbdd728713e0809f049f5ada55d92b57e1e,7e25783c0a7c26e9b9f205121679098986989cb4fa109a54923972afe75d60ce,ac6168d8c51a9220ff3b88b5de5c6038c357dcd1c8a36c2a1f201e2293e484e8,False,diffpir,noise,1,0,2,0.03,0.0815484548538,0,0.25,4.89545261339,0.0247904367997,0.921891927719,0.779536962509,0.779536962509,0,reconstructions/d4edbcc97ec00f079508e13004cf8c0e01806e2a1c89e0eb93c0e8df45158196/diffpir-noise-1.0-0-2.pt
d4edbcc97ec00f079508e13004cf8c0e01806e2a1c89e0eb93c0e8df45158196,3edb09d41378dfae155626fe72b75a2c4bde6a58,cff553233941e75169564d196f318bbdd728713e0809f049f5ada55d92b57e1e,7e25783c0a7c26e9b9f205121679098986989cb4fa109a54923972afe75d60ce,ac6168d8c51a9220ff3b88b5de5c6038c357dcd1c8a36c2a1f201e2293e484e8,False,pigdm,noise,1,0,2,0.03,0.0815484548538,0,0.25,16.2212967391,0.460831062814,0.190537169576,0.28845512867,0.28845512867,0,reconstructions/d4edbcc97ec00f079508e13004cf8c0e01806e2a1c89e0eb93c0e8df45158196/pigdm-noise-1.0-0-2.pt
d4edbcc97ec00f079508e13004cf8c0e01806e2a1c89e0eb93c0e8df45158196,3edb09d41378dfae155626fe72b75a2c4bde6a58,cff553233941e75169564d196f318bbdd728713e0809f049f5ada55d92b57e1e,7e25783c0a7c26e9b9f205121679098986989cb4fa109a54923972afe75d60ce,ac6168d8c51a9220ff3b88b5de5c6038c357dcd1c8a36c2a1f201e2293e484e8,False,zero_filled,noise,1,0,3,0.03,0.0815484548538,0,0.25,21.9416295764,0.599393559549,0.285628318787,0.0469795577228,0.0469795577228,0,reconstructions/d4edbcc97ec00f079508e13004cf8c0e01806e2a1c89e0eb93c0e8df45158196/zero_filled-noise-1.0-0-3.pt
d4edbcc97ec00f079508e13004cf8c0e01806e2a1c89e0eb93c0e8df45158196,3edb09d41378dfae155626fe72b75a2c4bde6a58,cff553233941e75169564d196f318bbdd728713e0809f049f5ada55d92b57e1e,7e25783c0a7c26e9b9f205121679098986989cb4fa109a54923972afe75d60ce,ac6168d8c51a9220ff3b88b5de5c6038c357dcd1c8a36c2a1f201e2293e484e8,False,tv,noise,1,0,3,0.03,0.0815484548538,0,0.25,27.067018885,0.7841298705,0.183015942574,0.0369923226535,0.0369923226535,0,reconstructions/d4edbcc97ec00f079508e13004cf8c0e01806e2a1c89e0eb93c0e8df45158196/tv-noise-1.0-0-3.pt
d4edbcc97ec00f079508e13004cf8c0e01806e2a1c89e0eb93c0e8df45158196,3edb09d41378dfae155626fe72b75a2c4bde6a58,cff553233941e75169564d196f318bbdd728713e0809f049f5ada55d92b57e1e,7e25783c0a7c26e9b9f205121679098986989cb4fa109a54923972afe75d60ce,ac6168d8c51a9220ff3b88b5de5c6038c357dcd1c8a36c2a1f201e2293e484e8,False,dps,noise,1,0,3,0.03,0.0815484548538,0,0.25,5.5623117989,0.0365989035796,0.593524515629,0.840676605701,0.840676605701,0,reconstructions/d4edbcc97ec00f079508e13004cf8c0e01806e2a1c89e0eb93c0e8df45158196/dps-noise-1.0-0-3.pt
d4edbcc97ec00f079508e13004cf8c0e01806e2a1c89e0eb93c0e8df45158196,3edb09d41378dfae155626fe72b75a2c4bde6a58,cff553233941e75169564d196f318bbdd728713e0809f049f5ada55d92b57e1e,7e25783c0a7c26e9b9f205121679098986989cb4fa109a54923972afe75d60ce,ac6168d8c51a9220ff3b88b5de5c6038c357dcd1c8a36c2a1f201e2293e484e8,False,diffpir,noise,1,0,3,0.03,0.0815484548538,0,0.25,5.98248312634,0.0086572335885,0.997479081154,0.325469017029,0.325469017029,0,reconstructions/d4edbcc97ec00f079508e13004cf8c0e01806e2a1c89e0eb93c0e8df45158196/diffpir-noise-1.0-0-3.pt
d4edbcc97ec00f079508e13004cf8c0e01806e2a1c89e0eb93c0e8df45158196,3edb09d41378dfae155626fe72b75a2c4bde6a58,cff553233941e75169564d196f318bbdd728713e0809f049f5ada55d92b57e1e,7e25783c0a7c26e9b9f205121679098986989cb4fa109a54923972afe75d60ce,ac6168d8c51a9220ff3b88b5de5c6038c357dcd1c8a36c2a1f201e2293e484e8,False,pigdm,noise,1,0,3,0.03,0.0815484548538,0,0.25,20.6912909899,0.526123405143,0.163677364588,0.0948673859239,0.0948673859239,0,reconstructions/d4edbcc97ec00f079508e13004cf8c0e01806e2a1c89e0eb93c0e8df45158196/pigdm-noise-1.0-0-3.pt
d4edbcc97ec00f079508e13004cf8c0e01806e2a1c89e0eb93c0e8df45158196,3edb09d41378dfae155626fe72b75a2c4bde6a58,cff553233941e75169564d196f318bbdd728713e0809f049f5ada55d92b57e1e,7e25783c0a7c26e9b9f205121679098986989cb4fa109a54923972afe75d60ce,ac6168d8c51a9220ff3b88b5de5c6038c357dcd1c8a36c2a1f201e2293e484e8,False,zero_filled,noise,1,0,4,0.03,0.0815484548538,0,0.25,21.6368899123,0.720942373847,0.167351126671,0.0440724603832,0.0440724603832,0,reconstructions/d4edbcc97ec00f079508e13004cf8c0e01806e2a1c89e0eb93c0e8df45158196/zero_filled-noise-1.0-0-4.pt
d4edbcc97ec00f079508e13004cf8c0e01806e2a1c89e0eb93c0e8df45158196,3edb09d41378dfae155626fe72b75a2c4bde6a58,cff553233941e75169564d196f318bbdd728713e0809f049f5ada55d92b57e1e,7e25783c0a7c26e9b9f205121679098986989cb4fa109a54923972afe75d60ce,ac6168d8c51a9220ff3b88b5de5c6038c357dcd1c8a36c2a1f201e2293e484e8,False,tv,noise,1,0,4,0.03,0.0815484548538,0,0.25,24.2004617694,0.789078127274,0.0813751146197,0.0327188670635,0.0327188670635,0,reconstructions/d4edbcc97ec00f079508e13004cf8c0e01806e2a1c89e0eb93c0e8df45158196/tv-noise-1.0-0-4.pt
d4edbcc97ec00f079508e13004cf8c0e01806e2a1c89e0eb93c0e8df45158196,3edb09d41378dfae155626fe72b75a2c4bde6a58,cff553233941e75169564d196f318bbdd728713e0809f049f5ada55d92b57e1e,7e25783c0a7c26e9b9f205121679098986989cb4fa109a54923972afe75d60ce,ac6168d8c51a9220ff3b88b5de5c6038c357dcd1c8a36c2a1f201e2293e484e8,False,dps,noise,1,0,4,0.03,0.0815484548538,0,0.25,10.9549632134,0.11180096879,0.217266917229,0.405591785908,0.405591785908,0,reconstructions/d4edbcc97ec00f079508e13004cf8c0e01806e2a1c89e0eb93c0e8df45158196/dps-noise-1.0-0-4.pt
d4edbcc97ec00f079508e13004cf8c0e01806e2a1c89e0eb93c0e8df45158196,3edb09d41378dfae155626fe72b75a2c4bde6a58,cff553233941e75169564d196f318bbdd728713e0809f049f5ada55d92b57e1e,7e25783c0a7c26e9b9f205121679098986989cb4fa109a54923972afe75d60ce,ac6168d8c51a9220ff3b88b5de5c6038c357dcd1c8a36c2a1f201e2293e484e8,False,diffpir,noise,1,0,4,0.03,0.0815484548538,0,0.25,5.75177106343,0.0347850101681,0.950652003288,0.372669994831,0.372669994831,0,reconstructions/d4edbcc97ec00f079508e13004cf8c0e01806e2a1c89e0eb93c0e8df45158196/diffpir-noise-1.0-0-4.pt
d4edbcc97ec00f079508e13004cf8c0e01806e2a1c89e0eb93c0e8df45158196,3edb09d41378dfae155626fe72b75a2c4bde6a58,cff553233941e75169564d196f318bbdd728713e0809f049f5ada55d92b57e1e,7e25783c0a7c26e9b9f205121679098986989cb4fa109a54923972afe75d60ce,ac6168d8c51a9220ff3b88b5de5c6038c357dcd1c8a36c2a1f201e2293e484e8,False,pigdm,noise,1,0,4,0.03,0.0815484548538,0,0.25,21.7651728543,0.659557040634,0.0865583270788,0.0805246755481,0.0805246755481,0,reconstructions/d4edbcc97ec00f079508e13004cf8c0e01806e2a1c89e0eb93c0e8df45158196/pigdm-noise-1.0-0-4.pt
d4edbcc97ec00f079508e13004cf8c0e01806e2a1c89e0eb93c0e8df45158196,3edb09d41378dfae155626fe72b75a2c4bde6a58,cff553233941e75169564d196f318bbdd728713e0809f049f5ada55d92b57e1e,7e25783c0a7c26e9b9f205121679098986989cb4fa109a54923972afe75d60ce,ac6168d8c51a9220ff3b88b5de5c6038c357dcd1c8a36c2a1f201e2293e484e8,False,zero_filled,noise,1,0,5,0.03,0.0815484548538,0,0.25,22.001199642,0.642262153106,0.365350067616,0.0400173664093,0.0400173664093,0,reconstructions/d4edbcc97ec00f079508e13004cf8c0e01806e2a1c89e0eb93c0e8df45158196/zero_filled-noise-1.0-0-5.pt
d4edbcc97ec00f079508e13004cf8c0e01806e2a1c89e0eb93c0e8df45158196,3edb09d41378dfae155626fe72b75a2c4bde6a58,cff553233941e75169564d196f318bbdd728713e0809f049f5ada55d92b57e1e,7e25783c0a7c26e9b9f205121679098986989cb4fa109a54923972afe75d60ce,ac6168d8c51a9220ff3b88b5de5c6038c357dcd1c8a36c2a1f201e2293e484e8,False,tv,noise,1,0,5,0.03,0.0815484548538,0,0.25,23.0841255457,0.634394964779,0.210670739412,0.0374664403498,0.0374664403498,0,reconstructions/d4edbcc97ec00f079508e13004cf8c0e01806e2a1c89e0eb93c0e8df45158196/tv-noise-1.0-0-5.pt
d4edbcc97ec00f079508e13004cf8c0e01806e2a1c89e0eb93c0e8df45158196,3edb09d41378dfae155626fe72b75a2c4bde6a58,cff553233941e75169564d196f318bbdd728713e0809f049f5ada55d92b57e1e,7e25783c0a7c26e9b9f205121679098986989cb4fa109a54923972afe75d60ce,ac6168d8c51a9220ff3b88b5de5c6038c357dcd1c8a36c2a1f201e2293e484e8,False,dps,noise,1,0,5,0.03,0.0815484548538,0,0.25,9.72978140185,0.0818735080597,0.656715035439,0.462106645107,0.462106645107,0,reconstructions/d4edbcc97ec00f079508e13004cf8c0e01806e2a1c89e0eb93c0e8df45158196/dps-noise-1.0-0-5.pt
d4edbcc97ec00f079508e13004cf8c0e01806e2a1c89e0eb93c0e8df45158196,3edb09d41378dfae155626fe72b75a2c4bde6a58,cff553233941e75169564d196f318bbdd728713e0809f049f5ada55d92b57e1e,7e25783c0a7c26e9b9f205121679098986989cb4fa109a54923972afe75d60ce,ac6168d8c51a9220ff3b88b5de5c6038c357dcd1c8a36c2a1f201e2293e484e8,False,diffpir,noise,1,0,5,0.03,0.0815484548538,0,0.25,6.06621584614,0.0266136931323,0.85377407074,0.294680446386,0.294680446386,0,reconstructions/d4edbcc97ec00f079508e13004cf8c0e01806e2a1c89e0eb93c0e8df45158196/diffpir-noise-1.0-0-5.pt
d4edbcc97ec00f079508e13004cf8c0e01806e2a1c89e0eb93c0e8df45158196,3edb09d41378dfae155626fe72b75a2c4bde6a58,cff553233941e75169564d196f318bbdd728713e0809f049f5ada55d92b57e1e,7e25783c0a7c26e9b9f205121679098986989cb4fa109a54923972afe75d60ce,ac6168d8c51a9220ff3b88b5de5c6038c357dcd1c8a36c2a1f201e2293e484e8,False,pigdm,noise,1,0,5,0.03,0.0815484548538,0,0.25,20.1942742522,0.401852697941,0.288353145123,0.087379604578,0.087379604578,0,reconstructions/d4edbcc97ec00f079508e13004cf8c0e01806e2a1c89e0eb93c0e8df45158196/pigdm-noise-1.0-0-5.pt
d4edbcc97ec00f079508e13004cf8c0e01806e2a1c89e0eb93c0e8df45158196,3edb09d41378dfae155626fe72b75a2c4bde6a58,cff553233941e75169564d196f318bbdd728713e0809f049f5ada55d92b57e1e,7e25783c0a7c26e9b9f205121679098986989cb4fa109a54923972afe75d60ce,ac6168d8c51a9220ff3b88b5de5c6038c357dcd1c8a36c2a1f201e2293e484e8,False,zero_filled,noise,1,0,6,0.03,0.0815484548538,0,0.25,18.072035998,0.509170001742,0.274148732424,0.0898019596934,0.0898019596934,0,reconstructions/d4edbcc97ec00f079508e13004cf8c0e01806e2a1c89e0eb93c0e8df45158196/zero_filled-noise-1.0-0-6.pt
d4edbcc97ec00f079508e13004cf8c0e01806e2a1c89e0eb93c0e8df45158196,3edb09d41378dfae155626fe72b75a2c4bde6a58,cff553233941e75169564d196f318bbdd728713e0809f049f5ada55d92b57e1e,7e25783c0a7c26e9b9f205121679098986989cb4fa109a54923972afe75d60ce,ac6168d8c51a9220ff3b88b5de5c6038c357dcd1c8a36c2a1f201e2293e484e8,False,tv,noise,1,0,6,0.03,0.0815484548538,0,0.25,21.8314079802,0.745148188356,0.066240593791,0.0577669888735,0.0577669888735,0,reconstructions/d4edbcc97ec00f079508e13004cf8c0e01806e2a1c89e0eb93c0e8df45158196/tv-noise-1.0-0-6.pt
d4edbcc97ec00f079508e13004cf8c0e01806e2a1c89e0eb93c0e8df45158196,3edb09d41378dfae155626fe72b75a2c4bde6a58,cff553233941e75169564d196f318bbdd728713e0809f049f5ada55d92b57e1e,7e25783c0a7c26e9b9f205121679098986989cb4fa109a54923972afe75d60ce,ac6168d8c51a9220ff3b88b5de5c6038c357dcd1c8a36c2a1f201e2293e484e8,False,dps,noise,1,0,6,0.03,0.0815484548538,0,0.25,8.37522144199,0.00896532953977,0.53497838974,0.89525860548,0.89525860548,0,reconstructions/d4edbcc97ec00f079508e13004cf8c0e01806e2a1c89e0eb93c0e8df45158196/dps-noise-1.0-0-6.pt
d4edbcc97ec00f079508e13004cf8c0e01806e2a1c89e0eb93c0e8df45158196,3edb09d41378dfae155626fe72b75a2c4bde6a58,cff553233941e75169564d196f318bbdd728713e0809f049f5ada55d92b57e1e,7e25783c0a7c26e9b9f205121679098986989cb4fa109a54923972afe75d60ce,ac6168d8c51a9220ff3b88b5de5c6038c357dcd1c8a36c2a1f201e2293e484e8,False,diffpir,noise,1,0,6,0.03,0.0815484548538,0,0.25,4.75842960519,0.0152447131419,0.856305062771,0.819588243961,0.819588243961,0,reconstructions/d4edbcc97ec00f079508e13004cf8c0e01806e2a1c89e0eb93c0e8df45158196/diffpir-noise-1.0-0-6.pt
d4edbcc97ec00f079508e13004cf8c0e01806e2a1c89e0eb93c0e8df45158196,3edb09d41378dfae155626fe72b75a2c4bde6a58,cff553233941e75169564d196f318bbdd728713e0809f049f5ada55d92b57e1e,7e25783c0a7c26e9b9f205121679098986989cb4fa109a54923972afe75d60ce,ac6168d8c51a9220ff3b88b5de5c6038c357dcd1c8a36c2a1f201e2293e484e8,False,pigdm,noise,1,0,6,0.03,0.0815484548538,0,0.25,15.6914412835,0.411874534144,0.172377824783,0.311006993055,0.311006993055,0,reconstructions/d4edbcc97ec00f079508e13004cf8c0e01806e2a1c89e0eb93c0e8df45158196/pigdm-noise-1.0-0-6.pt
d4edbcc97ec00f079508e13004cf8c0e01806e2a1c89e0eb93c0e8df45158196,3edb09d41378dfae155626fe72b75a2c4bde6a58,cff553233941e75169564d196f318bbdd728713e0809f049f5ada55d92b57e1e,7e25783c0a7c26e9b9f205121679098986989cb4fa109a54923972afe75d60ce,ac6168d8c51a9220ff3b88b5de5c6038c357dcd1c8a36c2a1f201e2293e484e8,False,zero_filled,noise,1,0,7,0.03,0.0815484548538,0,0.25,20.5633420154,0.58555962536,0.206613197923,0.0729525312781,0.0729525312781,0,reconstructions/d4edbcc97ec00f079508e13004cf8c0e01806e2a1c89e0eb93c0e8df45158196/zero_filled-noise-1.0-0-7.pt
d4edbcc97ec00f079508e13004cf8c0e01806e2a1c89e0eb93c0e8df45158196,3edb09d41378dfae155626fe72b75a2c4bde6a58,cff553233941e75169564d196f318bbdd728713e0809f049f5ada55d92b57e1e,7e25783c0a7c26e9b9f205121679098986989cb4fa109a54923972afe75d60ce,ac6168d8c51a9220ff3b88b5de5c6038c357dcd1c8a36c2a1f201e2293e484e8,False,tv,noise,1,0,7,0.03,0.0815484548538,0,0.25,24.3813865241,0.81616764701,0.0538613274693,0.0517907813191,0.0517907813191,0,reconstructions/d4edbcc97ec00f079508e13004cf8c0e01806e2a1c89e0eb93c0e8df45158196/tv-noise-1.0-0-7.pt
d4edbcc97ec00f079508e13004cf8c0e01806e2a1c89e0eb93c0e8df45158196,3edb09d41378dfae155626fe72b75a2c4bde6a58,cff553233941e75169564d196f318bbdd728713e0809f049f5ada55d92b57e1e,7e25783c0a7c26e9b9f205121679098986989cb4fa109a54923972afe75d60ce,ac6168d8c51a9220ff3b88b5de5c6038c357dcd1c8a36c2a1f201e2293e484e8,False,dps,noise,1,0,7,0.03,0.0815484548538,0,0.25,6.77408753391,-0.0387825443046,0.379332631826,1.00326883793,1.00326883793,0,reconstructions/d4edbcc97ec00f079508e13004cf8c0e01806e2a1c89e0eb93c0e8df45158196/dps-noise-1.0-0-7.pt
d4edbcc97ec00f079508e13004cf8c0e01806e2a1c89e0eb93c0e8df45158196,3edb09d41378dfae155626fe72b75a2c4bde6a58,cff553233941e75169564d196f318bbdd728713e0809f049f5ada55d92b57e1e,7e25783c0a7c26e9b9f205121679098986989cb4fa109a54923972afe75d60ce,ac6168d8c51a9220ff3b88b5de5c6038c357dcd1c8a36c2a1f201e2293e484e8,False,diffpir,noise,1,0,7,0.03,0.0815484548538,0,0.25,5.11836146742,0.0138428600279,0.943957805634,0.701765358448,0.701765358448,0,reconstructions/d4edbcc97ec00f079508e13004cf8c0e01806e2a1c89e0eb93c0e8df45158196/diffpir-noise-1.0-0-7.pt
d4edbcc97ec00f079508e13004cf8c0e01806e2a1c89e0eb93c0e8df45158196,3edb09d41378dfae155626fe72b75a2c4bde6a58,cff553233941e75169564d196f318bbdd728713e0809f049f5ada55d92b57e1e,7e25783c0a7c26e9b9f205121679098986989cb4fa109a54923972afe75d60ce,ac6168d8c51a9220ff3b88b5de5c6038c357dcd1c8a36c2a1f201e2293e484e8,False,pigdm,noise,1,0,7,0.03,0.0815484548538,0,0.25,18.1169867101,0.442180851002,0.169644936919,0.214503154159,0.214503154159,0,reconstructions/d4edbcc97ec00f079508e13004cf8c0e01806e2a1c89e0eb93c0e8df45158196/pigdm-noise-1.0-0-7.pt
d4edbcc97ec00f079508e13004cf8c0e01806e2a1c89e0eb93c0e8df45158196,3edb09d41378dfae155626fe72b75a2c4bde6a58,cff553233941e75169564d196f318bbdd728713e0809f049f5ada55d92b57e1e,7e25783c0a7c26e9b9f205121679098986989cb4fa109a54923972afe75d60ce,ac6168d8c51a9220ff3b88b5de5c6038c357dcd1c8a36c2a1f201e2293e484e8,False,zero_filled,noise,1,1,0,0.03,0.0815484548538,0,0.25,22.2046624824,0.63262735649,0.28461125493,0.036162558943,0.036162558943,0,reconstructions/d4edbcc97ec00f079508e13004cf8c0e01806e2a1c89e0eb93c0e8df45158196/zero_filled-noise-1.0-1-0.pt
d4edbcc97ec00f079508e13004cf8c0e01806e2a1c89e0eb93c0e8df45158196,3edb09d41378dfae155626fe72b75a2c4bde6a58,cff553233941e75169564d196f318bbdd728713e0809f049f5ada55d92b57e1e,7e25783c0a7c26e9b9f205121679098986989cb4fa109a54923972afe75d60ce,ac6168d8c51a9220ff3b88b5de5c6038c357dcd1c8a36c2a1f201e2293e484e8,False,tv,noise,1,1,0,0.03,0.0815484548538,0,0.25,23.7228868583,0.67237846201,0.118301518261,0.0363738834858,0.0363738834858,0,reconstructions/d4edbcc97ec00f079508e13004cf8c0e01806e2a1c89e0eb93c0e8df45158196/tv-noise-1.0-1-0.pt
d4edbcc97ec00f079508e13004cf8c0e01806e2a1c89e0eb93c0e8df45158196,3edb09d41378dfae155626fe72b75a2c4bde6a58,cff553233941e75169564d196f318bbdd728713e0809f049f5ada55d92b57e1e,7e25783c0a7c26e9b9f205121679098986989cb4fa109a54923972afe75d60ce,ac6168d8c51a9220ff3b88b5de5c6038c357dcd1c8a36c2a1f201e2293e484e8,False,dps,noise,1,1,0,0.03,0.0815484548538,0,0.25,10.2190752859,0.113151392289,0.340085685253,0.46885073185,0.46885073185,0,reconstructions/d4edbcc97ec00f079508e13004cf8c0e01806e2a1c89e0eb93c0e8df45158196/dps-noise-1.0-1-0.pt
d4edbcc97ec00f079508e13004cf8c0e01806e2a1c89e0eb93c0e8df45158196,3edb09d41378dfae155626fe72b75a2c4bde6a58,cff553233941e75169564d196f318bbdd728713e0809f049f5ada55d92b57e1e,7e25783c0a7c26e9b9f205121679098986989cb4fa109a54923972afe75d60ce,ac6168d8c51a9220ff3b88b5de5c6038c357dcd1c8a36c2a1f201e2293e484e8,False,diffpir,noise,1,1,0,0.03,0.0815484548538,0,0.25,6.41729118769,0.0196794020031,0.906989276409,0.241428434849,0.241428434849,0,reconstructions/d4edbcc97ec00f079508e13004cf8c0e01806e2a1c89e0eb93c0e8df45158196/diffpir-noise-1.0-1-0.pt
d4edbcc97ec00f079508e13004cf8c0e01806e2a1c89e0eb93c0e8df45158196,3edb09d41378dfae155626fe72b75a2c4bde6a58,cff553233941e75169564d196f318bbdd728713e0809f049f5ada55d92b57e1e,7e25783c0a7c26e9b9f205121679098986989cb4fa109a54923972afe75d60ce,ac6168d8c51a9220ff3b88b5de5c6038c357dcd1c8a36c2a1f201e2293e484e8,False,pigdm,noise,1,1,0,0.03,0.0815484548538,0,0.25,20.2248830538,0.439186181339,0.166563376784,0.0907133594155,0.0907133594155,0,reconstructions/d4edbcc97ec00f079508e13004cf8c0e01806e2a1c89e0eb93c0e8df45158196/pigdm-noise-1.0-1-0.pt
d4edbcc97ec00f079508e13004cf8c0e01806e2a1c89e0eb93c0e8df45158196,3edb09d41378dfae155626fe72b75a2c4bde6a58,cff553233941e75169564d196f318bbdd728713e0809f049f5ada55d92b57e1e,7e25783c0a7c26e9b9f205121679098986989cb4fa109a54923972afe75d60ce,ac6168d8c51a9220ff3b88b5de5c6038c357dcd1c8a36c2a1f201e2293e484e8,False,zero_filled,noise,1,1,1,0.03,0.0815484548538,0,0.25,24.7355750564,0.678192674721,0.417637109756,0.0395005047321,0.0395005047321,0,reconstructions/d4edbcc97ec00f079508e13004cf8c0e01806e2a1c89e0eb93c0e8df45158196/zero_filled-noise-1.0-1-1.pt
d4edbcc97ec00f079508e13004cf8c0e01806e2a1c89e0eb93c0e8df45158196,3edb09d41378dfae155626fe72b75a2c4bde6a58,cff553233941e75169564d196f318bbdd728713e0809f049f5ada55d92b57e1e,7e25783c0a7c26e9b9f205121679098986989cb4fa109a54923972afe75d60ce,ac6168d8c51a9220ff3b88b5de5c6038c357dcd1c8a36c2a1f201e2293e484e8,False,tv,noise,1,1,1,0.03,0.0815484548538,0,0.25,25.9807354937,0.633378917092,0.316274940968,0.0502718649805,0.0502718649805,0,reconstructions/d4edbcc97ec00f079508e13004cf8c0e01806e2a1c89e0eb93c0e8df45158196/tv-noise-1.0-1-1.pt
d4edbcc97ec00f079508e13004cf8c0e01806e2a1c89e0eb93c0e8df45158196,3edb09d41378dfae155626fe72b75a2c4bde6a58,cff553233941e75169564d196f318bbdd728713e0809f049f5ada55d92b57e1e,7e25783c0a7c26e9b9f205121679098986989cb4fa109a54923972afe75d60ce,ac6168d8c51a9220ff3b88b5de5c6038c357dcd1c8a36c2a1f201e2293e484e8,False,dps,noise,1,1,1,0.03,0.0815484548538,0,0.25,8.34246340709,0.0286202599698,0.584222972393,0.748759567738,0.748759567738,0,reconstructions/d4edbcc97ec00f079508e13004cf8c0e01806e2a1c89e0eb93c0e8df45158196/dps-noise-1.0-1-1.pt
d4edbcc97ec00f079508e13004cf8c0e01806e2a1c89e0eb93c0e8df45158196,3edb09d41378dfae155626fe72b75a2c4bde6a58,cff553233941e75169564d196f318bbdd728713e0809f049f5ada55d92b57e1e,7e25783c0a7c26e9b9f205121679098986989cb4fa109a54923972afe75d60ce,ac6168d8c51a9220ff3b88b5de5c6038c357dcd1c8a36c2a1f201e2293e484e8,False,diffpir,noise,1,1,1,0.03,0.0815484548538,0,0.25,6.83779892569,0.0215469150527,0.723450183868,0.233348101377,0.233348101377,0,reconstructions/d4edbcc97ec00f079508e13004cf8c0e01806e2a1c89e0eb93c0e8df45158196/diffpir-noise-1.0-1-1.pt
d4edbcc97ec00f079508e13004cf8c0e01806e2a1c89e0eb93c0e8df45158196,3edb09d41378dfae155626fe72b75a2c4bde6a58,cff553233941e75169564d196f318bbdd728713e0809f049f5ada55d92b57e1e,7e25783c0a7c26e9b9f205121679098986989cb4fa109a54923972afe75d60ce,ac6168d8c51a9220ff3b88b5de5c6038c357dcd1c8a36c2a1f201e2293e484e8,False,pigdm,noise,1,1,1,0.03,0.0815484548538,0,0.25,22.3500075553,0.429306923726,0.311635971069,0.0960450917482,0.0960450917482,0,reconstructions/d4edbcc97ec00f079508e13004cf8c0e01806e2a1c89e0eb93c0e8df45158196/pigdm-noise-1.0-1-1.pt
d4edbcc97ec00f079508e13004cf8c0e01806e2a1c89e0eb93c0e8df45158196,3edb09d41378dfae155626fe72b75a2c4bde6a58,cff553233941e75169564d196f318bbdd728713e0809f049f5ada55d92b57e1e,7e25783c0a7c26e9b9f205121679098986989cb4fa109a54923972afe75d60ce,ac6168d8c51a9220ff3b88b5de5c6038c357dcd1c8a36c2a1f201e2293e484e8,False,zero_filled,noise,1,1,2,0.03,0.0815484548538,0,0.25,19.0949875008,0.545044295258,0.227540493011,0.0716555118561,0.0716555118561,0,reconstructions/d4edbcc97ec00f079508e13004cf8c0e01806e2a1c89e0eb93c0e8df45158196/zero_filled-noise-1.0-1-2.pt
d4edbcc97ec00f079508e13004cf8c0e01806e2a1c89e0eb93c0e8df45158196,3edb09d41378dfae155626fe72b75a2c4bde6a58,cff553233941e75169564d196f318bbdd728713e0809f049f5ada55d92b57e1e,7e25783c0a7c26e9b9f205121679098986989cb4fa109a54923972afe75d60ce,ac6168d8c51a9220ff3b88b5de5c6038c357dcd1c8a36c2a1f201e2293e484e8,False,tv,noise,1,1,2,0.03,0.0815484548538,0,0.25,22.2851196043,0.791705732184,0.057649448514,0.0557870790362,0.0557870790362,0,reconstructions/d4edbcc97ec00f079508e13004cf8c0e01806e2a1c89e0eb93c0e8df45158196/tv-noise-1.0-1-2.pt
d4edbcc97ec00f079508e13004cf8c0e01806e2a1c89e0eb93c0e8df45158196,3edb09d41378dfae155626fe72b75a2c4bde6a58,cff553233941e75169564d196f318bbdd728713e0809f049f5ada55d92b57e1e,7e25783c0a7c26e9b9f205121679098986989cb4fa109a54923972afe75d60ce,ac6168d8c51a9220ff3b88b5de5c6038c357dcd1c8a36c2a1f201e2293e484e8,False,dps,noise,1,1,2,0.03,0.0815484548538,0,0.25,9.44527058403,0.0638372536497,0.284519582987,0.741458714008,0.741458714008,0,reconstructions/d4edbcc97ec00f079508e13004cf8c0e01806e2a1c89e0eb93c0e8df45158196/dps-noise-1.0-1-2.pt
d4edbcc97ec00f079508e13004cf8c0e01806e2a1c89e0eb93c0e8df45158196,3edb09d41378dfae155626fe72b75a2c4bde6a58,cff553233941e75169564d196f318bbdd728713e0809f049f5ada55d92b57e1e,7e25783c0a7c26e9b9f205121679098986989cb4fa109a54923972afe75d60ce,ac6168d8c51a9220ff3b88b5de5c6038c357dcd1c8a36c2a1f201e2293e484e8,False,diffpir,noise,1,1,2,0.03,0.0815484548538,0,0.25,4.97002880382,0.0305564666084,0.840575039387,0.765594244003,0.765594244003,0,reconstructions/d4edbcc97ec00f079508e13004cf8c0e01806e2a1c89e0eb93c0e8df45158196/diffpir-noise-1.0-1-2.pt
d4edbcc97ec00f079508e13004cf8c0e01806e2a1c89e0eb93c0e8df45158196,3edb09d41378dfae155626fe72b75a2c4bde6a58,cff553233941e75169564d196f318bbdd728713e0809f049f5ada55d92b57e1e,7e25783c0a7c26e9b9f205121679098986989cb4fa109a54923972afe75d60ce,ac6168d8c51a9220ff3b88b5de5c6038c357dcd1c8a36c2a1f201e2293e484e8,False,pigdm,noise,1,1,2,0.03,0.0815484548538,0,0.25,16.6876116925,0.451366270114,0.129279151559,0.249488562346,0.249488562346,0,reconstructions/d4edbcc97ec00f079508e13004cf8c0e01806e2a1c89e0eb93c0e8df45158196/pigdm-noise-1.0-1-2.pt
d4edbcc97ec00f079508e13004cf8c0e01806e2a1c89e0eb93c0e8df45158196,3edb09d41378dfae155626fe72b75a2c4bde6a58,cff553233941e75169564d196f318bbdd728713e0809f049f5ada55d92b57e1e,7e25783c0a7c26e9b9f205121679098986989cb4fa109a54923972afe75d60ce,ac6168d8c51a9220ff3b88b5de5c6038c357dcd1c8a36c2a1f201e2293e484e8,False,zero_filled,noise,1,1,3,0.03,0.0815484548538,0,0.25,21.4834234263,0.608972967773,0.245045855641,0.042365334928,0.042365334928,0,reconstructions/d4edbcc97ec00f079508e13004cf8c0e01806e2a1c89e0eb93c0e8df45158196/zero_filled-noise-1.0-1-3.pt
d4edbcc97ec00f079508e13004cf8c0e01806e2a1c89e0eb93c0e8df45158196,3edb09d41378dfae155626fe72b75a2c4bde6a58,cff553233941e75169564d196f318bbdd728713e0809f049f5ada55d92b57e1e,7e25783c0a7c26e9b9f205121679098986989cb4fa109a54923972afe75d60ce,ac6168d8c51a9220ff3b88b5de5c6038c357dcd1c8a36c2a1f201e2293e484e8,False,tv,noise,1,1,3,0.03,0.0815484548538,0,0.25,26.4310100741,0.76344070425,0.178075611591,0.0365573167801,0.0365573167801,0,reconstructions/d4edbcc97ec00f079508e13004cf8c0e01806e2a1c89e0eb93c0e8df45158196/tv-noise-1.0-1-3.pt
d4edbcc97ec00f079508e13004cf8c0e01806e2a1c89e0eb93c0e8df45158196,3edb09d41378dfae155626fe72b75a2c4bde6a58,cff553233941e75169564d196f318bbdd728713e0809f049f5ada55d92b57e1e,7e25783c0a7c26e9b9f205121679098986989cb4fa109a54923972afe75d60ce,ac6168d8c51a9220ff3b88b5de5c6038c357dcd1c8a36c2a1f201e2293e484e8,False,dps,noise,1,1,3,0.03,0.0815484548538,0,0.25,12.0305661762,0.151912290662,0.38518679142,0.359732180834,0.359732180834,0,reconstructions/d4edbcc97ec00f079508e13004cf8c0e01806e2a1c89e0eb93c0e8df45158196/dps-noise-1.0-1-3.pt
d4edbcc97ec00f079508e13004cf8c0e01806e2a1c89e0eb93c0e8df45158196,3edb09d41378dfae155626fe72b75a2c4bde6a58,cff553233941e75169564d196f318bbdd728713e0809f049f5ada55d92b57e1e,7e25783c0a7c26e9b9f205121679098986989cb4fa109a54923972afe75d60ce,ac6168d8c51a9220ff3b88b5de5c6038c357dcd1c8a36c2a1f201e2293e484e8,False,diffpir,noise,1,1,3,0.03,0.0815484548538,0,0.25,6.02264472673,0.0123794070841,0.946072697639,0.315449267626,0.315449267626,0,reconstructions/d4edbcc97ec00f079508e13004cf8c0e01806e2a1c89e0eb93c0e8df45158196/diffpir-noise-1.0-1-3.pt
d4edbcc97ec00f079508e13004cf8c0e01806e2a1c89e0eb93c0e8df45158196,3edb09d41378dfae155626fe72b75a2c4bde6a58,cff553233941e75169564d196f318bbdd728713e0809f049f5ada55d92b57e1e,7e25783c0a7c26e9b9f205121679098986989cb4fa109a54923972afe75d60ce,ac6168d8c51a9220ff3b88b5de5c6038c357dcd1c8a36c2a1f201e2293e484e8,False,pigdm,noise,1,1,3,0.03,0.0815484548538,0,0.25,21.2931446265,0.629067177279,0.159230217338,0.0897129923105,0.0897129923105,0,reconstructions/d4edbcc97ec00f079508e13004cf8c0e01806e2a1c89e0eb93c0e8df45158196/pigdm-noise-1.0-1-3.pt
d4edbcc97ec00f079508e13004cf8c0e01806e2a1c89e0eb93c0e8df45158196,3edb09d41378dfae155626fe72b75a2c4bde6a58,cff553233941e75169564d196f318bbdd728713e0809f049f5ada55d92b57e1e,7e25783c0a7c26e9b9f205121679098986989cb4fa109a54923972afe75d60ce,ac6168d8c51a9220ff3b88b5de5c6038c357dcd1c8a36c2a1f201e2293e484e8,False,zero_filled,noise,1,1,4,0.03,0.0815484548538,0,0.25,21.0439711051,0.694471524014,0.187386095524,0.039288405329,0.039288405329,0,reconstructions/d4edbcc97ec00f079508e13004cf8c0e01806e2a1c89e0eb93c0e8df45158196/zero_filled-noise-1.0-1-4.pt
d4edbcc97ec00f079508e13004cf8c0e01806e2a1c89e0eb93c0e8df45158196,3edb09d41378dfae155626fe72b75a2c4bde6a58,cff553233941e75169564d196f318bbdd728713e0809f049f5ada55d92b57e1e,7e25783c0a7c26e9b9f205121679098986989cb4fa109a54923972afe75d60ce,ac6168d8c51a9220ff3b88b5de5c6038c357dcd1c8a36c2a1f201e2293e484e8,False,tv,noise,1,1,4,0.03,0.0815484548538,0,0.25,22.6283952057,0.73807088889,0.0792167037725,0.0332164615393,0.0332164615393,0,reconstructions/d4edbcc97ec00f079508e13004cf8c0e01806e2a1c89e0eb93c0e8df45158196/tv-noise-1.0-1-4.pt
d4edbcc97ec00f079508e13004cf8c0e01806e2a1c89e0eb93c0e8df45158196,3edb09d41378dfae155626fe72b75a2c4bde6a58,cff553233941e75169564d196f318bbdd728713e0809f049f5ada55d92b57e1e,7e25783c0a7c26e9b9f205121679098986989cb4fa109a54923972afe75d60ce,ac6168d8c51a9220ff3b88b5de5c6038c357dcd1c8a36c2a1f201e2293e484e8,False,dps,noise,1,1,4,0.03,0.0815484548538,0,0.25,8.15864938278,0.0973021353708,0.470975756645,0.576993763447,0.576993763447,0,reconstructions/d4edbcc97ec00f079508e13004cf8c0e01806e2a1c89e0eb93c0e8df45158196/dps-noise-1.0-1-4.pt
d4edbcc97ec00f079508e13004cf8c0e01806e2a1c89e0eb93c0e8df45158196,3edb09d41378dfae155626fe72b75a2c4bde6a58,cff553233941e75169564d196f318bbdd728713e0809f049f5ada55d92b57e1e,7e25783c0a7c26e9b9f205121679098986989cb4fa109a54923972afe75d60ce,ac6168d8c51a9220ff3b88b5de5c6038c357dcd1c8a36c2a1f201e2293e484e8,False,diffpir,noise,1,1,4,0.03,0.0815484548538,0,0.25,5.86829647206,0.0393121455543,0.924208939075,0.350130885839,0.350130885839,0,reconstructions/d4edbcc97ec00f079508e13004cf8c0e01806e2a1c89e0eb93c0e8df45158196/diffpir-noise-1.0-1-4.pt
d4edbcc97ec00f079508e13004cf8c0e01806e2a1c89e0eb93c0e8df45158196,3edb09d41378dfae155626fe72b75a2c4bde6a58,cff553233941e75169564d196f318bbdd728713e0809f049f5ada55d92b57e1e,7e25783c0a7c26e9b9f205121679098986989cb4fa109a54923972afe75d60ce,ac6168d8c51a9220ff3b88b5de5c6038c357dcd1c8a36c2a1f201e2293e484e8,False,pigdm,noise,1,1,4,0.03,0.0815484548538,0,0.25,20.6639315939,0.615858574679,0.0714304298162,0.0832433775067,0.0832433775067,0,reconstructions/d4edbcc97ec00f079508e13004cf8c0e01806e2a1c89e0eb93c0e8df45158196/pigdm-noise-1.0-1-4.pt
d4edbcc97ec00f079508e13004cf8c0e01806e2a1c89e0eb93c0e8df45158196,3edb09d41378dfae155626fe72b75a2c4bde6a58,cff553233941e75169564d196f318bbdd728713e0809f049f5ada55d92b57e1e,7e25783c0a7c26e9b9f205121679098986989cb4fa109a54923972afe75d60ce,ac6168d8c51a9220ff3b88b5de5c6038c357dcd1c8a36c2a1f201e2293e484e8,False,zero_filled,noise,1,1,5,0.03,0.0815484548538,0,0.25,21.2541554907,0.619175223835,0.340990126133,0.0337036922574,0.0337036922574,0,reconstructions/d4edbcc97ec00f079508e13004cf8c0e01806e2a1c89e0eb93c0e8df45158196/zero_filled-noise-1.0-1-5.pt
d4edbcc97ec00f079508e13004cf8c0e01806e2a1c89e0eb93c0e8df45158196,3edb09d41378dfae155626fe72b75a2c4bde6a58,cff553233941e75169564d196f318bbdd728713e0809f049f5ada55d92b57e1e,7e25783c0a7c26e9b9f205121679098986989cb4fa109a54923972afe75d60ce,ac6168d8c51a9220ff3b88b5de5c6038c357dcd1c8a36c2a1f201e2293e484e8,False,tv,noise,1,1,5,0.03,0.0815484548538,0,0.25,21.7323703056,0.587475404773,0.245025902987,0.0397246666253,0.0397246666253,0,reconstructions/d4edbcc97ec00f079508e13004cf8c0e01806e2a1c89e0eb93c0e8df45158196/tv-noise-1.0-1-5.pt
d4edbcc97ec00f079508e13004cf8c0e01806e2a1c89e0eb93c0e8df45158196,3edb09d41378dfae155626fe72b75a2c4bde6a58,cff553233941e75169564d196f318bbdd728713e0809f049f5ada55d92b57e1e,7e25783c0a7c26e9b9f205121679098986989cb4fa109a54923972afe75d60ce,ac6168d8c51a9220ff3b88b5de5c6038c357dcd1c8a36c2a1f201e2293e484e8,False,dps,noise,1,1,5,0.03,0.0815484548538,0,0.25,8.46733652948,0.0624271652371,0.456103175879,0.515387356281,0.515387356281,0,reconstructions/d4edbcc97ec00f079508e13004cf8c0e01806e2a1c89e0eb93c0e8df45158196/dps-noise-1.0-1-5.pt
d4edbcc97ec00f079508e13004cf8c0e01806e2a1c89e0eb93c0e8df45158196,3edb09d41378dfae155626fe72b75a2c4bde6a58,cff553233941e75169564d196f318bbdd728713e0809f049f5ada55d92b57e1e,7e25783c0a7c26e9b9f205121679098986989cb4fa109a54923972afe75d60ce,ac6168d8c51a9220ff3b88b5de5c6038c357dcd1c8a36c2a1f201e2293e484e8,False,diffpir,noise,1,1,5,0.03,0.0815484548538,0,0.25,6.00859270317,0.0139193468313,0.831309020519,0.286272138357,0.286272138357,0,reconstructions/d4edbcc97ec00f079508e13004cf8c0e01806e2a1c89e0eb93c0e8df45158196/diffpir-noise-1.0-1-5.pt
d4edbcc97ec00f079508e13004cf8c0e01806e2a1c89e0eb93c0e8df45158196,3edb09d41378dfae155626fe72b75a2c4bde6a58,cff553233941e75169564d196f318bbdd728713e0809f049f5ada55d92b57e1e,7e25783c0a7c26e9b9f205121679098986989cb4fa109a54923972afe75d60ce,ac6168d8c51a9220ff3b88b5de5c6038c357dcd1c8a36c2a1f201e2293e484e8,False,pigdm,noise,1,1,5,0.03,0.0815484548538,0,0.25,18.917683933,0.355868138273,0.165418446064,0.0793433785439,0.0793433785439,0,reconstructions/d4edbcc97ec00f079508e13004cf8c0e01806e2a1c89e0eb93c0e8df45158196/pigdm-noise-1.0-1-5.pt
d4edbcc97ec00f079508e13004cf8c0e01806e2a1c89e0eb93c0e8df45158196,3edb09d41378dfae155626fe72b75a2c4bde6a58,cff553233941e75169564d196f318bbdd728713e0809f049f5ada55d92b57e1e,7e25783c0a7c26e9b9f205121679098986989cb4fa109a54923972afe75d60ce,ac6168d8c51a9220ff3b88b5de5c6038c357dcd1c8a36c2a1f201e2293e484e8,False,zero_filled,noise,1,1,6,0.03,0.0815484548538,0,0.25,17.8726890634,0.490872731334,0.277838408947,0.0856487005949,0.0856487005949,0,reconstructions/d4edbcc97ec00f079508e13004cf8c0e01806e2a1c89e0eb93c0e8df45158196/zero_filled-noise-1.0-1-6.pt
d4edbcc97ec00f079508e13004cf8c0e01806e2a1c89e0eb93c0e8df45158196,3edb09d41378dfae155626fe72b75a2c4bde6a58,cff553233941e75169564d196f318bbdd728713e0809f049f5ada55d92b57e1e,7e25783c0a7c26e9b9f205121679098986989cb4fa109a54923972afe75d60ce,ac6168d8c51a9220ff3b88b5de5c6038c357dcd1c8a36c2a1f201e2293e484e8,False,tv,noise,1,1,6,0.03,0.0815484548538,0,0.25,21.6924840194,0.738317133668,0.0691543072462,0.0617213658988,0.0617213658988,0,reconstructions/d4edbcc97ec00f079508e13004cf8c0e01806e2a1c89e0eb93c0e8df45158196/tv-noise-1.0-1-6.pt
d4edbcc97ec00f079508e13004cf8c0e01806e2a1c89e0eb93c0e8df45158196,3edb09d41378dfae155626fe72b75a2c4bde6a58,cff553233941e75169564d196f318bbdd728713e0809f049f5ada55d92b57e1e,7e25783c0a7c26e9b9f205121679098986989cb4fa109a54923972afe75d60ce,ac6168d8c51a9220ff3b88b5de5c6038c357dcd1c8a36c2a1f201e2293e484e8,False,dps,noise,1,1,6,0.03,0.0815484548538,0,0.25,5.75103506549,-0.0280616068875,0.471248924732,1.23349559307,1.23349559307,0,reconstructions/d4edbcc97ec00f079508e13004cf8c0e01806e2a1c89e0eb93c0e8df45158196/dps-noise-1.0-1-6.pt
d4edbcc97ec00f079508e13004cf8c0e01806e2a1c89e0eb93c0e8df45158196,3edb09d41378dfae155626fe72b75a2c4bde6a58,cff553233941e75169564d196f318bbdd728713e0809f049f5ada55d92b57e1e,7e25783c0a7c26e9b9f205121679098986989cb4fa109a54923972afe75d60ce,ac6168d8c51a9220ff3b88b5de5c6038c357dcd1c8a36c2a1f201e2293e484e8,False,diffpir,noise,1,1,6,0.03,0.0815484548538,0,0.25,4.92424512575,0.020249125832,0.889143586159,0.798342704773,0.798342704773,0,reconstructions/d4edbcc97ec00f079508e13004cf8c0e01806e2a1c89e0eb93c0e8df45158196/diffpir-noise-1.0-1-6.pt
d4edbcc97ec00f079508e13004cf8c0e01806e2a1c89e0eb93c0e8df45158196,3edb09d41378dfae155626fe72b75a2c4bde6a58,cff553233941e75169564d196f318bbdd728713e0809f049f5ada55d92b57e1e,7e25783c0a7c26e9b9f205121679098986989cb4fa109a54923972afe75d60ce,ac6168d8c51a9220ff3b88b5de5c6038c357dcd1c8a36c2a1f201e2293e484e8,False,pigdm,noise,1,1,6,0.03,0.0815484548538,0,0.25,16.1030359245,0.380328355825,0.139607936144,0.233015328646,0.233015328646,0,reconstructions/d4edbcc97ec00f079508e13004cf8c0e01806e2a1c89e0eb93c0e8df45158196/pigdm-noise-1.0-1-6.pt
d4edbcc97ec00f079508e13004cf8c0e01806e2a1c89e0eb93c0e8df45158196,3edb09d41378dfae155626fe72b75a2c4bde6a58,cff553233941e75169564d196f318bbdd728713e0809f049f5ada55d92b57e1e,7e25783c0a7c26e9b9f205121679098986989cb4fa109a54923972afe75d60ce,ac6168d8c51a9220ff3b88b5de5c6038c357dcd1c8a36c2a1f201e2293e484e8,False,zero_filled,noise,1,1,7,0.03,0.0815484548538,0,0.25,20.1585913938,0.59013865812,0.227954864502,0.066825017333,0.066825017333,0,reconstructions/d4edbcc97ec00f079508e13004cf8c0e01806e2a1c89e0eb93c0e8df45158196/zero_filled-noise-1.0-1-7.pt
d4edbcc97ec00f079508e13004cf8c0e01806e2a1c89e0eb93c0e8df45158196,3edb09d41378dfae155626fe72b75a2c4bde6a58,cff553233941e75169564d196f318bbdd728713e0809f049f5ada55d92b57e1e,7e25783c0a7c26e9b9f205121679098986989cb4fa109a54923972afe75d60ce,ac6168d8c51a9220ff3b88b5de5c6038c357dcd1c8a36c2a1f201e2293e484e8,False,tv,noise,1,1,7,0.03,0.0815484548538,0,0.25,23.7665318715,0.772506456193,0.0709505975246,0.0525614023209,0.0525614023209,0,reconstructions/d4edbcc97ec00f079508e13004cf8c0e01806e2a1c89e0eb93c0e8df45158196/tv-noise-1.0-1-7.pt
d4edbcc97ec00f079508e13004cf8c0e01806e2a1c89e0eb93c0e8df45158196,3edb09d41378dfae155626fe72b75a2c4bde6a58,cff553233941e75169564d196f318bbdd728713e0809f049f5ada55d92b57e1e,7e25783c0a7c26e9b9f205121679098986989cb4fa109a54923972afe75d60ce,ac6168d8c51a9220ff3b88b5de5c6038c357dcd1c8a36c2a1f201e2293e484e8,False,dps,noise,1,1,7,0.03,0.0815484548538,0,0.25,4.94097181774,0.0086788788766,0.449072420597,1.28597438335,1.28597438335,0,reconstructions/d4edbcc97ec00f079508e13004cf8c0e01806e2a1c89e0eb93c0e8df45158196/dps-noise-1.0-1-7.pt
d4edbcc97ec00f079508e13004cf8c0e01806e2a1c89e0eb93c0e8df45158196,3edb09d41378dfae155626fe72b75a2c4bde6a58,cff553233941e75169564d196f318bbdd728713e0809f049f5ada55d92b57e1e,7e25783c0a7c26e9b9f205121679098986989cb4fa109a54923972afe75d60ce,ac6168d8c51a9220ff3b88b5de5c6038c357dcd1c8a36c2a1f201e2293e484e8,False,diffpir,noise,1,1,7,0.03,0.0815484548538,0,0.25,5.26967447486,0.00673129188981,0.866844713688,0.659509778023,0.659509778023,0,reconstructions/d4edbcc97ec00f079508e13004cf8c0e01806e2a1c89e0eb93c0e8df45158196/diffpir-noise-1.0-1-7.pt
d4edbcc97ec00f079508e13004cf8c0e01806e2a1c89e0eb93c0e8df45158196,3edb09d41378dfae155626fe72b75a2c4bde6a58,cff553233941e75169564d196f318bbdd728713e0809f049f5ada55d92b57e1e,7e25783c0a7c26e9b9f205121679098986989cb4fa109a54923972afe75d60ce,ac6168d8c51a9220ff3b88b5de5c6038c357dcd1c8a36c2a1f201e2293e484e8,False,pigdm,noise,1,1,7,0.03,0.0815484548538,0,0.25,15.804100123,0.329979940426,0.332700133324,0.280293703079,0.280293703079,0,reconstructions/d4edbcc97ec00f079508e13004cf8c0e01806e2a1c89e0eb93c0e8df45158196/pigdm-noise-1.0-1-7.pt
d4edbcc97ec00f079508e13004cf8c0e01806e2a1c89e0eb93c0e8df45158196,3edb09d41378dfae155626fe72b75a2c4bde6a58,cff553233941e75169564d196f318bbdd728713e0809f049f5ada55d92b57e1e,7e25783c0a7c26e9b9f205121679098986989cb4fa109a54923972afe75d60ce,ac6168d8c51a9220ff3b88b5de5c6038c357dcd1c8a36c2a1f201e2293e484e8,False,zero_filled,noise,1,2,0,0.03,0.0815484548538,0,0.25,21.8298625337,0.60077281683,0.326059550047,0.0329605676234,0.0329605676234,0,reconstructions/d4edbcc97ec00f079508e13004cf8c0e01806e2a1c89e0eb93c0e8df45158196/zero_filled-noise-1.0-2-0.pt
d4edbcc97ec00f079508e13004cf8c0e01806e2a1c89e0eb93c0e8df45158196,3edb09d41378dfae155626fe72b75a2c4bde6a58,cff553233941e75169564d196f318bbdd728713e0809f049f5ada55d92b57e1e,7e25783c0a7c26e9b9f205121679098986989cb4fa109a54923972afe75d60ce,ac6168d8c51a9220ff3b88b5de5c6038c357dcd1c8a36c2a1f201e2293e484e8,False,tv,noise,1,2,0,0.03,0.0815484548538,0,0.25,22.7166304714,0.616398392161,0.140605896711,0.0359233804047,0.0359233804047,0,reconstructions/d4edbcc97ec00f079508e13004cf8c0e01806e2a1c89e0eb93c0e8df45158196/tv-noise-1.0-2-0.pt
d4edbcc97ec00f079508e13004cf8c0e01806e2a1c89e0eb93c0e8df45158196,3edb09d41378dfae155626fe72b75a2c4bde6a58,cff553233941e75169564d196f318bbdd728713e0809f049f5ada55d92b57e1e,7e25783c0a7c26e9b9f205121679098986989cb4fa109a54923972afe75d60ce,ac6168d8c51a9220ff3b88b5de5c6038c357dcd1c8a36c2a1f201e2293e484e8,False,dps,noise,1,2,0,0.03,0.0815484548538,0,0.25,10.1902226352,0.0603574707974,0.298761934042,0.459459006786,0.459459006786,0,reconstructions/d4edbcc97ec00f079508e13004cf8c0e01806e2a1c89e0eb93c0e8df45158196/dps-noise-1.0-2-0.pt
d4edbcc97ec00f079508e13004cf8c0e01806e2a1c89e0eb93c0e8df45158196,3edb09d41378dfae155626fe72b75a2c4bde6a58,cff553233941e75169564d196f318bbdd728713e0809f049f5ada55d92b57e1e,7e25783c0a7c26e9b9f205121679098986989cb4fa109a54923972afe75d60ce,ac6168d8c51a9220ff3b88b5de5c6038c357dcd1c8a36c2a1f201e2293e484e8,False,diffpir,noise,1,2,0,0.03,0.0815484548538,0,0.25,6.37264750999,0.0294266462384,0.894047379494,0.245892092586,0.245892092586,0,reconstructions/d4edbcc97ec00f079508e13004cf8c0e01806e2a1c89e0eb93c0e8df45158196/diffpir-noise-1.0-2-0.pt
d4edbcc97ec00f079508e13004cf8c0e01806e2a1c89e0eb93c0e8df45158196,3edb09d41378dfae155626fe72b75a2c4bde6a58,cff553233941e75169564d196f318bbdd728713e0809f049f5ada55d92b57e1e,7e25783c0a7c26e9b9f205121679098986989cb4fa109a54923972afe75d60ce,ac6168d8c51a9220ff3b88b5de5c6038c357dcd1c8a36c2a1f201e2293e484e8,False,pigdm,noise,1,2,0,0.03,0.0815484548538,0,0.25,20.0555944799,0.4387820982,0.211888253689,0.0777412131429,0.0777412131429,0,reconstructions/d4edbcc97ec00f079508e13004cf8c0e01806e2a1c89e0eb93c0e8df45158196/pigdm-noise-1.0-2-0.pt
d4edbcc97ec00f079508e13004cf8c0e01806e2a1c89e0eb93c0e8df45158196,3edb09d41378dfae155626fe72b75a2c4bde6a58,cff553233941e75169564d196f318bbdd728713e0809f049f5ada55d92b57e1e,7e25783c0a7c26e9b9f205121679098986989cb4fa109a54923972afe75d60ce,ac6168d8c51a9220ff3b88b5de5c6038c357dcd1c8a36c2a1f201e2293e484e8,False,zero_filled,noise,1,2,1,0.03,0.0815484548538,0,0.25,24.2105694551,0.634836728437,0.462086170912,0.0369234457612,0.0369234457612,0,reconstructions/d4edbcc97ec00f079508e13004cf8c0e01806e2a1c89e0eb93c0e8df45158196/zero_filled-noise-1.0-2-1.pt
d4edbcc97ec00f079508e13004cf8c0e01806e2a1c89e0eb93c0e8df45158196,3edb09d41378dfae155626fe72b75a2c4bde6a58,cff553233941e75169564d196f318bbdd728713e0809f049f5ada55d92b57e1e,7e25783c0a7c26e9b9f205121679098986989cb4fa109a54923972afe75d60ce,ac6168d8c51a9220ff3b88b5de5c6038c357dcd1c8a36c2a1f201e2293e484e8,False,tv,noise,1,2,1,0.03,0.0815484548538,0,0.25,24.7543161277,0.567223908896,0.324154853821,0.0494943112135,0.0494943112135,0,reconstructions/d4edbcc97ec00f079508e13004cf8c0e01806e2a1c89e0eb93c0e8df45158196/tv-noise-1.0-2-1.pt
d4edbcc97ec00f079508e13004cf8c0e01806e2a1c89e0eb93c0e8df45158196,3edb09d41378dfae155626fe72b75a2c4bde6a58,cff553233941e75169564d196f318bbdd728713e0809f049f5ada55d92b57e1e,7e25783c0a7c26e9b9f205121679098986989cb4fa109a54923972afe75d60ce,ac6168d8c51a9220ff3b88b5de5c6038c357dcd1c8a36c2a1f201e2293e484e8,False,dps,noise,1,2,1,0.03,0.0815484548538,0,0.25,12.8053901056,0.20756943228,0.527325689793,0.441699564457,0.441699564457,0,reconstructions/d4edbcc97ec00f079508e13004cf8c0e01806e2a1c89e0eb93c0e8df45158196/dps-noise-1.0-2-1.pt
d4edbcc97ec00f079508e13004cf8c0e01806e2a1c89e0eb93c0e8df45158196,3edb09d41378dfae155626fe72b75a2c4bde6a58,cff553233941e75169564d196f318bbdd728713e0809f049f5ada55d92b57e1e,7e25783c0a7c26e9b9f205121679098986989cb4fa109a54923972afe75d60ce,ac6168d8c51a9220ff3b88b5de5c6038c357dcd1c8a36c2a1f201e2293e484e8,False,diffpir,noise,1,2,1,0.03,0.0815484548538,0,0.25,6.77193502366,0.010264696106,0.709726691246,0.229518100619,0.229518100619,0,reconstructions/d4edbcc97ec00f079508e13004cf8c0e01806e2a1c89e0eb93c0e8df45158196/diffpir-noise-1.0-2-1.pt
d4edbcc97ec00f079508e13004cf8c0e01806e2a1c89e0eb93c0e8df45158196,3edb09d41378dfae155626fe72b75a2c4bde6a58,cff553233941e75169564d196f318bbdd728713e0809f049f5ada55d92b57e1e,7e25783c0a7c26e9b9f205121679098986989cb4fa109a54923972afe75d60ce,ac6168d8c51a9220ff3b88b5de5c6038c357dcd1c8a36c2a1f201e2293e484e8,False,pigdm,noise,1,2,1,0.03,0.0815484548538,0,0.25,22.6457023844,0.40094622092,0.394051462412,0.0907453522086,0.0907453522086,0,reconstructions/d4edbcc97ec00f079508e13004cf8c0e01806e2a1c89e0eb93c0e8df45158196/pigdm-noise-1.0-2-1.pt
d4edbcc97ec00f079508e13004cf8c0e01806e2a1c89e0eb93c0e8df45158196,3edb09d41378dfae155626fe72b75a2c4bde6a58,cff553233941e75169564d196f318bbdd728713e0809f049f5ada55d92b57e1e,7e25783c0a7c26e9b9f205121679098986989cb4fa109a54923972afe75d60ce,ac6168d8c51a9220ff3b88b5de5c6038c357dcd1c8a36c2a1f201e2293e484e8,False,zero_filled,noise,1,2,2,0.03,0.0815484548538,0,0.25,18.7143117557,0.525541992618,0.233247518539,0.06166113168,0.06166113168,0,reconstructions/d4edbcc97ec00f079508e13004cf8c0e01806e2a1c89e0eb93c0e8df45158196/zero_filled-noise-1.0-2-2.pt
d4edbcc97ec00f079508e13004cf8c0e01806e2a1c89e0eb93c0e8df45158196,3edb09d41378dfae155626fe72b75a2c4bde6a58,cff553233941e75169564d196f318bbdd728713e0809f049f5ada55d92b57e1e,7e25783c0a7c26e9b9f205121679098986989cb4fa109a54923972afe75d60ce,ac6168d8c51a9220ff3b88b5de5c6038c357dcd1c8a36c2a1f201e2293e484e8,False,tv,noise,1,2,2,0.03,0.0815484548538,0,0.25,20.917966341,0.743202564489,0.0820845738053,0.0531469583511,0.0531469583511,0,reconstructions/d4edbcc97ec00f079508e13004cf8c0e01806e2a1c89e0eb93c0e8df45158196/tv-noise-1.0-2-2.pt
d4edbcc97ec00f079508e13004cf8c0e01806e2a1c89e0eb93c0e8df45158196,3edb09d41378dfae155626fe72b75a2c4bde6a58,cff553233941e75169564d196f318bbdd728713e0809f049f5ada55d92b57e1e,7e25783c0a7c26e9b9f205121679098986989cb4fa109a54923972afe75d60ce,ac6168d8c51a9220ff3b88b5de5c6038c357dcd1c8a36c2a1f201e2293e484e8,False,dps,noise,1,2,2,0.03,0.0815484548538,0,0.25,7.53449337571,0.0110434660818,0.421400487423,0.959511458874,0.959511458874,0,reconstructions/d4edbcc97ec00f079508e13004cf8c0e01806e2a1c89e0eb93c0e8df45158196/dps-noise-1.0-2-2.pt
d4edbcc97ec00f079508e13004cf8c0e01806e2a1c89e0eb93c0e8df45158196,3edb09d41378dfae155626fe72b75a2c4bde6a58,cff553233941e75169564d196f318bbdd728713e0809f049f5ada55d92b57e1e,7e25783c0a7c26e9b9f205121679098986989cb4fa109a54923972afe75d60ce,ac6168d8c51a9220ff3b88b5de5c6038c357dcd1c8a36c2a1f201e2293e484e8,False,diffpir,noise,1,2,2,0.03,0.0815484548538,0,0.25,4.81058048241,0.0251895868639,0.863226115704,0.794060111046,0.794060111046,0,reconstructions/d4edbcc97ec00f079508e13004cf8c0e01806e2a1c89e0eb93c0e8df45158196/diffpir-noise-1.0-2-2.pt
d4edbcc97ec00f079508e13004cf8c0e01806e2a1c89e0eb93c0e8df45158196,3edb09d41378dfae155626fe72b75a2c4bde6a58,cff553233941e75169564d196f318bbdd728713e0809f049f5ada55d92b57e1e,7e25783c0a7c26e9b9f205121679098986989cb4fa109a54923972afe75d60ce,ac6168d8c51a9220ff3b88b5de5c6038c357dcd1c8a36c2a1f201e2293e484e8,False,pigdm,noise,1,2,2,0.03,0.0815484548538,0,0.25,16.4780980358,0.453056617431,0.116717800498,0.229034900665,0.229034900665,0,reconstructions/d4edbcc97ec00f079508e13004cf8c0e01806e2a1c89e0eb93c0e8df45158196/pigdm-noise-1.0-2-2.pt
d4edbcc97ec00f079508e13004cf8c0e01806e2a1c89e0eb93c0e8df45158196,3edb09d41378dfae155626fe72b75a2c4bde6a58,cff553233941e75169564d196f318bbdd728713e0809f049f5ada55d92b57e1e,7e25783c0a7c26e9b9f205121679098986989cb4fa109a54923972afe75d60ce,ac6168d8c51a9220ff3b88b5de5c6038c357dcd1c8a36c2a1f201e2293e484e8,False,zero_filled,noise,1,2,3,0.03,0.0815484548538,0,0.25,21.1603020292,0.604664582454,0.273713558912,0.0390979163349,0.0390979163349,0,reconstructions/d4edbcc97ec00f079508e13004cf8c0e01806e2a1c89e0eb93c0e8df45158196/zero_filled-noise-1.0-2-3.pt
d4edbcc97ec00f079508e13004cf8c0e01806e2a1c89e0eb93c0e8df45158196,3edb09d41378dfae155626fe72b75a2c4bde6a58,cff553233941e75169564d196f318bbdd728713e0809f049f5ada55d92b57e1e,7e25783c0a7c26e9b9f205121679098986989cb4fa109a54923972afe75d60ce,ac6168d8c51a9220ff3b88b5de5c6038c357dcd1c8a36c2a1f201e2293e484e8,False,tv,noise,1,2,3,0.03,0.0815484548538,0,0.25,24.963654442,0.743954283787,0.184587821364,0.0362034477293,0.0362034477293,0,reconstructions/d4edbcc97ec00f079508e13004cf8c0e01806e2a1c89e0eb93c0e8df45158196/tv-noise-1.0-2-3.pt
d4edbcc97ec00f079508e13004cf8c0e01806e2a1c89e0eb93c0e8df45158196,3edb09d41378dfae155626fe72b75a2c4bde6a58,cff553233941e75169564d196f318bbdd728713e0809f049f5ada55d92b57e1e,7e25783c0a7c26e9b9f205121679098986989cb4fa109a54923972afe75d60ce,ac6168d8c51a9220ff3b88b5de5c6038c357dcd1c8a36c2a1f201e2293e484e8,False,dps,noise,1,2,3,0.03,0.0815484548538,0,0.25,9.65152720384,0.0839266997162,0.521593987942,0.500421345234,0.500421345234,0,reconstructions/d4edbcc97ec00f079508e13004cf8c0e01806e2a1c89e0eb93c0e8df45158196/dps-noise-1.0-2-3.pt
d4edbcc97ec00f079508e13004cf8c0e01806e2a1c89e0eb93c0e8df45158196,3edb09d41378dfae155626fe72b75a2c4bde6a58,cff553233941e75169564d196f318bbdd728713e0809f049f5ada55d92b57e1e,7e25783c0a7c26e9b9f205121679098986989cb4fa109a54923972afe75d60ce,ac6168d8c51a9220ff3b88b5de5c6038c357dcd1c8a36c2a1f201e2293e484e8,False,diffpir,noise,1,2,3,0.03,0.0815484548538,0,0.25,5.93945997508,0.00330127206488,0.922336935997,0.330710381269,0.330710381269,0,reconstructions/d4edbcc97ec00f079508e13004cf8c0e01806e2a1c89e0eb93c0e8df45158196/diffpir-noise-1.0-2-3.pt
d4edbcc97ec00f079508e13004cf8c0e01806e2a1c89e0eb93c0e8df45158196,3edb09d41378dfae155626fe72b75a2c4bde6a58,cff553233941e75169564d196f318bbdd728713e0809f049f5ada55d92b57e1e,7e25783c0a7c26e9b9f205121679098986989cb4fa109a54923972afe75d60ce,ac6168d8c51a9220ff3b88b5de5c6038c357dcd1c8a36c2a1f201e2293e484e8,False,pigdm,noise,1,2,3,0.03,0.0815484548538,0,0.25,19.2809726942,0.562904159799,0.251319825649,0.113312318921,0.113312318921,0,reconstructions/d4edbcc97ec00f079508e13004cf8c0e01806e2a1c89e0eb93c0e8df45158196/pigdm-noise-1.0-2-3.pt
d4edbcc97ec00f079508e13004cf8c0e01806e2a1c89e0eb93c0e8df45158196,3edb09d41378dfae155626fe72b75a2c4bde6a58,cff553233941e75169564d196f318bbdd728713e0809f049f5ada55d92b57e1e,7e25783c0a7c26e9b9f205121679098986989cb4fa109a54923972afe75d60ce,ac6168d8c51a9220ff3b88b5de5c6038c357dcd1c8a36c2a1f201e2293e484e8,False,zero_filled,noise,1,2,4,0.03,0.0815484548538,0,0.25,20.7003226553,0.679424681806,0.245716720819,0.0351603776217,0.0351603776217,0,reconstructions/d4edbcc97ec00f079508e13004cf8c0e01806e2a1c89e0eb93c0e8df45158196/zero_filled-noise-1.0-2-4.pt
d4edbcc97ec00f079508e13004cf8c0e01806e2a1c89e0eb93c0e8df45158196,3edb09d41378dfae155626fe72b75a2c4bde6a58,cff553233941e75169564d196f318bbdd728713e0809f049f5ada55d92b57e1e,7e25783c0a7c26e9b9f205121679098986989cb4fa109a54923972afe75d60ce,ac6168d8c51a9220ff3b88b5de5c6038c357dcd1c8a36c2a1f201e2293e484e8,False,tv,noise,1,2,4,0.03,0.0815484548538,0,0.25,21.2828826491,0.687230546455,0.118066184223,0.0310385953635,0.0310385953635,0,reconstructions/d4edbcc97ec00f079508e13004cf8c0e01806e2a1c89e0eb93c0e8df45158196/tv-noise-1.0-2-4.pt
d4edbcc97ec00f079508e13004cf8c0e01806e2a1c89e0eb93c0e8df45158196,3edb09d41378dfae155626fe72b75a2c4bde6a58,cff553233941e75169564d196f318bbdd728713e0809f049f5ada55d92b57e1e,7e25783c0a7c26e9b9f205121679098986989cb4fa109a54923972afe75d60ce,ac6168d8c51a9220ff3b88b5de5c6038c357dcd1c8a36c2a1f201e2293e484e8,False,dps,noise,1,2,4,0.03,0.0815484548538,0,0.25,9.36030152897,0.00969095146608,0.235714510083,0.482028186321,0.482028186321,0,reconstructions/d4edbcc97ec00f079508e13004cf8c0e01806e2a1c89e0eb93c0e8df45158196/dps-noise-1.0-2-4.pt
d4edbcc97ec00f079508e13004cf8c0e01806e2a1c89e0eb93c0e8df45158196,3edb09d41378dfae155626fe72b75a2c4bde6a58,cff553233941e75169564d196f318bbdd728713e0809f049f5ada55d92b57e1e,7e25783c0a7c26e9b9f205121679098986989cb4fa109a54923972afe75d60ce,ac6168d8c51a9220ff3b88b5de5c6038c357dcd1c8a36c2a1f201e2293e484e8,False,diffpir,noise,1,2,4,0.03,0.0815484548538,0,0.25,5.63327717453,0.0159470680012,0.933964788914,0.372756808996,0.372756808996,0,reconstructions/d4edbcc97ec00f079508e13004cf8c0e01806e2a1c89e0eb93c0e8df45158196/diffpir-noise-1.0-2-4.pt
d4edbcc97ec00f079508e13004cf8c0e01806e2a1c89e0eb93c0e8df45158196,3edb09d41378dfae155626fe72b75a2c4bde6a58,cff553233941e75169564d196f318bbdd728713e0809f049f5ada55d92b57e1e,7e25783c0a7c26e9b9f205121679098986989cb4fa109a54923972afe75d60ce,ac6168d8c51a9220ff3b88b5de5c6038c357dcd1c8a36c2a1f201e2293e484e8,False,pigdm,noise,1,2,4,0.03,0.0815484548538,0,0.25,19.232983513,0.490114068673,0.102145582438,0.0817462652922,0.0817462652922,0,reconstructions/d4edbcc97ec00f079508e13004cf8c0e01806e2a1c89e0eb93c0e8df45158196/pigdm-noise-1.0-2-4.pt
d4edbcc97ec00f079508e13004cf8c0e01806e2a1c89e0eb93c0e8df45158196,3edb09d41378dfae155626fe72b75a2c4bde6a58,cff553233941e75169564d196f318bbdd728713e0809f049f5ada55d92b57e1e,7e25783c0a7c26e9b9f205121679098986989cb4fa109a54923972afe75d60ce,ac6168d8c51a9220ff3b88b5de5c6038c357dcd1c8a36c2a1f201e2293e484e8,False,zero_filled,noise,1,2,5,0.03,0.0815484548538,0,0.25,20.8113719132,0.571709318222,0.387613683939,0.0292580276728,0.0292580276728,0,reconstructions/d4edbcc97ec00f079508e13004cf8c0e01806e2a1c89e0eb93c0e8df45158196/zero_filled-noise-1.0-2-5.pt
d4edbcc97ec00f079508e13004cf8c0e01806e2a1c89e0eb93c0e8df45158196,3edb09d41378dfae155626fe72b75a2c4bde6a58,cff553233941e75169564d196f318bbdd728713e0809f049f5ada55d92b57e1e,7e25783c0a7c26e9b9f205121679098986989cb4fa109a54923972afe75d60ce,ac6168d8c51a9220ff3b88b5de5c6038c357dcd1c8a36c2a1f201e2293e484e8,False,tv,noise,1,2,5,0.03,0.0815484548538,0,0.25,21.0574902946,0.525748910931,0.297163039446,0.0376150719821,0.0376150719821,0,reconstructions/d4edbcc97ec00f079508e13004cf8c0e01806e2a1c89e0eb93c0e8df45158196/tv-noise-1.0-2-5.pt
d4edbcc97ec00f079508e13004cf8c0e01806e2a1c89e0eb93c0e8df45158196,3edb09d41378dfae155626fe72b75a2c4bde6a58,cff553233941e75169564d196f318bbdd728713e0809f049f5ada55d92b57e1e,7e25783c0a7c26e9b9f205121679098986989cb4fa109a54923972afe75d60ce,ac6168d8c51a9220ff3b88b5de5c6038c357dcd1c8a36c2a1f201e2293e484e8,False,dps,noise,1,2,5,0.03,0.0815484548538,0,0.25,9.90573111476,0.0822950739015,0.572895467281,0.434425801039,0.434425801039,0,reconstructions/d4edbcc97ec00f079508e13004cf8c0e01806e2a1c89e0eb93c0e8df45158196/dps-noise-1.0-2-5.pt
d4edbcc97ec00f079508e13004cf8c0e01806e2a1c89e0eb93c0e8df45158196,3edb09d41378dfae155626fe72b75a2c4bde6a58,cff553233941e75169564d196f318bbdd728713e0809f049f5ada55d92b57e1e,7e25783c0a7c26e9b9f205121679098986989cb4fa109a54923972afe75d60ce,ac6168d8c51a9220ff3b88b5de5c6038c357dcd1c8a36c2a1f201e2293e484e8,False,diffpir,noise,1,2,5,0.03,0.0815484548538,0,0.25,6.07054919623,0.0260558982125,0.832760691643,0.290596663952,0.290596663952,0,reconstructions/d4edbcc97ec00f079508e13004cf8c0e01806e2a1c89e0eb93c0e8df45158196/diffpir-noise-1.0-2-5.pt
d4edbcc97ec00f079508e13004cf8c0e01806e2a1c89e0eb93c0e8df45158196,3edb09d41378dfae155626fe72b75a2c4bde6a58,cff553233941e75169564d196f318bbdd728713e0809f049f5ada55d92b57e1e,7e25783c0a7c26e9b9f205121679098986989cb4fa109a54923972afe75d60ce,ac6168d8c51a9220ff3b88b5de5c6038c357dcd1c8a36c2a1f201e2293e484e8,False,pigdm,noise,1,2,5,0.03,0.0815484548538,0,0.25,19.2874542888,0.334851631364,0.30342951417,0.0773626863956,0.0773626863956,0,reconstructions/d4edbcc97ec00f079508e13004cf8c0e01806e2a1c89e0eb93c0e8df45158196/pigdm-noise-1.0-2-5.pt
d4edbcc97ec00f079508e13004cf8c0e01806e2a1c89e0eb93c0e8df45158196,3edb09d41378dfae155626fe72b75a2c4bde6a58,cff553233941e75169564d196f318bbdd728713e0809f049f5ada55d92b57e1e,7e25783c0a7c26e9b9f205121679098986989cb4fa109a54923972afe75d60ce,ac6168d8c51a9220ff3b88b5de5c6038c357dcd1c8a36c2a1f201e2293e484e8,False,zero_filled,noise,1,2,6,0.03,0.0815484548538,0,0.25,17.4110531404,0.463116294433,0.308595597744,0.0706667006016,0.0706667006016,0,reconstructions/d4edbcc97ec00f079508e13004cf8c0e01806e2a1c89e0eb93c0e8df45158196/zero_filled-noise-1.0-2-6.pt
d4edbcc97ec00f079508e13004cf8c0e01806e2a1c89e0eb93c0e8df45158196,3edb09d41378dfae155626fe72b75a2c4bde6a58,cff553233941e75169564d196f318bbdd728713e0809f049f5ada55d92b57e1e,7e25783c0a7c26e9b9f205121679098986989cb4fa109a54923972afe75d60ce,ac6168d8c51a9220ff3b88b5de5c6038c357dcd1c8a36c2a1f201e2293e484e8,False,tv,noise,1,2,6,0.03,0.0815484548538,0,0.25,19.3874136448,0.640342209525,0.128141716123,0.058437589556,0.058437589556,0,reconstructions/d4edbcc97ec00f079508e13004cf8c0e01806e2a1c89e0eb93c0e8df45158196/tv-noise-1.0-2-6.pt
d4edbcc97ec00f079508e13004cf8c0e01806e2a1c89e0eb93c0e8df45158196,3edb09d41378dfae155626fe72b75a2c4bde6a58,cff553233941e75169564d196f318bbdd728713e0809f049f5ada55d92b57e1e,7e25783c0a7c26e9b9f205121679098986989cb4fa109a54923972afe75d60ce,ac6168d8c51a9220ff3b88b5de5c6038c357dcd1c8a36c2a1f201e2293e484e8,False,dps,noise,1,2,6,0.03,0.0815484548538,0,0.25,4.31349582837,-0.00880553245253,0.522746086121,1.49915874004,1.49915874004,0,reconstructions/d4edbcc97ec00f079508e13004cf8c0e01806e2a1c89e0eb93c0e8df45158196/dps-noise-1.0-2-6.pt
d4edbcc97ec00f079508e13004cf8c0e01806e2a1c89e0eb93c0e8df45158196,3edb09d41378dfae155626fe72b75a2c4bde6a58,cff553233941e75169564d196f318bbdd728713e0809f049f5ada55d92b57e1e,7e25783c0a7c26e9b9f205121679098986989cb4fa109a54923972afe75d60ce,ac6168d8c51a9220ff3b88b5de5c6038c357dcd1c8a36c2a1f201e2293e484e8,False,diffpir,noise,1,2,6,0.03,0.0815484548538,0,0.25,4.68548157889,0.0107337828863,0.879575252533,0.829341769218,0.829341769218,0,reconstructions/d4edbcc97ec00f079508e13004cf8c0e01806e2a1c89e0eb93c0e8df45158196/diffpir-noise-1.0-2-6.pt
d4edbcc97ec00f079508e13004cf8c0e01806e2a1c89e0eb93c0e8df45158196,3edb09d41378dfae155626fe72b75a2c4bde6a58,cff553233941e75169564d196f318bbdd728713e0809f049f5ada55d92b57e1e,7e25783c0a7c26e9b9f205121679098986989cb4fa109a54923972afe75d60ce,ac6168d8c51a9220ff3b88b5de5c6038c357dcd1c8a36c2a1f201e2293e484e8,False,pigdm,noise,1,2,6,0.03,0.0815484548538,0,0.25,16.3056791746,0.387368302226,0.145715653896,0.220633640885,0.220633640885,0,reconstructions/d4edbcc97ec00f079508e13004cf8c0e01806e2a1c89e0eb93c0e8df45158196/pigdm-noise-1.0-2-6.pt
d4edbcc97ec00f079508e13004cf8c0e01806e2a1c89e0eb93c0e8df45158196,3edb09d41378dfae155626fe72b75a2c4bde6a58,cff553233941e75169564d196f318bbdd728713e0809f049f5ada55d92b57e1e,7e25783c0a7c26e9b9f205121679098986989cb4fa109a54923972afe75d60ce,ac6168d8c51a9220ff3b88b5de5c6038c357dcd1c8a36c2a1f201e2293e484e8,False,zero_filled,noise,1,2,7,0.03,0.0815484548538,0,0.25,19.7354151376,0.581614220498,0.258645892143,0.0593283846974,0.0593283846974,0,reconstructions/d4edbcc97ec00f079508e13004cf8c0e01806e2a1c89e0eb93c0e8df45158196/zero_filled-noise-1.0-2-7.pt
d4edbcc97ec00f079508e13004cf8c0e01806e2a1c89e0eb93c0e8df45158196,3edb09d41378dfae155626fe72b75a2c4bde6a58,cff553233941e75169564d196f318bbdd728713e0809f049f5ada55d92b57e1e,7e25783c0a7c26e9b9f205121679098986989cb4fa109a54923972afe75d60ce,ac6168d8c51a9220ff3b88b5de5c6038c357dcd1c8a36c2a1f201e2293e484e8,False,tv,noise,1,2,7,0.03,0.0815484548538,0,0.25,21.4952576114,0.709253034676,0.100783064961,0.0511475540698,0.0511475540698,0,reconstructions/d4edbcc97ec00f079508e13004cf8c0e01806e2a1c89e0eb93c0e8df45158196/tv-noise-1.0-2-7.pt
d4edbcc97ec00f079508e13004cf8c0e01806e2a1c89e0eb93c0e8df45158196,3edb09d41378dfae155626fe72b75a2c4bde6a58,cff553233941e75169564d196f318bbdd728713e0809f049f5ada55d92b57e1e,7e25783c0a7c26e9b9f205121679098986989cb4fa109a54923972afe75d60ce,ac6168d8c51a9220ff3b88b5de5c6038c357dcd1c8a36c2a1f201e2293e484e8,False,dps,noise,1,2,7,0.03,0.0815484548538,0,0.25,6.66588078567,0.0748312554231,0.577799916267,1.05281472206,1.05281472206,0,reconstructions/d4edbcc97ec00f079508e13004cf8c0e01806e2a1c89e0eb93c0e8df45158196/dps-noise-1.0-2-7.pt
d4edbcc97ec00f079508e13004cf8c0e01806e2a1c89e0eb93c0e8df45158196,3edb09d41378dfae155626fe72b75a2c4bde6a58,cff553233941e75169564d196f318bbdd728713e0809f049f5ada55d92b57e1e,7e25783c0a7c26e9b9f205121679098986989cb4fa109a54923972afe75d60ce,ac6168d8c51a9220ff3b88b5de5c6038c357dcd1c8a36c2a1f201e2293e484e8,False,diffpir,noise,1,2,7,0.03,0.0815484548538,0,0.25,5.14225309988,0.0085636101603,0.927708566189,0.684169530869,0.684169530869,0,reconstructions/d4edbcc97ec00f079508e13004cf8c0e01806e2a1c89e0eb93c0e8df45158196/diffpir-noise-1.0-2-7.pt
d4edbcc97ec00f079508e13004cf8c0e01806e2a1c89e0eb93c0e8df45158196,3edb09d41378dfae155626fe72b75a2c4bde6a58,cff553233941e75169564d196f318bbdd728713e0809f049f5ada55d92b57e1e,7e25783c0a7c26e9b9f205121679098986989cb4fa109a54923972afe75d60ce,ac6168d8c51a9220ff3b88b5de5c6038c357dcd1c8a36c2a1f201e2293e484e8,False,pigdm,noise,1,2,7,0.03,0.0815484548538,0,0.25,19.4187472539,0.462188189172,0.16828840971,0.145725920796,0.145725920796,0,reconstructions/d4edbcc97ec00f079508e13004cf8c0e01806e2a1c89e0eb93c0e8df45158196/pigdm-noise-1.0-2-7.pt
d4edbcc97ec00f079508e13004cf8c0e01806e2a1c89e0eb93c0e8df45158196,3edb09d41378dfae155626fe72b75a2c4bde6a58,cff553233941e75169564d196f318bbdd728713e0809f049f5ada55d92b57e1e,7e25783c0a7c26e9b9f205121679098986989cb4fa109a54923972afe75d60ce,ac6168d8c51a9220ff3b88b5de5c6038c357dcd1c8a36c2a1f201e2293e484e8,False,zero_filled,noise,2,0,0,0.03,0.221671682968,0,0.25,22.6588457485,0.656826713866,0.224726304412,0.0395699553192,0.0395699553192,0,reconstructions/d4edbcc97ec00f079508e13004cf8c0e01806e2a1c89e0eb93c0e8df45158196/zero_filled-noise-2.0-0-0.pt
d4edbcc97ec00f079508e13004cf8c0e01806e2a1c89e0eb93c0e8df45158196,3edb09d41378dfae155626fe72b75a2c4bde6a58,cff553233941e75169564d196f318bbdd728713e0809f049f5ada55d92b57e1e,7e25783c0a7c26e9b9f205121679098986989cb4fa109a54923972afe75d60ce,ac6168d8c51a9220ff3b88b5de5c6038c357dcd1c8a36c2a1f201e2293e484e8,False,tv,noise,2,0,0,0.03,0.221671682968,0,0.25,23.9930577641,0.700592967754,0.111344195902,0.0352379865944,0.0352379865944,0,reconstructions/d4edbcc97ec00f079508e13004cf8c0e01806e2a1c89e0eb93c0e8df45158196/tv-noise-2.0-0-0.pt
d4edbcc97ec00f079508e13004cf8c0e01806e2a1c89e0eb93c0e8df45158196,3edb09d41378dfae155626fe72b75a2c4bde6a58,cff553233941e75169564d196f318bbdd728713e0809f049f5ada55d92b57e1e,7e25783c0a7c26e9b9f205121679098986989cb4fa109a54923972afe75d60ce,ac6168d8c51a9220ff3b88b5de5c6038c357dcd1c8a36c2a1f201e2293e484e8,False,dps,noise,2,0,0,0.03,0.221671682968,0,0.25,7.80993773737,0.0645864155882,0.385093271732,0.617158830166,0.617158830166,0,reconstructions/d4edbcc97ec00f079508e13004cf8c0e01806e2a1c89e0eb93c0e8df45158196/dps-noise-2.0-0-0.pt
d4edbcc97ec00f079508e13004cf8c0e01806e2a1c89e0eb93c0e8df45158196,3edb09d41378dfae155626fe72b75a2c4bde6a58,cff553233941e75169564d196f318bbdd728713e0809f049f5ada55d92b57e1e,7e25783c0a7c26e9b9f205121679098986989cb4fa109a54923972afe75d60ce,ac6168d8c51a9220ff3b88b5de5c6038c357dcd1c8a36c2a1f201e2293e484e8,False,diffpir,noise,2,0,0,0.03,0.221671682968,0,0.25,9.20204905765,0.0706907912517,0.658513009548,0.13412027061,0.13412027061,0,reconstructions/d4edbcc97ec00f079508e13004cf8c0e01806e2a1c89e0eb93c0e8df45158196/diffpir-noise-2.0-0-0.pt
d4edbcc97ec00f079508e13004cf8c0e01806e2a1c89e0eb93c0e8df45158196,3edb09d41378dfae155626fe72b75a2c4bde6a58,cff553233941e75169564d196f318bbdd728713e0809f049f5ada55d92b57e1e,7e25783c0a7c26e9b9f205121679098986989cb4fa109a54923972afe75d60ce,ac6168d8c51a9220ff3b88b5de5c6038c357dcd1c8a36c2a1f201e2293e484e8,False,pigdm,noise,2,0,0,0.03,0.221671682968,0,0.25,17.8537048099,0.312918317524,0.301626443863,0.159059897065,0.159059897065,0,reconstructions/d4edbcc97ec00f079508e13004cf8c0e01806e2a1c89e0eb93c0e8df45158196/pigdm-noise-2.0-0-0.pt
d4edbcc97ec00f079508e13004cf8c0e01806e2a1c89e0eb93c0e8df45158196,3edb09d41378dfae155626fe72b75a2c4bde6a58,cff553233941e75169564d196f318bbdd728713e0809f049f5ada55d92b57e1e,7e25783c0a7c26e9b9f205121679098986989cb4fa109a54923972afe75d60ce,ac6168d8c51a9220ff3b88b5de5c6038c357dcd1c8a36c2a1f201e2293e484e8,False,zero_filled,noise,2,0,1,0.03,0.221671682968,0,0.25,25.0129313257,0.684842478213,0.489915013313,0.0423987694085,0.0423987694085,0,reconstructions/d4edbcc97ec00f079508e13004cf8c0e01806e2a1c89e0eb93c0e8df45158196/zero_filled-noise-2.0-0-1.pt
d4edbcc97ec00f079508e13004cf8c0e01806e2a1c89e0eb93c0e8df45158196,3edb09d41378dfae155626fe72b75a2c4bde6a58,cff553233941e75169564d196f318bbdd728713e0809f049f5ada55d92b57e1e,7e25783c0a7c26e9b9f205121679098986989cb4fa109a54923972afe75d60ce,ac6168d8c51a9220ff3b88b5de5c6038c357dcd1c8a36c2a1f201e2293e484e8,False,tv,noise,2,0,1,0.03,0.221671682968,0,0.25,26.3332726662,0.653182526401,0.412327110767,0.0488629378378,0.0488629378378,0,reconstructions/d4edbcc97ec00f079508e13004cf8c0e01806e2a1c89e0eb93c0e8df45158196/tv-noise-2.0-0-1.pt
d4edbcc97ec00f079508e13004cf8c0e01806e2a1c89e0eb93c0e8df45158196,3edb09d41378dfae155626fe72b75a2c4bde6a58,cff553233941e75169564d196f318bbdd728713e0809f049f5ada55d92b57e1e,7e25783c0a7c26e9b9f205121679098986989cb4fa109a54923972afe75d60ce,ac6168d8c51a9220ff3b88b5de5c6038c357dcd1c8a36c2a1f201e2293e484e8,False,dps,noise,2,0,1,0.03,0.221671682968,0,0.25,13.0257324903,0.108959325591,0.509145975113,0.415755957365,0.415755957365,0,reconstructions/d4edbcc97ec00f079508e13004cf8c0e01806e2a1c89e0eb93c0e8df45158196/dps-noise-2.0-0-1.pt
d4edbcc97ec00f079508e13004cf8c0e01806e2a1c89e0eb93c0e8df45158196,3edb09d41378dfae155626fe72b75a2c4bde6a58,cff553233941e75169564d196f318bbdd728713e0809f049f5ada55d92b57e1e,7e25783c0a7c26e9b9f205121679098986989cb4fa109a54923972afe75d60ce,ac6168d8c51a9220ff3b88b5de5c6038c357dcd1c8a36c2a1f201e2293e484e8,False,diffpir,noise,2,0,1,0.03,0.221671682968,0,0.25,11.681053496,0.0770730960975,0.642566204071,0.14102974534,0.14102974534,0,reconstructions/d4edbcc97ec00f079508e13004cf8c0e01806e2a1c89e0eb93c0e8df45158196/diffpir-noise-2.0-0-1.pt
d4edbcc97ec00f079508e13004cf8c0e01806e2a1c89e0eb93c0e8df45158196,3edb09d41378dfae155626fe72b75a2c4bde6a58,cff553233941e75169564d196f318bbdd728713e0809f049f5ada55d92b57e1e,7e25783c0a7c26e9b9f205121679098986989cb4fa109a54923972afe75d60ce,ac6168d8c51a9220ff3b88b5de5c6038c357dcd1c8a36c2a1f201e2293e484e8,False,pigdm,noise,2,0,1,0.03,0.221671682968,0,0.25,20.5780697566,0.312287278182,0.457909137011,0.141114592552,0.141114592552,0,reconstructions/d4edbcc97ec00f079508e13004cf8c0e01806e2a1c89e0eb93c0e8df45158196/pigdm-noise-2.0-0-1.pt
d4edbcc97ec00f079508e13004cf8c0e01806e2a1c89e0eb93c0e8df45158196,3edb09d41378dfae155626fe72b75a2c4bde6a58,cff553233941e75169564d196f318bbdd728713e0809f049f5ada55d92b57e1e,7e25783c0a7c26e9b9f205121679098986989cb4fa109a54923972afe75d60ce,ac6168d8c51a9220ff3b88b5de5c6038c357dcd1c8a36c2a1f201e2293e484e8,False,zero_filled,noise,2,0,2,0.03,0.221671682968,0,0.25,19.7140299136,0.564251840883,0.209074571729,0.0821735113859,0.0821735113859,0,reconstructions/d4edbcc97ec00f079508e13004cf8c0e01806e2a1c89e0eb93c0e8df45158196/zero_filled-noise-2.0-0-2.pt
d4edbcc97ec00f079508e13004cf8c0e01806e2a1c89e0eb93c0e8df45158196,3edb09d41378dfae155626fe72b75a2c4bde6a58,cff553233941e75169564d196f318bbdd728713e0809f049f5ada55d92b57e1e,7e25783c0a7c26e9b9f205121679098986989cb4fa109a54923972afe75d60ce,ac6168d8c51a9220ff3b88b5de5c6038c357dcd1c8a36c2a1f201e2293e484e8,False,tv,noise,2,0,2,0.03,0.221671682968,0,0.25,23.3861487909,0.847903183694,0.0454960241914,0.0539273731411,0.0539273731411,0,reconstructions/d4edbcc97ec00f079508e13004cf8c0e01806e2a1c89e0eb93c0e8df45158196/tv-noise-2.0-0-2.pt
d4edbcc97ec00f079508e13004cf8c0e01806e2a1c89e0eb93c0e8df45158196,3edb09d41378dfae155626fe72b75a2c4bde6a58,cff553233941e75169564d196f318bbdd728713e0809f049f5ada55d92b57e1e,7e25783c0a7c26e9b9f205121679098986989cb4fa109a54923972afe75d60ce,ac6168d8c51a9220ff3b88b5de5c6038c357dcd1c8a36c2a1f201e2293e484e8,False,dps,noise,2,0,2,0.03,0.221671682968,0,0.25,11.3987603717,0.185226759458,0.151028990746,0.561881065369,0.561881065369,0,reconstructions/d4edbcc97ec00f079508e13004cf8c0e01806e2a1c89e0eb93c0e8df45158196/dps-noise-2.0-0-2.pt
d4edbcc97ec00f079508e13004cf8c0e01806e2a1c89e0eb93c0e8df45158196,3edb09d41378dfae155626fe72b75a2c4bde6a58,cff553233941e75169564d196f318bbdd728713e0809f049f5ada55d92b57e1e,7e25783c0a7c26e9b9f205121679098986989cb4fa109a54923972afe75d60ce,ac6168d8c51a9220ff3b88b5de5c6038c357dcd1c8a36c2a1f201e2293e484e8,False,diffpir,noise,2,0,2,0.03,0.221671682968,0,0.25,6.9433248183,0.0918410011022,0.775108993053,0.52276724577,0.52276724577,0,reconstructions/d4edbcc97ec00f079508e13004cf8c0e01806e2a1c89e0eb93c0e8df45158196/diffpir-noise-2.0-0-2.pt
d4edbcc97ec00f079508e13004cf8c0e01806e2a1c89e0eb93c0e8df45158196,3edb09d41378dfae155626fe72b75a2c4bde6a58,cff553233941e75169564d196f318bbdd728713e0809f049f5ada55d92b57e1e,7e25783c0a7c26e9b9f205121679098986989cb4fa109a54923972afe75d60ce,ac6168d8c51a9220ff3b88b5de5c6038c357dcd1c8a36c2a1f201e2293e484e8,False,pigdm,noise,2,0,2,0.03,0.221671682968,0,0.25,14.2832518107,0.335600600397,0.199686944485,0.381107002497,0.381107002497,0,reconstructions/d4edbcc97ec00f079508e13004cf8c0e01806e2a1c89e0eb93c0e8df45158196/pigdm-noise-2.0-0-2.pt
d4edbcc97ec00f079508e13004cf8c0e01806e2a1c89e0eb93c0e8df45158196,3edb09d41378dfae155626fe72b75a2c4bde6a58,cff553233941e75169564d196f318bbdd728713e0809f049f5ada55d92b57e1e,7e25783c0a7c26e9b9f205121679098986989cb4fa109a54923972afe75d60ce,ac6168d8c51a9220ff3b88b5de5c6038c357dcd1c8a36c2a1f201e2293e484e8,False,zero_filled,noise,2,0,3,0.03,0.221671682968,0,0.25,21.9416295764,0.599393559549,0.285628318787,0.0469795577228,0.0469795577228,0,reconstructions/d4edbcc97ec00f079508e13004cf8c0e01806e2a1c89e0eb93c0e8df45158196/zero_filled-noise-2.0-0-3.pt
d4edbcc97ec00f079508e13004cf8c0e01806e2a1c89e0eb93c0e8df45158196,3edb09d41378dfae155626fe72b75a2c4bde6a58,cff553233941e75169564d196f318bbdd728713e0809f049f5ada55d92b57e1e,7e25783c0a7c26e9b9f205121679098986989cb4fa109a54923972afe75d60ce,ac6168d8c51a9220ff3b88b5de5c6038c357dcd1c8a36c2a1f201e2293e484e8,False,tv,noise,2,0,3,0.03,0.221671682968,0,0.25,27.067018885,0.7841298705,0.183015942574,0.0369923226535,0.0369923226535,0,reconstructions/d4edbcc97ec00f079508e13004cf8c0e01806e2a1c89e0eb93c0e8df45158196/tv-noise-2.0-0-3.pt
d4edbcc97ec00f079508e13004cf8c0e01806e2a1c89e0eb93c0e8df45158196,3edb09d41378dfae155626fe72b75a2c4bde6a58,cff553233941e75169564d196f318bbdd728713e0809f049f5ada55d92b57e1e,7e25783c0a7c26e9b9f205121679098986989cb4fa109a54923972afe75d60ce,ac6168d8c51a9220ff3b88b5de5c6038c357dcd1c8a36c2a1f201e2293e484e8,False,dps,noise,2,0,3,0.03,0.221671682968,0,0.25,5.5623117989,0.0365989035796,0.593524515629,0.840676605701,0.840676605701,0,reconstructions/d4edbcc97ec00f079508e13004cf8c0e01806e2a1c89e0eb93c0e8df45158196/dps-noise-2.0-0-3.pt
d4edbcc97ec00f079508e13004cf8c0e01806e2a1c89e0eb93c0e8df45158196,3edb09d41378dfae155626fe72b75a2c4bde6a58,cff553233941e75169564d196f318bbdd728713e0809f049f5ada55d92b57e1e,7e25783c0a7c26e9b9f205121679098986989cb4fa109a54923972afe75d60ce,ac6168d8c51a9220ff3b88b5de5c6038c357dcd1c8a36c2a1f201e2293e484e8,False,diffpir,noise,2,0,3,0.03,0.221671682968,0,0.25,8.23815918828,0.0402460018219,0.877570748329,0.199454292655,0.199454292655,0,reconstructions/d4edbcc97ec00f079508e13004cf8c0e01806e2a1c89e0eb93c0e8df45158196/diffpir-noise-2.0-0-3.pt
d4edbcc97ec00f079508e13004cf8c0e01806e2a1c89e0eb93c0e8df45158196,3edb09d41378dfae155626fe72b75a2c4bde6a58,cff553233941e75169564d196f318bbdd728713e0809f049f5ada55d92b57e1e,7e25783c0a7c26e9b9f205121679098986989cb4fa109a54923972afe75d60ce,ac6168d8c51a9220ff3b88b5de5c6038c357dcd1c8a36c2a1f201e2293e484e8,False,pigdm,noise,2,0,3,0.03,0.221671682968,0,0.25,17.6229613512,0.342300500342,0.271454364061,0.158549934626,0.158549934626,0,reconstructions/d4edbcc97ec00f079508e13004cf8c0e01806e2a1c89e0eb93c0e8df45158196/pigdm-noise-2.0-0-3.pt
d4edbcc97ec00f079508e13004cf8c0e01806e2a1c89e0eb93c0e8df45158196,3edb09d41378dfae155626fe72b75a2c4bde6a58,cff553233941e75169564d196f318bbdd728713e0809f049f5ada55d92b57e1e,7e25783c0a7c26e9b9f205121679098986989cb4fa109a54923972afe75d60ce,ac6168d8c51a9220ff3b88b5de5c6038c357dcd1c8a36c2a1f201e2293e484e8,False,zero_filled,noise,2,0,4,0.03,0.221671682968,0,0.25,21.6368899123,0.720942373847,0.167351126671,0.0440724603832,0.0440724603832,0,reconstructions/d4edbcc97ec00f079508e13004cf8c0e01806e2a1c89e0eb93c0e8df45158196/zero_filled-noise-2.0-0-4.pt
d4edbcc97ec00f079508e13004cf8c0e01806e2a1c89e0eb93c0e8df45158196,3edb09d41378dfae155626fe72b75a2c4bde6a58,cff553233941e75169564d196f318bbdd728713e0809f049f5ada55d92b57e1e,7e25783c0a7c26e9b9f205121679098986989cb4fa109a54923972afe75d60ce,ac6168d8c51a9220ff3b88b5de5c6038c357dcd1c8a36c2a1f201e2293e484e8,False,tv,noise,2,0,4,0.03,0.221671682968,0,0.25,24.2004617694,0.789078127274,0.0813751146197,0.0327188670635,0.0327188670635,0,reconstructions/d4edbcc97ec00f079508e13004cf8c0e01806e2a1c89e0eb93c0e8df45158196/tv-noise-2.0-0-4.pt
d4edbcc97ec00f079508e13004cf8c0e01806e2a1c89e0eb93c0e8df45158196,3edb09d41378dfae155626fe72b75a2c4bde6a58,cff553233941e75169564d196f318bbdd728713e0809f049f5ada55d92b57e1e,7e25783c0a7c26e9b9f205121679098986989cb4fa109a54923972afe75d60ce,ac6168d8c51a9220ff3b88b5de5c6038c357dcd1c8a36c2a1f201e2293e484e8,False,dps,noise,2,0,4,0.03,0.221671682968,0,0.25,10.9549632134,0.11180096879,0.217266917229,0.405591785908,0.405591785908,0,reconstructions/d4edbcc97ec00f079508e13004cf8c0e01806e2a1c89e0eb93c0e8df45158196/dps-noise-2.0-0-4.pt
d4edbcc97ec00f079508e13004cf8c0e01806e2a1c89e0eb93c0e8df45158196,3edb09d41378dfae155626fe72b75a2c4bde6a58,cff553233941e75169564d196f318bbdd728713e0809f049f5ada55d92b57e1e,7e25783c0a7c26e9b9f205121679098986989cb4fa109a54923972afe75d60ce,ac6168d8c51a9220ff3b88b5de5c6038c357dcd1c8a36c2a1f201e2293e484e8,False,diffpir,noise,2,0,4,0.03,0.221671682968,0,0.25,8.21173868034,0.11196378746,0.806024730206,0.211119547486,0.211119547486,0,reconstructions/d4edbcc97ec00f079508e13004cf8c0e01806e2a1c89e0eb93c0e8df45158196/diffpir-noise-2.0-0-4.pt
d4edbcc97ec00f079508e13004cf8c0e01806e2a1c89e0eb93c0e8df45158196,3edb09d41378dfae155626fe72b75a2c4bde6a58,cff553233941e75169564d196f318bbdd728713e0809f049f5ada55d92b57e1e,7e25783c0a7c26e9b9f205121679098986989cb4fa109a54923972afe75d60ce,ac6168d8c51a9220ff3b88b5de5c6038c357dcd1c8a36c2a1f201e2293e484e8,False,pigdm,noise,2,0,4,0.03,0.221671682968,0,0.25,19.015648882,0.512347045905,0.0771708637476,0.131089225411,0.131089225411,0,reconstructions/d4edbcc97ec00f079508e13004cf8c0e01806e2a1c89e0eb93c0e8df45158196/pigdm-noise-2.0-0-4.pt
d4edbcc97ec00f079508e13004cf8c0e01806e2a1c89e0eb93c0e8df45158196,3edb09d41378dfae155626fe72b75a2c4bde6a58,cff553233941e75169564d196f318bbdd728713e0809f049f5ada55d92b57e1e,7e25783c0a7c26e9b9f205121679098986989cb4fa109a54923972afe75d60ce,ac6168d8c51a9220ff3b88b5de5c6038c357dcd1c8a36c2a1f201e2293e484e8,False,zero_filled,noise,2,0,5,0.03,0.221671682968,0,0.25,22.001199642,0.642262153106,0.365350067616,0.0400173664093,0.0400173664093,0,reconstructions/d4edbcc97ec00f079508e13004cf8c0e01806e2a1c89e0eb93c0e8df45158196/zero_filled-noise-2.0-0-5.pt
d4edbcc97ec00f079508e13004cf8c0e01806e2a1c89e0eb93c0e8df45158196,3edb09d41378dfae155626fe72b75a2c4bde6a58,cff553233941e75169564d196f318bbdd728713e0809f049f5ada55d92b57e1e,7e25783c0a7c26e9b9f205121679098986989cb4fa109a54923972afe75d60ce,ac6168d8c51a9220ff3b88b5de5c6038c357dcd1c8a36c2a1f201e2293e484e8,False,tv,noise,2,0,5,0.03,0.221671682968,0,0.25,23.0841255457,0.634394964779,0.210670739412,0.0374664403498,0.0374664403498,0,reconstructions/d4edbcc97ec00f079508e13004cf8c0e01806e2a1c89e0eb93c0e8df45158196/tv-noise-2.0-0-5.pt
d4edbcc97ec00f079508e13004cf8c0e01806e2a1c89e0eb93c0e8df45158196,3edb09d41378dfae155626fe72b75a2c4bde6a58,cff553233941e75169564d196f318bbdd728713e0809f049f5ada55d92b57e1e,7e25783c0a7c26e9b9f205121679098986989cb4fa109a54923972afe75d60ce,ac6168d8c51a9220ff3b88b5de5c6038c357dcd1c8a36c2a1f201e2293e484e8,False,dps,noise,2,0,5,0.03,0.221671682968,0,0.25,9.72978140185,0.0818735080597,0.656715035439,0.462106645107,0.462106645107,0,reconstructions/d4edbcc97ec00f079508e13004cf8c0e01806e2a1c89e0eb93c0e8df45158196/dps-noise-2.0-0-5.pt
d4edbcc97ec00f079508e13004cf8c0e01806e2a1c89e0eb93c0e8df45158196,3edb09d41378dfae155626fe72b75a2c4bde6a58,cff553233941e75169564d196f318bbdd728713e0809f049f5ada55d92b57e1e,7e25783c0a7c26e9b9f205121679098986989cb4fa109a54923972afe75d60ce,ac6168d8c51a9220ff3b88b5de5c6038c357dcd1c8a36c2a1f201e2293e484e8,False,diffpir,noise,2,0,5,0.03,0.221671682968,0,0.25,8.63248158831,0.072259192313,0.69768178463,0.159984260798,0.159984260798,0,reconstructions/d4edbcc97ec00f079508e13004cf8c0e01806e2a1c89e0eb93c0e8df45158196/diffpir-noise-2.0-0-5.pt
d4edbcc97ec00f079508e13004cf8c0e01806e2a1c89e0eb93c0e8df45158196,3edb09d41378dfae155626fe72b75a2c4bde6a58,cff553233941e75169564d196f318bbdd728713e0809f049f5ada55d92b57e1e,7e25783c0a7c26e9b9f205121679098986989cb4fa109a54923972afe75d60ce,ac6168d8c51a9220ff3b88b5de5c6038c357dcd1c8a36c2a1f201e2293e484e8,False,pigdm,noise,2,0,5,0.03,0.221671682968,0,0.25,17.8253541652,0.236125852313,0.346897274256,0.139266595244,0.139266595244,0,reconstructions/d4edbcc97ec00f079508e13004cf8c0e01806e2a1c89e0eb93c0e8df45158196/pigdm-noise-2.0-0-5.pt
d4edbcc97ec00f079508e13004cf8c0e01806e2a1c89e0eb93c0e8df45158196,3edb09d41378dfae155626fe72b75a2c4bde6a58,cff553233941e75169564d196f318bbdd728713e0809f049f5ada55d92b57e1e,7e25783c0a7c26e9b9f205121679098986989cb4fa109a54923972afe75d60ce,ac6168d8c51a9220ff3b88b5de5c6038c357dcd1c8a36c2a1f201e2293e484e8,False,zero_filled,noise,2,0,6,0.03,0.221671682968,0,0.25,18.072035998,0.509170001742,0.274148732424,0.0898019596934,0.0898019596934,0,reconstructions/d4edbcc97ec00f079508e13004cf8c0e01806e2a1c89e0eb93c0e8df45158196/zero_filled-noise-2.0-0-6.pt
d4edbcc97ec00f079508e13004cf8c0e01806e2a1c89e0eb93c0e8df45158196,3edb09d41378dfae155626fe72b75a2c4bde6a58,cff553233941e75169564d196f318bbdd728713e0809f049f5ada55d92b57e1e,7e25783c0a7c26e9b9f205121679098986989cb4fa109a54923972afe75d60ce,ac6168d8c51a9220ff3b88b5de5c6038c357dcd1c8a36c2a1f201e2293e484e8,False,tv,noise,2,0,6,0.03,0.221671682968,0,0.25,21.8314079802,0.745148188356,0.066240593791,0.0577669888735,0.0577669888735,0,reconstructions/d4edbcc97ec00f079508e13004cf8c0e01806e2a1c89e0eb93c0e8df45158196/tv-noise-2.0-0-6.pt
d4edbcc97ec00f079508e13004cf8c0e01806e2a1c89e0eb93c0e8df45158196,3edb09d41378dfae155626fe72b75a2c4bde6a58,cff553233941e75169564d196f318bbdd728713e0809f049f5ada55d92b57e1e,7e25783c0a7c26e9b9f205121679098986989cb4fa109a54923972afe75d60ce,ac6168d8c51a9220ff3b88b5de5c6038c357dcd1c8a36c2a1f201e2293e484e8,False,dps,noise,2,0,6,0.03,0.221671682968,0,0.25,8.37522144199,0.00896532953977,0.53497838974,0.89525860548,0.89525860548,0,reconstructions/d4edbcc97ec00f079508e13004cf8c0e01806e2a1c89e0eb93c0e8df45158196/dps-noise-2.0-0-6.pt
d4edbcc97ec00f079508e13004cf8c0e01806e2a1c89e0eb93c0e8df45158196,3edb09d41378dfae155626fe72b75a2c4bde6a58,cff553233941e75169564d196f318bbdd728713e0809f049f5ada55d92b57e1e,7e25783c0a7c26e9b9f205121679098986989cb4fa109a54923972afe75d60ce,ac6168d8c51a9220ff3b88b5de5c6038c357dcd1c8a36c2a1f201e2293e484e8,False,diffpir,noise,2,0,6,0.03,0.221671682968,0,0.25,6.77794980661,0.0671287082086,0.71489161253,0.524103999138,0.524103999138,0,reconstructions/d4edbcc97ec00f079508e13004cf8c0e01806e2a1c89e0eb93c0e8df45158196/diffpir-noise-2.0-0-6.pt
d4edbcc97ec00f079508e13004cf8c0e01806e2a1c89e0eb93c0e8df45158196,3edb09d41378dfae155626fe72b75a2c4bde6a58,cff553233941e75169564d196f318bbdd728713e0809f049f5ada55d92b57e1e,7e25783c0a7c26e9b9f205121679098986989cb4fa109a54923972afe75d60ce,ac6168d8c51a9220ff3b88b5de5c6038c357dcd1c8a36c2a1f201e2293e484e8,False,pigdm,noise,2,0,6,0.03,0.221671682968,0,0.25,14.5704652958,0.297982148679,0.195226490498,0.346668899059,0.346668899059,0,reconstructions/d4edbcc97ec00f079508e13004cf8c0e01806e2a1c89e0eb93c0e8df45158196/pigdm-noise-2.0-0-6.pt
d4edbcc97ec00f079508e13004cf8c0e01806e2a1c89e0eb93c0e8df45158196,3edb09d41378dfae155626fe72b75a2c4bde6a58,cff553233941e75169564d196f318bbdd728713e0809f049f5ada55d92b57e1e,7e25783c0a7c26e9b9f205121679098986989cb4fa109a54923972afe75d60ce,ac6168d8c51a9220ff3b88b5de5c6038c357dcd1c8a36c2a1f201e2293e484e8,False,zero_filled,noise,2,0,7,0.03,0.221671682968,0,0.25,20.5633420154,0.58555962536,0.206613197923,0.0729525312781,0.0729525312781,0,reconstructions/d4edbcc97ec00f079508e13004cf8c0e01806e2a1c89e0eb93c0e8df45158196/zero_filled-noise-2.0-0-7.pt
d4edbcc97ec00f079508e13004cf8c0e01806e2a1c89e0eb93c0e8df45158196,3edb09d41378dfae155626fe72b75a2c4bde6a58,cff553233941e75169564d196f318bbdd728713e0809f049f5ada55d92b57e1e,7e25783c0a7c26e9b9f205121679098986989cb4fa109a54923972afe75d60ce,ac6168d8c51a9220ff3b88b5de5c6038c357dcd1c8a36c2a1f201e2293e484e8,False,tv,noise,2,0,7,0.03,0.221671682968,0,0.25,24.3813865241,0.81616764701,0.0538613274693,0.0517907813191,0.0517907813191,0,reconstructions/d4edbcc97ec00f079508e13004cf8c0e01806e2a1c89e0eb93c0e8df45158196/tv-noise-2.0-0-7.pt
d4edbcc97ec00f079508e13004cf8c0e01806e2a1c89e0eb93c0e8df45158196,3edb09d41378dfae155626fe72b75a2c4bde6a58,cff553233941e75169564d196f318bbdd728713e0809f049f5ada55d92b57e1e,7e25783c0a7c26e9b9f205121679098986989cb4fa109a54923972afe75d60ce,ac6168d8c51a9220ff3b88b5de5c6038c357dcd1c8a36c2a1f201e2293e484e8,False,dps,noise,2,0,7,0.03,0.221671682968,0,0.25,6.77408753391,-0.0387825443046,0.379332631826,1.00326883793,1.00326883793,0,reconstructions/d4edbcc97ec00f079508e13004cf8c0e01806e2a1c89e0eb93c0e8df45158196/dps-noise-2.0-0-7.pt
d4edbcc97ec00f079508e13004cf8c0e01806e2a1c89e0eb93c0e8df45158196,3edb09d41378dfae155626fe72b75a2c4bde6a58,cff553233941e75169564d196f318bbdd728713e0809f049f5ada55d92b57e1e,7e25783c0a7c26e9b9f205121679098986989cb4fa109a54923972afe75d60ce,ac6168d8c51a9220ff3b88b5de5c6038c357dcd1c8a36c2a1f201e2293e484e8,False,diffpir,noise,2,0,7,0.03,0.221671682968,0,0.25,7.34913762436,0.0561335565191,0.764802634716,0.44474375248,0.44474375248,0,reconstructions/d4edbcc97ec00f079508e13004cf8c0e01806e2a1c89e0eb93c0e8df45158196/diffpir-noise-2.0-0-7.pt
d4edbcc97ec00f079508e13004cf8c0e01806e2a1c89e0eb93c0e8df45158196,3edb09d41378dfae155626fe72b75a2c4bde6a58,cff553233941e75169564d196f318bbdd728713e0809f049f5ada55d92b57e1e,7e25783c0a7c26e9b9f205121679098986989cb4fa109a54923972afe75d60ce,ac6168d8c51a9220ff3b88b5de5c6038c357dcd1c8a36c2a1f201e2293e484e8,False,pigdm,noise,2,0,7,0.03,0.221671682968,0,0.25,15.5938075768,0.296670456821,0.24476519227,0.306133687496,0.306133687496,0,reconstructions/d4edbcc97ec00f079508e13004cf8c0e01806e2a1c89e0eb93c0e8df45158196/pigdm-noise-2.0-0-7.pt
d4edbcc97ec00f079508e13004cf8c0e01806e2a1c89e0eb93c0e8df45158196,3edb09d41378dfae155626fe72b75a2c4bde6a58,cff553233941e75169564d196f318bbdd728713e0809f049f5ada55d92b57e1e,7e25783c0a7c26e9b9f205121679098986989cb4fa109a54923972afe75d60ce,ac6168d8c51a9220ff3b88b5de5c6038c357dcd1c8a36c2a1f201e2293e484e8,False,zero_filled,noise,2,1,0,0.03,0.221671682968,0,0.25,22.2046624824,0.63262735649,0.28461125493,0.036162558943,0.036162558943,0,reconstructions/d4edbcc97ec00f079508e13004cf8c0e01806e2a1c89e0eb93c0e8df45158196/zero_filled-noise-2.0-1-0.pt
d4edbcc97ec00f079508e13004cf8c0e01806e2a1c89e0eb93c0e8df45158196,3edb09d41378dfae155626fe72b75a2c4bde6a58,cff553233941e75169564d196f318bbdd728713e0809f049f5ada55d92b57e1e,7e25783c0a7c26e9b9f205121679098986989cb4fa109a54923972afe75d60ce,ac6168d8c51a9220ff3b88b5de5c6038c357dcd1c8a36c2a1f201e2293e484e8,False,tv,noise,2,1,0,0.03,0.221671682968,0,0.25,23.7228868583,0.67237846201,0.118301518261,0.0363738834858,0.0363738834858,0,reconstructions/d4edbcc97ec00f079508e13004cf8c0e01806e2a1c89e0eb93c0e8df45158196/tv-noise-2.0-1-0.pt
d4edbcc97ec00f079508e13004cf8c0e01806e2a1c89e0eb93c0e8df45158196,3edb09d41378dfae155626fe72b75a2c4bde6a58,cff553233941e75169564d196f318bbdd728713e0809f049f5ada55d92b57e1e,7e25783c0a7c26e9b9f205121679098986989cb4fa109a54923972afe75d60ce,ac6168d8c51a9220ff3b88b5de5c6038c357dcd1c8a36c2a1f201e2293e484e8,False,dps,noise,2,1,0,0.03,0.221671682968,0,0.25,10.2190752859,0.113151392289,0.340085685253,0.46885073185,0.46885073185,0,reconstructions/d4edbcc97ec00f079508e13004cf8c0e01806e2a1c89e0eb93c0e8df45158196/dps-noise-2.0-1-0.pt
d4edbcc97ec00f079508e13004cf8c0e01806e2a1c89e0eb93c0e8df45158196,3edb09d41378dfae155626fe72b75a2c4bde6a58,cff553233941e75169564d196f318bbdd728713e0809f049f5ada55d92b57e1e,7e25783c0a7c26e9b9f205121679098986989cb4fa109a54923972afe75d60ce,ac6168d8c51a9220ff3b88b5de5c6038c357dcd1c8a36c2a1f201e2293e484e8,False,diffpir,noise,2,1,0,0.03,0.221671682968,0,0.25,9.11723112909,0.0607580339335,0.674253821373,0.13489857316,0.13489857316,0,reconstructions/d4edbcc97ec00f079508e13004cf8c0e01806e2a1c89e0eb93c0e8df45158196/diffpir-noise-2.0-1-0.pt
d4edbcc97ec00f079508e13004cf8c0e01806e2a1c89e0eb93c0e8df45158196,3edb09d41378dfae155626fe72b75a2c4bde6a58,cff553233941e75169564d196f318bbdd728713e0809f049f5ada55d92b57e1e,7e25783c0a7c26e9b9f205121679098986989cb4fa109a54923972afe75d60ce,ac6168d8c51a9220ff3b88b5de5c6038c357dcd1c8a36c2a1f201e2293e484e8,False,pigdm,noise,2,1,0,0.03,0.221671682968,0,0.25,17.9133974277,0.27544485628,0.352723896503,0.149745211005,0.149745211005,0,reconstructions/d4edbcc97ec00f079508e13004cf8c0e01806e2a1c89e0eb93c0e8df45158196/pigdm-noise-2.0-1-0.pt
d4edbcc97ec00f079508e13004cf8c0e01806e2a1c89e0eb93c0e8df45158196,3edb09d41378dfae155626fe72b75a2c4bde6a58,cff553233941e75169564d196f318bbdd728713e0809f049f5ada55d92b57e1e,7e25783c0a7c26e9b9f205121679098986989cb4fa109a54923972afe75d60ce,ac6168d8c51a9220ff3b88b5de5c6038c357dcd1c8a36c2a1f201e2293e484e8,False,zero_filled,noise,2,1,1,0.03,0.221671682968,0,0.25,24.7355750564,0.678192674721,0.417637109756,0.0395005047321,0.0395005047321,0,reconstructions/d4edbcc97ec00f079508e13004cf8c0e01806e2a1c89e0eb93c0e8df45158196/zero_filled-noise-2.0-1-1.pt
d4edbcc97ec00f079508e13004cf8c0e01806e2a1c89e0eb93c0e8df45158196,3edb09d41378dfae155626fe72b75a2c4bde6a58,cff553233941e75169564d196f318bbdd728713e0809f049f5ada55d92b57e1e,7e25783c0a7c26e9b9f205121679098986989cb4fa109a54923972afe75d60ce,ac6168d8c51a9220ff3b88b5de5c6038c357dcd1c8a36c2a1f201e2293e484e8,False,tv,noise,2,1,1,0.03,0.221671682968,0,0.25,25.9807354937,0.633378917092,0.316274940968,0.0502718649805,0.0502718649805,0,reconstructions/d4edbcc97ec00f079508e13004cf8c0e01806e2a1c89e0eb93c0e8df45158196/tv-noise-2.0-1-1.pt
d4edbcc97ec00f079508e13004cf8c0e01806e2a1c89e0eb93c0e8df45158196,3edb09d41378dfae155626fe72b75a2c4bde6a58,cff553233941e75169564d196f318bbdd728713e0809f049f5ada55d92b57e1e,7e25783c0a7c26e9b9f205121679098986989cb4fa109a54923972afe75d60ce,ac6168d8c51a9220ff3b88b5de5c6038c357dcd1c8a36c2a1f201e2293e484e8,False,dps,noise,2,1,1,0.03,0.221671682968,0,0.25,8.34246340709,0.0286202599698,0.584222972393,0.748759567738,0.748759567738,0,reconstructions/d4edbcc97ec00f079508e13004cf8c0e01806e2a1c89e0eb93c0e8df45158196/dps-noise-2.0-1-1.pt
d4edbcc97ec00f079508e13004cf8c0e01806e2a1c89e0eb93c0e8df45158196,3edb09d41378dfae155626fe72b75a2c4bde6a58,cff553233941e75169564d196f318bbdd728713e0809f049f5ada55d92b57e1e,7e25783c0a7c26e9b9f205121679098986989cb4fa109a54923972afe75d60ce,ac6168d8c51a9220ff3b88b5de5c6038c357dcd1c8a36c2a1f201e2293e484e8,False,diffpir,noise,2,1,1,0.03,0.221671682968,0,0.25,11.7348511878,0.0773288011202,0.545095264912,0.141309410334,0.141309410334,0,reconstructions/d4edbcc97ec00f079508e13004cf8c0e01806e2a1c89e0eb93c0e8df45158196/diffpir-noise-2.0-1-1.pt
d4edbcc97ec00f079508e13004cf8c0e01806e2a1c89e0eb93c0e8df45158196,3edb09d41378dfae155626fe72b75a2c4bde6a58,cff553233941e75169564d196f318bbdd728713e0809f049f5ada55d92b57e1e,7e25783c0a7c26e9b9f205121679098986989cb4fa109a54923972afe75d60ce,ac6168d8c51a9220ff3b88b5de5c6038c357dcd1c8a36c2a1f201e2293e484e8,False,pigdm,noise,2,1,1,0.03,0.221671682968,0,0.25,20.0747389334,0.317243727383,0.25599116087,0.142522200942,0.142522200942,0,reconstructions/d4edbcc97ec00f079508e13004cf8c0e01806e2a1c89e0eb93c0e8df45158196/pigdm-noise-2.0-1-1.pt
d4edbcc97ec00f079508e13004cf8c0e01806e2a1c89e0eb93c0e8df45158196,3edb09d41378dfae155626fe72b75a2c4bde6a58,cff553233941e75169564d196f318bbdd728713e0809f049f5ada55d92b57e1e,7e25783c0a7c26e9b9f205121679098986989cb4fa109a54923972afe75d60ce,ac6168d8c51a9220ff3b88b5de5c6038c357dcd1c8a36c2a1f201e2293e484e8,False,zero_filled,noise,2,1,2,0.03,0.221671682968,0,0.25,19.0949875008,0.545044295258,0.227540493011,0.0716555118561,0.0716555118561,0,reconstructions/d4edbcc97ec00f079508e13004cf8c0e01806e2a1c89e0eb93c0e8df45158196/zero_filled-noise-2.0-1-2.pt
d4edbcc97ec00f079508e13004cf8c0e01806e2a1c89e0eb93c0e8df45158196,3edb09d41378dfae155626fe72b75a2c4bde6a58,cff553233941e75169564d196f318bbdd728713e0809f049f5ada55d92b57e1e,7e25783c0a7c26e9b9f205121679098986989cb4fa109a54923972afe75d60ce,ac6168d8c51a9220ff3b88b5de5c6038c357dcd1c8a36c2a1f201e2293e484e8,False,tv,noise,2,1,2,0.03,0.221671682968,0,0.25,22.2851196043,0.791705732184,0.057649448514,0.0557870790362,0.0557870790362,0,reconstructions/d4edbcc97ec00f079508e13004cf8c0e01806e2a1c89e0eb93c0e8df45158196/tv-noise-2.0-1-2.pt
d4edbcc97ec00f079508e13004cf8c0e01806e2a1c89e0eb93c0e8df45158196,3edb09d41378dfae155626fe72b75a2c4bde6a58,cff553233941e75169564d196f318bbdd728713e0809f049f5ada55d92b57e1e,7e25783c0a7c26e9b9f205121679098986989cb4fa109a54923972afe75d60ce,ac6168d8c51a9220ff3b88b5de5c6038c357dcd1c8a36c2a1f201e2293e484e8,False,dps,noise,2,1,2,0.03,0.221671682968,0,0.25,9.44527058403,0.0638372536497,0.284519582987,0.741458714008,0.741458714008,0,reconstructions/d4edbcc97ec00f079508e13004cf8c0e01806e2a1c89e0eb93c0e8df45158196/dps-noise-2.0-1-2.pt
d4edbcc97ec00f079508e13004cf8c0e01806e2a1c89e0eb93c0e8df45158196,3edb09d41378dfae155626fe72b75a2c4bde6a58,cff553233941e75169564d196f318bbdd728713e0809f049f5ada55d92b57e1e,7e25783c0a7c26e9b9f205121679098986989cb4fa109a54923972afe75d60ce,ac6168d8c51a9220ff3b88b5de5c6038c357dcd1c8a36c2a1f201e2293e484e8,False,diffpir,noise,2,1,2,0.03,0.221671682968,0,0.25,7.1173339149,0.0896329514534,0.678099393845,0.498466491699,0.498466491699,0,reconstructions/d4edbcc97ec00f079508e13004cf8c0e01806e2a1c89e0eb93c0e8df45158196/diffpir-noise-2.0-1-2.pt
d4edbcc97ec00f079508e13004cf8c0e01806e2a1c89e0eb93c0e8df45158196,3edb09d41378dfae155626fe72b75a2c4bde6a58,cff553233941e75169564d196f318bbdd728713e0809f049f5ada55d92b57e1e,7e25783c0a7c26e9b9f205121679098986989cb4fa109a54923972afe75d60ce,ac6168d8c51a9220ff3b88b5de5c6038c357dcd1c8a36c2a1f201e2293e484e8,False,pigdm,noise,2,1,2,0.03,0.221671682968,0,0.25,14.5579105686,0.338658403494,0.138126417994,0.355348408222,0.355348408222,0,reconstructions/d4edbcc97ec00f079508e13004cf8c0e01806e2a1c89e0eb93c0e8df45158196/pigdm-noise-2.0-1-2.pt
d4edbcc97ec00f079508e13004cf8c0e01806e2a1c89e0eb93c0e8df45158196,3edb09d41378dfae155626fe72b75a2c4bde6a58,cff553233941e75169564d196f318bbdd728713e0809f049f5ada55d92b57e1e,7e25783c0a7c26e9b9f205121679098986989cb4fa109a54923972afe75d60ce,ac6168d8c51a9220ff3b88b5de5c6038c357dcd1c8a36c2a1f201e2293e484e8,False,zero_filled,noise,2,1,3,0.03,0.221671682968,0,0.25,21.4834234263,0.608972967773,0.245045855641,0.042365334928,0.042365334928,0,reconstructions/d4edbcc97ec00f079508e13004cf8c0e01806e2a1c89e0eb93c0e8df45158196/zero_filled-noise-2.0-1-3.pt
d4edbcc97ec00f079508e13004cf8c0e01806e2a1c89e0eb93c0e8df45158196,3edb09d41378dfae155626fe72b75a2c4bde6a58,cff553233941e75169564d196f318bbdd728713e0809f049f5ada55d92b57e1e,7e25783c0a7c26e9b9f205121679098986989cb4fa109a54923972afe75d60ce,ac6168d8c51a9220ff3b88b5de5c6038c357dcd1c8a36c2a1f201e2293e484e8,False,tv,noise,2,1,3,0.03,0.221671682968,0,0.25,26.4310100741,0.76344070425,0.178075611591,0.0365573167801,0.0365573167801,0,reconstructions/d4edbcc97ec00f079508e13004cf8c0e01806e2a1c89e0eb93c0e8df45158196/tv-noise-2.0-1-3.pt
d4edbcc97ec00f079508e13004cf8c0e01806e2a1c89e0eb93c0e8df45158196,3edb09d41378dfae155626fe72b75a2c4bde6a58,cff553233941e75169564d196f318bbdd728713e0809f049f5ada55d92b57e1e,7e25783c0a7c26e9b9f205121679098986989cb4fa109a54923972afe75d60ce,ac6168d8c51a9220ff3b88b5de5c6038c357dcd1c8a36c2a1f201e2293e484e8,False,dps,noise,2,1,3,0.03,0.221671682968,0,0.25,12.0305661762,0.151912290662,0.38518679142,0.359732180834,0.359732180834,0,reconstructions/d4edbcc97ec00f079508e13004cf8c0e01806e2a1c89e0eb93c0e8df45158196/dps-noise-2.0-1-3.pt
d4edbcc97ec00f079508e13004cf8c0e01806e2a1c89e0eb93c0e8df45158196,3edb09d41378dfae155626fe72b75a2c4bde6a58,cff553233941e75169564d196f318bbdd728713e0809f049f5ada55d92b57e1e,7e25783c0a7c26e9b9f205121679098986989cb4fa109a54923972afe75d60ce,ac6168d8c51a9220ff3b88b5de5c6038c357dcd1c8a36c2a1f201e2293e484e8,False,diffpir,noise,2,1,3,0.03,0.221671682968,0,0.25,8.58739750917,0.0483788767551,0.831498920918,0.177651643753,0.177651643753,0,reconstructions/d4edbcc97ec00f079508e13004cf8c0e01806e2a1c89e0eb93c0e8df45158196/diffpir-noise-2.0-1-3.pt
d4edbcc97ec00f079508e13004cf8c0e01806e2a1c89e0eb93c0e8df45158196,3edb09d41378dfae155626fe72b75a2c4bde6a58,cff553233941e75169564d196f318bbdd728713e0809f049f5ada55d92b57e1e,7e25783c0a7c26e9b9f205121679098986989cb4fa109a54923972afe75d60ce,ac6168d8c51a9220ff3b88b5de5c6038c357dcd1c8a36c2a1f201e2293e484e8,False,pigdm,noise,2,1,3,0.03,0.221671682968,0,0.25,19.0434576959,0.516332908079,0.17583270371,0.131412118673,0.131412118673,0,reconstructions/d4edbcc97ec00f079508e13004cf8c0e01806e2a1c89e0eb93c0e8df45158196/pigdm-noise-2.0-1-3.pt
d4edbcc97ec00f079508e13004cf8c0e01806e2a1c89e0eb93c0e8df45158196,3edb09d41378dfae155626fe72b75a2c4bde6a58,cff553233941e75169564d196f318bbdd728713e0809f049f5ada55d92b57e1e,7e25783c0a7c26e9b9f205121679098986989cb4fa109a54923972afe75d60ce,ac6168d8c51a9220ff3b88b5de5c6038c357dcd1c8a36c2a1f201e2293e484e8,False,zero_filled,noise,2,1,4,0.03,0.221671682968,0,0.25,21.0439711051,0.694471524014,0.187386095524,0.039288405329,0.039288405329,0,reconstructions/d4edbcc97ec00f079508e13004cf8c0e01806e2a1c89e0eb93c0e8df45158196/zero_filled-noise-2.0-1-4.pt
d4edbcc97ec00f079508e13004cf8c0e01806e2a1c89e0eb93c0e8df45158196,3edb09d41378dfae155626fe72b75a2c4bde6a58,cff553233941e75169564d196f318bbdd728713e0809f049f5ada55d92b57e1e,7e25783c0a7c26e9b9f205121679098986989cb4fa109a54923972afe75d60ce,ac6168d8c51a9220ff3b88b5de5c6038c357dcd1c8a36c2a1f201e2293e484e8,False,tv,noise,2,1,4,0.03,0.221671682968,0,0.25,22.6283952057,0.73807088889,0.0792167037725,0.0332164615393,0.0332164615393,0,reconstructions/d4edbcc97ec00f079508e13004cf8c0e01806e2a1c89e0eb93c0e8df45158196/tv-noise-2.0-1-4.pt
d4edbcc97ec00f079508e13004cf8c0e01806e2a1c89e0eb93c0e8df45158196,3edb09d41378dfae155626fe72b75a2c4bde6a58,cff553233941e75169564d196f318bbdd728713e0809f049f5ada55d92b57e1e,7e25783c0a7c26e9b9f205121679098986989cb4fa109a54923972afe75d60ce,ac6168d8c51a9220ff3b88b5de5c6038c357dcd1c8a36c2a1f201e2293e484e8,False,dps,noise,2,1,4,0.03,0.221671682968,0,0.25,8.15864938278,0.0973021353708,0.470975756645,0.576993763447,0.576993763447,0,reconstructions/d4edbcc97ec00f079508e13004cf8c0e01806e2a1c89e0eb93c0e8df45158196/dps-noise-2.0-1-4.pt
d4edbcc97ec00f079508e13004cf8c0e01806e2a1c89e0eb93c0e8df45158196,3edb09d41378dfae155626fe72b75a2c4bde6a58,cff553233941e75169564d196f318bbdd728713e0809f049f5ada55d92b57e1e,7e25783c0a7c26e9b9f205121679098986989cb4fa109a54923972afe75d60ce,ac6168d8c51a9220ff3b88b5de5c6038c357dcd1c8a36c2a1f201e2293e484e8,False,diffpir,noise,2,1,4,0.03,0.221671682968,0,0.25,8.14750115993,0.101765289562,0.732776403427,0.207995548844,0.207995548844,0,reconstructions/d4edbcc97ec00f079508e13004cf8c0e01806e2a1c89e0eb93c0e8df45158196/diffpir-noise-2.0-1-4.pt
d4edbcc97ec00f079508e13004cf8c0e01806e2a1c89e0eb93c0e8df45158196,3edb09d41378dfae155626fe72b75a2c4bde6a58,cff553233941e75169564d196f318bbdd728713e0809f049f5ada55d92b57e1e,7e25783c0a7c26e9b9f205121679098986989cb4fa109a54923972afe75d60ce,ac6168d8c51a9220ff3b88b5de5c6038c357dcd1c8a36c2a1f201e2293e484e8,False,pigdm,noise,2,1,4,0.03,0.221671682968,0,0.25,18.5724495991,0.48241288333,0.112476624548,0.12630712986,0.12630712986,0,reconstructions/d4edbcc97ec00f079508e13004cf8c0e01806e2a1c89e0eb93c0e8df45158196/pigdm-noise-2.0-1-4.pt
d4edbcc97ec00f079508e13004cf8c0e01806e2a1c89e0eb93c0e8df45158196,3edb09d41378dfae155626fe72b75a2c4bde6a58,cff553233941e75169564d196f318bbdd728713e0809f049f5ada55d92b57e1e,7e25783c0a7c26e9b9f205121679098986989cb4fa109a54923972afe75d60ce,ac6168d8c51a9220ff3b88b5de5c6038c357dcd1c8a36c2a1f201e2293e484e8,False,zero_filled,noise,2,1,5,0.03,0.221671682968,0,0.25,21.2541554907,0.619175223835,0.340990126133,0.0337036922574,0.0337036922574,0,reconstructions/d4edbcc97ec00f079508e13004cf8c0e01806e2a1c89e0eb93c0e8df45158196/zero_filled-noise-2.0-1-5.pt
d4edbcc97ec00f079508e13004cf8c0e01806e2a1c89e0eb93c0e8df45158196,3edb09d41378dfae155626fe72b75a2c4bde6a58,cff553233941e75169564d196f318bbdd728713e0809f049f5ada55d92b57e1e,7e25783c0a7c26e9b9f205121679098986989cb4fa109a54923972afe75d60ce,ac6168d8c51a9220ff3b88b5de5c6038c357dcd1c8a36c2a1f201e2293e484e8,False,tv,noise,2,1,5,0.03,0.221671682968,0,0.25,21.7323703056,0.587475404773,0.245025902987,0.0397246666253,0.0397246666253,0,reconstructions/d4edbcc97ec00f079508e13004cf8c0e01806e2a1c89e0eb93c0e8df45158196/tv-noise-2.0-1-5.pt
d4edbcc97ec00f079508e13004cf8c0e01806e2a1c89e0eb93c0e8df45158196,3edb09d41378dfae155626fe72b75a2c4bde6a58,cff553233941e75169564d196f318bbdd728713e0809f049f5ada55d92b57e1e,7e25783c0a7c26e9b9f205121679098986989cb4fa109a54923972afe75d60ce,ac6168d8c51a9220ff3b88b5de5c6038c357dcd1c8a36c2a1f201e2293e484e8,False,dps,noise,2,1,5,0.03,0.221671682968,0,0.25,8.46733652948,0.0624271652371,0.456103175879,0.515387356281,0.515387356281,0,reconstructions/d4edbcc97ec00f079508e13004cf8c0e01806e2a1c89e0eb93c0e8df45158196/dps-noise-2.0-1-5.pt
d4edbcc97ec00f079508e13004cf8c0e01806e2a1c89e0eb93c0e8df45158196,3edb09d41378dfae155626fe72b75a2c4bde6a58,cff553233941e75169564d196f318bbdd728713e0809f049f5ada55d92b57e1e,7e25783c0a7c26e9b9f205121679098986989cb4fa109a54923972afe75d60ce,ac6168d8c51a9220ff3b88b5de5c6038c357dcd1c8a36c2a1f201e2293e484e8,False,diffpir,noise,2,1,5,0.03,0.221671682968,0,0.25,8.40826067579,0.0392315560279,0.580402314663,0.158680841327,0.158680841327,0,reconstructions/d4edbcc97ec00f079508e13004cf8c0e01806e2a1c89e0eb93c0e8df45158196/diffpir-noise-2.0-1-5.pt
d4edbcc97ec00f079508e13004cf8c0e01806e2a1c89e0eb93c0e8df45158196,3edb09d41378dfae155626fe72b75a2c4bde6a58,cff553233941e75169564d196f318bbdd728713e0809f049f5ada55d92b57e1e,7e25783c0a7c26e9b9f205121679098986989cb4fa109a54923972afe75d60ce,ac6168d8c51a9220ff3b88b5de5c6038c357dcd1c8a36c2a1f201e2293e484e8,False,pigdm,noise,2,1,5,0.03,0.221671682968,0,0.25,16.9274586925,0.192145612192,0.225115776062,0.126953691244,0.126953691244,0,reconstructions/d4edbcc97ec00f079508e13004cf8c0e01806e2a1c89e0eb93c0e8df45158196/pigdm-noise-2.0-1-5.pt
d4edbcc97ec00f079508e13004cf8c0e01806e2a1c89e0eb93c0e8df45158196,3edb09d41378dfae155626fe72b75a2c4bde6a58,cff553233941e75169564d196f318bbdd728713e0809f049f5ada55d92b57e1e,7e25783c0a7c26e9b9f205121679098986989cb4fa109a54923972afe75d60ce,ac6168d8c51a9220ff3b88b5de5c6038c357dcd1c8a36c2a1f201e2293e484e8,False,zero_filled,noise,2,1,6,0.03,0.221671682968,0,0.25,17.8726890634,0.490872731334,0.277838408947,0.0856487005949,0.0856487005949,0,reconstructions/d4edbcc97ec00f079508e13004cf8c0e01806e2a1c89e0eb93c0e8df45158196/zero_filled-noise-2.0-1-6.pt
d4edbcc97ec00f079508e13004cf8c0e01806e2a1c89e0eb93c0e8df45158196,3edb09d41378dfae155626fe72b75a2c4bde6a58,cff553233941e75169564d196f318bbdd728713e0809f049f5ada55d92b57e1e,7e25783c0a7c26e9b9f205121679098986989cb4fa109a54923972afe75d60ce,ac6168d8c51a9220ff3b88b5de5c6038c357dcd1c8a36c2a1f201e2293e484e8,False,tv,noise,2,1,6,0.03,0.221671682968,0,0.25,21.6924840194,0.738317133668,0.0691543072462,0.0617213658988,0.0617213658988,0,reconstructions/d4edbcc97ec00f079508e13004cf8c0e01806e2a1c89e0eb93c0e8df45158196/tv-noise-2.0-1-6.pt
d4edbcc97ec00f079508e13004cf8c0e01806e2a1c89e0eb93c0e8df45158196,3edb09d41378dfae155626fe72b75a2c4bde6a58,cff553233941e75169564d196f318bbdd728713e0809f049f5ada55d92b57e1e,7e25783c0a7c26e9b9f205121679098986989cb4fa109a54923972afe75d60ce,ac6168d8c51a9220ff3b88b5de5c6038c357dcd1c8a36c2a1f201e2293e484e8,False,dps,noise,2,1,6,0.03,0.221671682968,0,0.25,5.75103506549,-0.0280616068875,0.471248924732,1.23349559307,1.23349559307,0,reconstructions/d4edbcc97ec00f079508e13004cf8c0e01806e2a1c89e0eb93c0e8df45158196/dps-noise-2.0-1-6.pt
d4edbcc97ec00f079508e13004cf8c0e01806e2a1c89e0eb93c0e8df45158196,3edb09d41378dfae155626fe72b75a2c4bde6a58,cff553233941e75169564d196f318bbdd728713e0809f049f5ada55d92b57e1e,7e25783c0a7c26e9b9f205121679098986989cb4fa109a54923972afe75d60ce,ac6168d8c51a9220ff3b88b5de5c6038c357dcd1c8a36c2a1f201e2293e484e8,False,diffpir,noise,2,1,6,0.03,0.221671682968,0,0.25,7.01038025001,0.0775660555131,0.764940619469,0.524432241917,0.524432241917,0,reconstructions/d4edbcc97ec00f079508e13004cf8c0e01806e2a1c89e0eb93c0e8df45158196/diffpir-noise-2.0-1-6.pt
d4edbcc97ec00f079508e13004cf8c0e01806e2a1c89e0eb93c0e8df45158196,3edb09d41378dfae155626fe72b75a2c4bde6a58,cff553233941e75169564d196f318bbdd728713e0809f049f5ada55d92b57e1e,7e25783c0a7c26e9b9f205121679098986989cb4fa109a54923972afe75d60ce,ac6168d8c51a9220ff3b88b5de5c6038c357dcd1c8a36c2a1f201e2293e484e8,False,pigdm,noise,2,1,6,0.03,0.221671682968,0,0.25,14.5032795138,0.268361621272,0.172574236989,0.322179883718,0.322179883718,0,reconstructions/d4edbcc97ec00f079508e13004cf8c0e01806e2a1c89e0eb93c0e8df45158196/pigdm-noise-2.0-1-6.pt
d4edbcc97ec00f079508e13004cf8c0e01806e2a1c89e0eb93c0e8df45158196,3edb09d41378dfae155626fe72b75a2c4bde6a58,cff553233941e75169564d196f318bbdd728713e0809f049f5ada55d92b57e1e,7e25783c0a7c26e9b9f205121679098986989cb4fa109a54923972afe75d60ce,ac6168d8c51a9220ff3b88b5de5c6038c357dcd1c8a36c2a1f201e2293e484e8,False,zero_filled,noise,2,1,7,0.03,0.221671682968,0,0.25,20.1585913938,0.59013865812,0.227954864502,0.066825017333,0.066825017333,0,reconstructions/d4edbcc97ec00f079508e13004cf8c0e01806e2a1c89e0eb93c0e8df45158196/zero_filled-noise-2.0-1-7.pt
d4edbcc97ec00f079508e13004cf8c0e01806e2a1c89e0eb93c0e8df45158196,3edb09d41378dfae155626fe72b75a2c4bde6a58,cff553233941e75169564d196f318bbdd728713e0809f049f5ada55d92b57e1e,7e25783c0a7c26e9b9f205121679098986989cb4fa109a54923972afe75d60ce,ac6168d8c51a9220ff3b88b5de5c6038c357dcd1c8a36c2a1f201e2293e484e8,False,tv,noise,2,1,7,0.03,0.221671682968,0,0.25,23.7665318715,0.772506456193,0.0709505975246,0.0525614023209,0.0525614023209,0,reconstructions/d4edbcc97ec00f079508e13004cf8c0e01806e2a1c89e0eb93c0e8df45158196/tv-noise-2.0-1-7.pt
d4edbcc97ec00f079508e13004cf8c0e01806e2a1c89e0eb93c0e8df45158196,3edb09d41378dfae155626fe72b75a2c4bde6a58,cff553233941e75169564d196f318bbdd728713e0809f049f5ada55d92b57e1e,7e25783c0a7c26e9b9f205121679098986989cb4fa109a54923972afe75d60ce,ac6168d8c51a9220ff3b88b5de5c6038c357dcd1c8a36c2a1f201e2293e484e8,False,dps,noise,2,1,7,0.03,0.221671682968,0,0.25,4.94097181774,0.0086788788766,0.449072420597,1.28597438335,1.28597438335,0,reconstructions/d4edbcc97ec00f079508e13004cf8c0e01806e2a1c89e0eb93c0e8df45158196/dps-noise-2.0-1-7.pt
d4edbcc97ec00f079508e13004cf8c0e01806e2a1c89e0eb93c0e8df45158196,3edb09d41378dfae155626fe72b75a2c4bde6a58,cff553233941e75169564d196f318bbdd728713e0809f049f5ada55d92b57e1e,7e25783c0a7c26e9b9f205121679098986989cb4fa109a54923972afe75d60ce,ac6168d8c51a9220ff3b88b5de5c6038c357dcd1c8a36c2a1f201e2293e484e8,False,diffpir,noise,2,1,7,0.03,0.221671682968,0,0.25,7.50202283373,0.0447389365119,0.706649422646,0.408825904131,0.408825904131,0,reconstructions/d4edbcc97ec00f079508e13004cf8c0e01806e2a1c89e0eb93c0e8df45158196/diffpir-noise-2.0-1-7.pt
d4edbcc97ec00f079508e13004cf8c0e01806e2a1c89e0eb93c0e8df45158196,3edb09d41378dfae155626fe72b75a2c4bde6a58,cff553233941e75169564d196f318bbdd728713e0809f049f5ada55d92b57e1e,7e25783c0a7c26e9b9f205121679098986989cb4fa109a54923972afe75d60ce,ac6168d8c51a9220ff3b88b5de5c6038c357dcd1c8a36c2a1f201e2293e484e8,False,pigdm,noise,2,1,7,0.03,0.221671682968,0,0.25,14.3997678767,0.264434014095,0.28452321887,0.367414295673,0.367414295673,0,reconstructions/d4edbcc97ec00f079508e13004cf8c0e01806e2a1c89e0eb93c0e8df45158196/pigdm-noise-2.0-1-7.pt
d4edbcc97ec00f079508e13004cf8c0e01806e2a1c89e0eb93c0e8df45158196,3edb09d41378dfae155626fe72b75a2c4bde6a58,cff553233941e75169564d196f318bbdd728713e0809f049f5ada55d92b57e1e,7e25783c0a7c26e9b9f205121679098986989cb4fa109a54923972afe75d60ce,ac6168d8c51a9220ff3b88b5de5c6038c357dcd1c8a36c2a1f201e2293e484e8,False,zero_filled,noise,2,2,0,0.03,0.221671682968,0,0.25,21.8298625337,0.60077281683,0.326059550047,0.0329605676234,0.0329605676234,0,reconstructions/d4edbcc97ec00f079508e13004cf8c0e01806e2a1c89e0eb93c0e8df45158196/zero_filled-noise-2.0-2-0.pt
d4edbcc97ec00f079508e13004cf8c0e01806e2a1c89e0eb93c0e8df45158196,3edb09d41378dfae155626fe72b75a2c4bde6a58,cff553233941e75169564d196f318bbdd728713e0809f049f5ada55d92b57e1e,7e25783c0a7c26e9b9f205121679098986989cb4fa109a54923972afe75d60ce,ac6168d8c51a9220ff3b88b5de5c6038c357dcd1c8a36c2a1f201e2293e484e8,False,tv,noise,2,2,0,0.03,0.221671682968,0,0.25,22.7166304714,0.616398392161,0.140605896711,0.0359233804047,0.0359233804047,0,reconstructions/d4edbcc97ec00f079508e13004cf8c0e01806e2a1c89e0eb93c0e8df45158196/tv-noise-2.0-2-0.pt
d4edbcc97ec00f079508e13004cf8c0e01806e2a1c89e0eb93c0e8df45158196,3edb09d41378dfae155626fe72b75a2c4bde6a58,cff553233941e75169564d196f318bbdd728713e0809f049f5ada55d92b57e1e,7e25783c0a7c26e9b9f205121679098986989cb4fa109a54923972afe75d60ce,ac6168d8c51a9220ff3b88b5de5c6038c357dcd1c8a36c2a1f201e2293e484e8,False,dps,noise,2,2,0,0.03,0.221671682968,0,0.25,10.1902226352,0.0603574707974,0.298761934042,0.459459006786,0.459459006786,0,reconstructions/d4edbcc97ec00f079508e13004cf8c0e01806e2a1c89e0eb93c0e8df45158196/dps-noise-2.0-2-0.pt
d4edbcc97ec00f079508e13004cf8c0e01806e2a1c89e0eb93c0e8df45158196,3edb09d41378dfae155626fe72b75a2c4bde6a58,cff553233941e75169564d196f318bbdd728713e0809f049f5ada55d92b57e1e,7e25783c0a7c26e9b9f205121679098986989cb4fa109a54923972afe75d60ce,ac6168d8c51a9220ff3b88b5de5c6038c357dcd1c8a36c2a1f201e2293e484e8,False,diffpir,noise,2,2,0,0.03,0.221671682968,0,0.25,8.94966141145,0.0708454651722,0.630219101906,0.141472518444,0.141472518444,0,reconstructions/d4edbcc97ec00f079508e13004cf8c0e01806e2a1c89e0eb93c0e8df45158196/diffpir-noise-2.0-2-0.pt
d4edbcc97ec00f079508e13004cf8c0e01806e2a1c89e0eb93c0e8df45158196,3edb09d41378dfae155626fe72b75a2c4bde6a58,cff553233941e75169564d196f318bbdd728713e0809f049f5ada55d92b57e1e,7e25783c0a7c26e9b9f205121679098986989cb4fa109a54923972afe75d60ce,ac6168d8c51a9220ff3b88b5de5c6038c357dcd1c8a36c2a1f201e2293e484e8,False,pigdm,noise,2,2,0,0.03,0.221671682968,0,0.25,17.956375202,0.284762824805,0.264557301998,0.133935153484,0.133935153484,0,reconstructions/d4edbcc97ec00f079508e13004cf8c0e01806e2a1c89e0eb93c0e8df45158196/pigdm-noise-2.0-2-0.pt
d4edbcc97ec00f079508e13004cf8c0e01806e2a1c89e0eb93c0e8df45158196,3edb09d41378dfae155626fe72b75a2c4bde6a58,cff553233941e75169564d196f318bbdd728713e0809f049f5ada55d92b57e1e,7e25783c0a7c26e9b9f205121679098986989cb4fa109a54923972afe75d60ce,ac6168d8c51a9220ff3b88b5de5c6038c357dcd1c8a36c2a1f201e2293e484e8,False,zero_filled,noise,2,2,1,0.03,0.221671682968,0,0.25,24.2105694551,0.634836728437,0.462086170912,0.0369234457612,0.0369234457612,0,reconstructions/d4edbcc97ec00f079508e13004cf8c0e01806e2a1c89e0eb93c0e8df45158196/zero_filled-noise-2.0-2-1.pt
d4edbcc97ec00f079508e13004cf8c0e01806e2a1c89e0eb93c0e8df45158196,3edb09d41378dfae155626fe72b75a2c4bde6a58,cff553233941e75169564d196f318bbdd728713e0809f049f5ada55d92b57e1e,7e25783c0a7c26e9b9f205121679098986989cb4fa109a54923972afe75d60ce,ac6168d8c51a9220ff3b88b5de5c6038c357dcd1c8a36c2a1f201e2293e484e8,False,tv,noise,2,2,1,0.03,0.221671682968,0,0.25,24.7543161277,0.567223908896,0.324154853821,0.0494943112135,0.0494943112135,0,reconstructions/d4edbcc97ec00f079508e13004cf8c0e01806e2a1c89e0eb93c0e8df45158196/tv-noise-2.0-2-1.pt
d4edbcc97ec00f079508e13004cf8c0e01806e2a1c89e0eb93c0e8df45158196,3edb09d41378dfae155626fe72b75a2c4bde6a58,cff553233941e75169564d196f318bbdd728713e0809f049f5ada55d92b57e1e,7e25783c0a7c26e9b9f205121679098986989cb4fa109a54923972afe75d60ce,ac6168d8c51a9220ff3b88b5de5c6038c357dcd1c8a36c2a1f201e2293e484e8,False,dps,noise,2,2,1,0.03,0.221671682968,0,0.25,12.8053901056,0.20756943228,0.527325689793,0.441699564457,0.441699564457,0,reconstructions/d4edbcc97ec00f079508e13004cf8c0e01806e2a1c89e0eb93c0e8df45158196/dps-noise-2.0-2-1.pt
d4edbcc97ec00f079508e13004cf8c0e01806e2a1c89e0eb93c0e8df45158196,3edb09d41378dfae155626fe72b75a2c4bde6a58,cff553233941e75169564d196f318bbdd728713e0809f049f5ada55d92b57e1e,7e25783c0a7c26e9b9f205121679098986989cb4fa109a54923972afe75d60ce,ac6168d8c51a9220ff3b88b5de5c6038c357dcd1c8a36c2a1f201e2293e484e8,False,diffpir,noise,2,2,1,0.03,0.221671682968,0,0.25,10.4019928163,0.0485862667807,0.586553096771,0.134864062071,0.134864062071,0,reconstructions/d4edbcc97ec00f079508e13004cf8c0e01806e2a1c89e0eb93c0e8df45158196/diffpir-noise-2.0-2-1.pt
d4edbcc97ec00f079508e13004cf8c0e01806e2a1c89e0eb93c0e8df45158196,3edb09d41378dfae155626fe72b75a2c4bde6a58,cff553233941e75169564d196f318bbdd728713e0809f049f5ada55d92b57e1e,7e25783c0a7c26e9b9f205121679098986989cb4fa109a54923972afe75d60ce,ac6168d8c51a9220ff3b88b5de5c6038c357dcd1c8a36c2a1f201e2293e484e8,False,pigdm,noise,2,2,1,0.03,0.221671682968,0,0.25,21.0702749027,0.327263522234,0.373631715775,0.128646105528,0.128646105528,0,reconstructions/d4edbcc97ec00f079508e13004cf8c0e01806e2a1c89e0eb93c0e8df45158196/pigdm-noise-2.0-2-1.pt
d4edbcc97ec00f079508e13004cf8c0e01806e2a1c89e0eb93c0e8df45158196,3edb09d41378dfae155626fe72b75a2c4bde6a58,cff553233941e75169564d196f318bbdd728713e0809f049f5ada55d92b57e1e,7e25783c0a7c26e9b9f205121679098986989cb4fa109a54923972afe75d60ce,ac6168d8c51a9220ff3b88b5de5c6038c357dcd1c8a36c2a1f201e2293e484e8,False,zero_filled,noise,2,2,2,0.03,0.221671682968,0,0.25,18.7143117557,0.525541992618,0.233247518539,0.06166113168,0.06166113168,0,reconstructions/d4edbcc97ec00f079508e13004cf8c0e01806e2a1c89e0eb93c0e8df45158196/zero_filled-noise-2.0-2-2.pt
d4edbcc97ec00f079508e13004cf8c0e01806e2a1c89e0eb93c0e8df45158196,3edb09d41378dfae155626fe72b75a2c4bde6a58,cff553233941e75169564d196f318bbdd728713e0809f049f5ada55d92b57e1e,7e25783c0a7c26e9b9f205121679098986989cb4fa109a54923972afe75d60ce,ac6168d8c51a9220ff3b88b5de5c6038c357dcd1c8a36c2a1f201e2293e484e8,False,tv,noise,2,2,2,0.03,0.221671682968,0,0.25,20.917966341,0.743202564489,0.0820845738053,0.0531469583511,0.0531469583511,0,reconstructions/d4edbcc97ec00f079508e13004cf8c0e01806e2a1c89e0eb93c0e8df45158196/tv-noise-2.0-2-2.pt
d4edbcc97ec00f079508e13004cf8c0e01806e2a1c89e0eb93c0e8df45158196,3edb09d41378dfae155626fe72b75a2c4bde6a58,cff553233941e75169564d196f318bbdd728713e0809f049f5ada55d92b57e1e,7e25783c0a7c26e9b9f205121679098986989cb4fa109a54923972afe75d60ce,ac6168d8c51a9220ff3b88b5de5c6038c357dcd1c8a36c2a1f201e2293e484e8,False,dps,noise,2,2,2,0.03,0.221671682968,0,0.25,7.53449337571,0.0110434660818,0.421400487423,0.959511458874,0.959511458874,0,reconstructions/d4edbcc97ec00f079508e13004cf8c0e01806e2a1c89e0eb93c0e8df45158196/dps-noise-2.0-2-2.pt
d4edbcc97ec00f079508e13004cf8c0e01806e2a1c89e0eb93c0e8df45158196,3edb09d41378dfae155626fe72b75a2c4bde6a58,cff553233941e75169564d196f318bbdd728713e0809f049f5ada55d92b57e1e,7e25783c0a7c26e9b9f205121679098986989cb4fa109a54923972afe75d60ce,ac6168d8c51a9220ff3b88b5de5c6038c357dcd1c8a36c2a1f201e2293e484e8,False,diffpir,noise,2,2,2,0.03,0.221671682968,0,0.25,6.89852374142,0.0895864910787,0.719510138035,0.525460064411,0.525460064411,0,reconstructions/d4edbcc97ec00f079508e13004cf8c0e01806e2a1c89e0eb93c0e8df45158196/diffpir-noise-2.0-2-2.pt
d4edbcc97ec00f079508e13004cf8c0e01806e2a1c89e0eb93c0e8df45158196,3edb09d41378dfae155626fe72b75a2c4bde6a58,cff553233941e75169564d196f318bbdd728713e0809f049f5ada55d92b57e1e,7e25783c0a7c26e9b9f205121679098986989cb4fa109a54923972afe75d60ce,ac6168d8c51a9220ff3b88b5de5c6038c357dcd1c8a36c2a1f201e2293e484e8,False,pigdm,noise,2,2,2,0.03,0.221671682968,0,0.25,14.7161003193,0.348616261166,0.131496235728,0.324446201324,0.324446201324,0,reconstructions/d4edbcc97ec00f079508e13004cf8c0e01806e2a1c89e0eb93c0e8df45158196/pigdm-noise-2.0-2-2.pt
d4edbcc97ec00f079508e13004cf8c0e01806e2a1c89e0eb93c0e8df45158196,3edb09d41378dfae155626fe72b75a2c4bde6a58,cff553233941e75169564d196f318bbdd728713e0809f049f5ada55d92b57e1e,7e25783c0a7c26e9b9f205121679098986989cb4fa109a54923972afe75d60ce,ac6168d8c51a9220ff3b88b5de5c6038c357dcd1c8a36c2a1f201e2293e484e8,False,zero_filled,noise,2,2,3,0.03,0.221671682968,0,0.25,21.1603020292,0.604664582454,0.273713558912,0.0390979163349,0.0390979163349,0,reconstructions/d4edbcc97ec00f079508e13004cf8c0e01806e2a1c89e0eb93c0e8df45158196/zero_filled-noise-2.0-2-3.pt
d4edbcc97ec00f079508e13004cf8c0e01806e2a1c89e0eb93c0e8df45158196,3edb09d41378dfae155626fe72b75a2c4bde6a58,cff553233941e75169564d196f318bbdd728713e0809f049f5ada55d92b57e1e,7e25783c0a7c26e9b9f205121679098986989cb4fa109a54923972afe75d60ce,ac6168d8c51a9220ff3b88b5de5c6038c357dcd1c8a36c2a1f201e2293e484e8,False,tv,noise,2,2,3,0.03,0.221671682968,0,0.25,24.963654442,0.743954283787,0.184587821364,0.0362034477293,0.0362034477293,0,reconstructions/d4edbcc97ec00f079508e13004cf8c0e01806e2a1c89e0eb93c0e8df45158196/tv-noise-2.0-2-3.pt
d4edbcc97ec00f079508e13004cf8c0e01806e2a1c89e0eb93c0e8df45158196,3edb09d41378dfae155626fe72b75a2c4bde6a58,cff553233941e75169564d196f318bbdd728713e0809f049f5ada55d92b57e1e,7e25783c0a7c26e9b9f205121679098986989cb4fa109a54923972afe75d60ce,ac6168d8c51a9220ff3b88b5de5c6038c357dcd1c8a36c2a1f201e2293e484e8,False,dps,noise,2,2,3,0.03,0.221671682968,0,0.25,9.65152720384,0.0839266997162,0.521593987942,0.500421345234,0.500421345234,0,reconstructions/d4edbcc97ec00f079508e13004cf8c0e01806e2a1c89e0eb93c0e8df45158196/dps-noise-2.0-2-3.pt
d4edbcc97ec00f079508e13004cf8c0e01806e2a1c89e0eb93c0e8df45158196,3edb09d41378dfae155626fe72b75a2c4bde6a58,cff553233941e75169564d196f318bbdd728713e0809f049f5ada55d92b57e1e,7e25783c0a7c26e9b9f205121679098986989cb4fa109a54923972afe75d60ce,ac6168d8c51a9220ff3b88b5de5c6038c357dcd1c8a36c2a1f201e2293e484e8,False,diffpir,noise,2,2,3,0.03,0.221671682968,0,0.25,8.28312545232,0.0261152068599,0.816401600838,0.197792768478,0.197792768478,0,reconstructions/d4edbcc97ec00f079508e13004cf8c0e01806e2a1c89e0eb93c0e8df45158196/diffpir-noise-2.0-2-3.pt
d4edbcc97ec00f079508e13004cf8c0e01806e2a1c89e0eb93c0e8df45158196,3edb09d41378dfae155626fe72b75a2c4bde6a58,cff553233941e75169564d196f318bbdd728713e0809f049f5ada55d92b57e1e,7e25783c0a7c26e9b9f205121679098986989cb4fa109a54923972afe75d60ce,ac6168d8c51a9220ff3b88b5de5c6038c357dcd1c8a36c2a1f201e2293e484e8,False,pigdm,noise,2,2,3,0.03,0.221671682968,0,0.25,17.8016248213,0.480867376732,0.189102590084,0.146949514747,0.146949514747,0,reconstructions/d4edbcc97ec00f079508e13004cf8c0e01806e2a1c89e0eb93c0e8df45158196/pigdm-noise-2.0-2-3.pt
d4edbcc97ec00f079508e13004cf8c0e01806e2a1c89e0eb93c0e8df45158196,3edb09d41378dfae155626fe72b75a2c4bde6a58,cff553233941e75169564d196f318bbdd728713e0809f049f5ada55d92b57e1e,7e25783c0a7c26e9b9f205121679098986989cb4fa109a54923972afe75d60ce,ac6168d8c51a9220ff3b88b5de5c6038c357dcd1c8a36c2a1f201e2293e484e8,False,zero_filled,noise,2,2,4,0.03,0.221671682968,0,0.25,20.7003226553,0.679424681806,0.245716720819,0.0351603776217,0.0351603776217,0,reconstructions/d4edbcc97ec00f079508e13004cf8c0e01806e2a1c89e0eb93c0e8df45158196/zero_filled-noise-2.0-2-4.pt
d4edbcc97ec00f079508e13004cf8c0e01806e2a1c89e0eb93c0e8df45158196,3edb09d41378dfae155626fe72b75a2c4bde6a58,cff553233941e75169564d196f318bbdd728713e0809f049f5ada55d92b57e1e,7e25783c0a7c26e9b9f205121679098986989cb4fa109a54923972afe75d60ce,ac6168d8c51a9220ff3b88b5de5c6038c357dcd1c8a36c2a1f201e2293e484e8,False,tv,noise,2,2,4,0.03,0.221671682968,0,0.25,21.2828826491,0.687230546455,0.118066184223,0.0310385953635,0.0310385953635,0,reconstructions/d4edbcc97ec00f079508e13004cf8c0e01806e2a1c89e0eb93c0e8df45158196/tv-noise-2.0-2-4.pt
d4edbcc97ec00f079508e13004cf8c0e01806e2a1c89e0eb93c0e8df45158196,3edb09d41378dfae155626fe72b75a2c4bde6a58,cff553233941e75169564d196f318bbdd728713e0809f049f5ada55d92b57e1e,7e25783c0a7c26e9b9f205121679098986989cb4fa109a54923972afe75d60ce,ac6168d8c51a9220ff3b88b5de5c6038c357dcd1c8a36c2a1f201e2293e484e8,False,dps,noise,2,2,4,0.03,0.221671682968,0,0.25,9.36030152897,0.00969095146608,0.235714510083,0.482028186321,0.482028186321,0,reconstructions/d4edbcc97ec00f079508e13004cf8c0e01806e2a1c89e0eb93c0e8df45158196/dps-noise-2.0-2-4.pt
d4edbcc97ec00f079508e13004cf8c0e01806e2a1c89e0eb93c0e8df45158196,3edb09d41378dfae155626fe72b75a2c4bde6a58,cff553233941e75169564d196f318bbdd728713e0809f049f5ada55d92b57e1e,7e25783c0a7c26e9b9f205121679098986989cb4fa109a54923972afe75d60ce,ac6168d8c51a9220ff3b88b5de5c6038c357dcd1c8a36c2a1f201e2293e484e8,False,diffpir,noise,2,2,4,0.03,0.221671682968,0,0.25,7.92822167672,0.077555438694,0.727938294411,0.215799584985,0.215799584985,0,reconstructions/d4edbcc97ec00f079508e13004cf8c0e01806e2a1c89e0eb93c0e8df45158196/diffpir-noise-2.0-2-4.pt
d4edbcc97ec00f079508e13004cf8c0e01806e2a1c89e0eb93c0e8df45158196,3edb09d41378dfae155626fe72b75a2c4bde6a58,cff553233941e75169564d196f318bbdd728713e0809f049f5ada55d92b57e1e,7e25783c0a7c26e9b9f205121679098986989cb4fa109a54923972afe75d60ce,ac6168d8c51a9220ff3b88b5de5c6038c357dcd1c8a36c2a1f201e2293e484e8,False,pigdm,noise,2,2,4,0.03,0.221671682968,0,0.25,17.1660763749,0.362202397903,0.160099983215,0.146886080503,0.146886080503,0,reconstructions/d4edbcc97ec00f079508e13004cf8c0e01806e2a1c89e0eb93c0e8df45158196/pigdm-noise-2.0-2-4.pt
d4edbcc97ec00f079508e13004cf8c0e01806e2a1c89e0eb93c0e8df45158196,3edb09d41378dfae155626fe72b75a2c4bde6a58,cff553233941e75169564d196f318bbdd728713e0809f049f5ada55d92b57e1e,7e25783c0a7c26e9b9f205121679098986989cb4fa109a54923972afe75d60ce,ac6168d8c51a9220ff3b88b5de5c6038c357dcd1c8a36c2a1f201e2293e484e8,False,zero_filled,noise,2,2,5,0.03,0.221671682968,0,0.25,20.8113719132,0.571709318222,0.387613683939,0.0292580276728,0.0292580276728,0,reconstructions/d4edbcc97ec00f079508e13004cf8c0e01806e2a1c89e0eb93c0e8df45158196/zero_filled-noise-2.0-2-5.pt
d4edbcc97ec00f079508e13004cf8c0e01806e2a1c89e0eb93c0e8df45158196,3edb09d41378dfae155626fe72b75a2c4bde6a58,cff553233941e75169564d196f318bbdd728713e0809f049f5ada55d92b57e1e,7e25783c0a7c26e9b9f205121679098986989cb4fa109a54923972afe75d60ce,ac6168d8c51a9220ff3b88b5de5c6038c357dcd1c8a36c2a1f201e2293e484e8,False,tv,noise,2,2,5,0.03,0.221671682968,0,0.25,21.0574902946,0.525748910931,0.297163039446,0.0376150719821,0.0376150719821,0,reconstructions/d4edbcc97ec00f079508e13004cf8c0e01806e2a1c89e0eb93c0e8df45158196/tv-noise-2.0-2-5.pt
d4edbcc97ec00f079508e13004cf8c0e01806e2a1c89e0eb93c0e8df45158196,3edb09d41378dfae155626fe72b75a2c4bde6a58,cff553233941e75169564d196f318bbdd728713e0809f049f5ada55d92b57e1e,7e25783c0a7c26e9b9f205121679098986989cb4fa109a54923972afe75d60ce,ac6168d8c51a9220ff3b88b5de5c6038c357dcd1c8a36c2a1f201e2293e484e8,False,dps,noise,2,2,5,0.03,0.221671682968,0,0.25,9.90573111476,0.0822950739015,0.572895467281,0.434425801039,0.434425801039,0,reconstructions/d4edbcc97ec00f079508e13004cf8c0e01806e2a1c89e0eb93c0e8df45158196/dps-noise-2.0-2-5.pt
d4edbcc97ec00f079508e13004cf8c0e01806e2a1c89e0eb93c0e8df45158196,3edb09d41378dfae155626fe72b75a2c4bde6a58,cff553233941e75169564d196f318bbdd728713e0809f049f5ada55d92b57e1e,7e25783c0a7c26e9b9f205121679098986989cb4fa109a54923972afe75d60ce,ac6168d8c51a9220ff3b88b5de5c6038c357dcd1c8a36c2a1f201e2293e484e8,False,diffpir,noise,2,2,5,0.03,0.221671682968,0,0.25,8.55447566922,0.0474073568973,0.620305538177,0.147906139493,0.147906139493,0,reconstructions/d4edbcc97ec00f079508e13004cf8c0e01806e2a1c89e0eb93c0e8df45158196/diffpir-noise-2.0-2-5.pt
d4edbcc97ec00f079508e13004cf8c0e01806e2a1c89e0eb93c0e8df45158196,3edb09d41378dfae155626fe72b75a2c4bde6a58,cff553233941e75169564d196f318bbdd728713e0809f049f5ada55d92b57e1e,7e25783c0a7c26e9b9f205121679098986989cb4fa109a54923972afe75d60ce,ac6168d8c51a9220ff3b88b5de5c6038c357dcd1c8a36c2a1f201e2293e484e8,False,pigdm,noise,2,2,5,0.03,0.221671682968,0,0.25,18.2269056281,0.254736989297,0.329634666443,0.108737833798,0.108737833798,0,reconstructions/d4edbcc97ec00f079508e13004cf8c0e01806e2a1c89e0eb93c0e8df45158196/pigdm-noise-2.0-2-5.pt
d4edbcc97ec00f079508e13004cf8c0e01806e2a1c89e0eb93c0e8df45158196,3edb09d41378dfae155626fe72b75a2c4bde6a58,cff553233941e75169564d196f318bbdd728713e0809f049f5ada55d92b57e1e,7e25783c0a7c26e9b9f205121679098986989cb4fa109a54923972afe75d60ce,ac6168d8c51a9220ff3b88b5de5c6038c357dcd1c8a36c2a1f201e2293e484e8,False,zero_filled,noise,2,2,6,0.03,0.221671682968,0,0.25,17.4110531404,0.463116294433,0.308595597744,0.0706667006016,0.0706667006016,0,reconstructions/d4edbcc97ec00f079508e13004cf8c0e01806e2a1c89e0eb93c0e8df45158196/zero_filled-noise-2.0-2-6.pt
d4edbcc97ec00f079508e13004cf8c0e01806e2a1c89e0eb93c0e8df45158196,3edb09d41378dfae155626fe72b75a2c4bde6a58,cff553233941e75169564d196f318bbdd728713e0809f049f5ada55d92b57e1e,7e25783c0a7c26e9b9f205121679098986989cb4fa109a54923972afe75d60ce,ac6168d8c51a9220ff3b88b5de5c6038c357dcd1c8a36c2a1f201e2293e484e8,False,tv,noise,2,2,6,0.03,0.221671682968,0,0.25,19.3874136448,0.640342209525,0.128141716123,0.058437589556,0.058437589556,0,reconstructions/d4edbcc97ec00f079508e13004cf8c0e01806e2a1c89e0eb93c0e8df45158196/tv-noise-2.0-2-6.pt
d4edbcc97ec00f079508e13004cf8c0e01806e2a1c89e0eb93c0e8df45158196,3edb09d41378dfae155626fe72b75a2c4bde6a58,cff553233941e75169564d196f318bbdd728713e0809f049f5ada55d92b57e1e,7e25783c0a7c26e9b9f205121679098986989cb4fa109a54923972afe75d60ce,ac6168d8c51a9220ff3b88b5de5c6038c357dcd1c8a36c2a1f201e2293e484e8,False,dps,noise,2,2,6,0.03,0.221671682968,0,0.25,4.31349582837,-0.00880553245253,0.522746086121,1.49915874004,1.49915874004,0,reconstructions/d4edbcc97ec00f079508e13004cf8c0e01806e2a1c89e0eb93c0e8df45158196/dps-noise-2.0-2-6.pt
d4edbcc97ec00f079508e13004cf8c0e01806e2a1c89e0eb93c0e8df45158196,3edb09d41378dfae155626fe72b75a2c4bde6a58,cff553233941e75169564d196f318bbdd728713e0809f049f5ada55d92b57e1e,7e25783c0a7c26e9b9f205121679098986989cb4fa109a54923972afe75d60ce,ac6168d8c51a9220ff3b88b5de5c6038c357dcd1c8a36c2a1f201e2293e484e8,False,diffpir,noise,2,2,6,0.03,0.221671682968,0,0.25,6.40685645667,0.0488629487009,0.736741483212,0.576880812645,0.576880812645,0,reconstructions/d4edbcc97ec00f079508e13004cf8c0e01806e2a1c89e0eb93c0e8df45158196/diffpir-noise-2.0-2-6.pt
d4edbcc97ec00f079508e13004cf8c0e01806e2a1c89e0eb93c0e8df45158196,3edb09d41378dfae155626fe72b75a2c4bde6a58,cff553233941e75169564d196f318bbdd728713e0809f049f5ada55d92b57e1e,7e25783c0a7c26e9b9f205121679098986989cb4fa109a54923972afe75d60ce,ac6168d8c51a9220ff3b88b5de5c6038c357dcd1c8a36c2a1f201e2293e484e8,False,pigdm,noise,2,2,6,0.03,0.221671682968,0,0.25,14.6997391365,0.282776616795,0.175028473139,0.316467344761,0.316467344761,0,reconstructions/d4edbcc97ec00f079508e13004cf8c0e01806e2a1c89e0eb93c0e8df45158196/pigdm-noise-2.0-2-6.pt
d4edbcc97ec00f079508e13004cf8c0e01806e2a1c89e0eb93c0e8df45158196,3edb09d41378dfae155626fe72b75a2c4bde6a58,cff553233941e75169564d196f318bbdd728713e0809f049f5ada55d92b57e1e,7e25783c0a7c26e9b9f205121679098986989cb4fa109a54923972afe75d60ce,ac6168d8c51a9220ff3b88b5de5c6038c357dcd1c8a36c2a1f201e2293e484e8,False,zero_filled,noise,2,2,7,0.03,0.221671682968,0,0.25,19.7354151376,0.581614220498,0.258645892143,0.0593283846974,0.0593283846974,0,reconstructions/d4edbcc97ec00f079508e13004cf8c0e01806e2a1c89e0eb93c0e8df45158196/zero_filled-noise-2.0-2-7.pt
d4edbcc97ec00f079508e13004cf8c0e01806e2a1c89e0eb93c0e8df45158196,3edb09d41378dfae155626fe72b75a2c4bde6a58,cff553233941e75169564d196f318bbdd728713e0809f049f5ada55d92b57e1e,7e25783c0a7c26e9b9f205121679098986989cb4fa109a54923972afe75d60ce,ac6168d8c51a9220ff3b88b5de5c6038c357dcd1c8a36c2a1f201e2293e484e8,False,tv,noise,2,2,7,0.03,0.221671682968,0,0.25,21.4952576114,0.709253034676,0.100783064961,0.0511475540698,0.0511475540698,0,reconstructions/d4edbcc97ec00f079508e13004cf8c0e01806e2a1c89e0eb93c0e8df45158196/tv-noise-2.0-2-7.pt
d4edbcc97ec00f079508e13004cf8c0e01806e2a1c89e0eb93c0e8df45158196,3edb09d41378dfae155626fe72b75a2c4bde6a58,cff553233941e75169564d196f318bbdd728713e0809f049f5ada55d92b57e1e,7e25783c0a7c26e9b9f205121679098986989cb4fa109a54923972afe75d60ce,ac6168d8c51a9220ff3b88b5de5c6038c357dcd1c8a36c2a1f201e2293e484e8,False,dps,noise,2,2,7,0.03,0.221671682968,0,0.25,6.66588078567,0.0748312554231,0.577799916267,1.05281472206,1.05281472206,0,reconstructions/d4edbcc97ec00f079508e13004cf8c0e01806e2a1c89e0eb93c0e8df45158196/dps-noise-2.0-2-7.pt
d4edbcc97ec00f079508e13004cf8c0e01806e2a1c89e0eb93c0e8df45158196,3edb09d41378dfae155626fe72b75a2c4bde6a58,cff553233941e75169564d196f318bbdd728713e0809f049f5ada55d92b57e1e,7e25783c0a7c26e9b9f205121679098986989cb4fa109a54923972afe75d60ce,ac6168d8c51a9220ff3b88b5de5c6038c357dcd1c8a36c2a1f201e2293e484e8,False,diffpir,noise,2,2,7,0.03,0.221671682968,0,0.25,7.19242861793,0.046342752477,0.76995408535,0.437568277121,0.437568277121,0,reconstructions/d4edbcc97ec00f079508e13004cf8c0e01806e2a1c89e0eb93c0e8df45158196/diffpir-noise-2.0-2-7.pt
d4edbcc97ec00f079508e13004cf8c0e01806e2a1c89e0eb93c0e8df45158196,3edb09d41378dfae155626fe72b75a2c4bde6a58,cff553233941e75169564d196f318bbdd728713e0809f049f5ada55d92b57e1e,7e25783c0a7c26e9b9f205121679098986989cb4fa109a54923972afe75d60ce,ac6168d8c51a9220ff3b88b5de5c6038c357dcd1c8a36c2a1f201e2293e484e8,False,pigdm,noise,2,2,7,0.03,0.221671682968,0,0.25,17.8672880412,0.37766884116,0.234822675586,0.214103668928,0.214103668928,0,reconstructions/d4edbcc97ec00f079508e13004cf8c0e01806e2a1c89e0eb93c0e8df45158196/pigdm-noise-2.0-2-7.pt
d4edbcc97ec00f079508e13004cf8c0e01806e2a1c89e0eb93c0e8df45158196,3edb09d41378dfae155626fe72b75a2c4bde6a58,cff553233941e75169564d196f318bbdd728713e0809f049f5ada55d92b57e1e,7e25783c0a7c26e9b9f205121679098986989cb4fa109a54923972afe75d60ce,ac6168d8c51a9220ff3b88b5de5c6038c357dcd1c8a36c2a1f201e2293e484e8,False,zero_filled,sensitivity,0,0,0,0.03,0.03,0,0.25,22.6588457485,0.656826713866,0.224726304412,0.0395699553192,0.0395699553192,0,reconstructions/d4edbcc97ec00f079508e13004cf8c0e01806e2a1c89e0eb93c0e8df45158196/zero_filled-sensitivity-0.0-0-0.pt
d4edbcc97ec00f079508e13004cf8c0e01806e2a1c89e0eb93c0e8df45158196,3edb09d41378dfae155626fe72b75a2c4bde6a58,cff553233941e75169564d196f318bbdd728713e0809f049f5ada55d92b57e1e,7e25783c0a7c26e9b9f205121679098986989cb4fa109a54923972afe75d60ce,ac6168d8c51a9220ff3b88b5de5c6038c357dcd1c8a36c2a1f201e2293e484e8,False,tv,sensitivity,0,0,0,0.03,0.03,0,0.25,23.9930577641,0.700592967754,0.111344195902,0.0352379865944,0.0352379865944,0,reconstructions/d4edbcc97ec00f079508e13004cf8c0e01806e2a1c89e0eb93c0e8df45158196/tv-sensitivity-0.0-0-0.pt
d4edbcc97ec00f079508e13004cf8c0e01806e2a1c89e0eb93c0e8df45158196,3edb09d41378dfae155626fe72b75a2c4bde6a58,cff553233941e75169564d196f318bbdd728713e0809f049f5ada55d92b57e1e,7e25783c0a7c26e9b9f205121679098986989cb4fa109a54923972afe75d60ce,ac6168d8c51a9220ff3b88b5de5c6038c357dcd1c8a36c2a1f201e2293e484e8,False,dps,sensitivity,0,0,0,0.03,0.03,0,0.25,7.80993773737,0.0645864155882,0.385093271732,0.617158830166,0.617158830166,0,reconstructions/d4edbcc97ec00f079508e13004cf8c0e01806e2a1c89e0eb93c0e8df45158196/dps-sensitivity-0.0-0-0.pt
d4edbcc97ec00f079508e13004cf8c0e01806e2a1c89e0eb93c0e8df45158196,3edb09d41378dfae155626fe72b75a2c4bde6a58,cff553233941e75169564d196f318bbdd728713e0809f049f5ada55d92b57e1e,7e25783c0a7c26e9b9f205121679098986989cb4fa109a54923972afe75d60ce,ac6168d8c51a9220ff3b88b5de5c6038c357dcd1c8a36c2a1f201e2293e484e8,False,diffpir,sensitivity,0,0,0,0.03,0.03,0,0.25,5.88009445856,0.015850313199,1.04634284973,0.308791011572,0.308791011572,0,reconstructions/d4edbcc97ec00f079508e13004cf8c0e01806e2a1c89e0eb93c0e8df45158196/diffpir-sensitivity-0.0-0-0.pt
d4edbcc97ec00f079508e13004cf8c0e01806e2a1c89e0eb93c0e8df45158196,3edb09d41378dfae155626fe72b75a2c4bde6a58,cff553233941e75169564d196f318bbdd728713e0809f049f5ada55d92b57e1e,7e25783c0a7c26e9b9f205121679098986989cb4fa109a54923972afe75d60ce,ac6168d8c51a9220ff3b88b5de5c6038c357dcd1c8a36c2a1f201e2293e484e8,False,pigdm,sensitivity,0,0,0,0.03,0.03,0,0.25,22.5408296133,0.621646700169,0.149851903319,0.0551456399262,0.0551456399262,0,reconstructions/d4edbcc97ec00f079508e13004cf8c0e01806e2a1c89e0eb93c0e8df45158196/pigdm-sensitivity-0.0-0-0.pt
d4edbcc97ec00f079508e13004cf8c0e01806e2a1c89e0eb93c0e8df45158196,3edb09d41378dfae155626fe72b75a2c4bde6a58,cff553233941e75169564d196f318bbdd728713e0809f049f5ada55d92b57e1e,7e25783c0a7c26e9b9f205121679098986989cb4fa109a54923972afe75d60ce,ac6168d8c51a9220ff3b88b5de5c6038c357dcd1c8a36c2a1f201e2293e484e8,False,zero_filled,sensitivity,0,0,1,0.03,0.03,0,0.25,25.0129313257,0.684842478213,0.489915013313,0.0423987694085,0.0423987694085,0,reconstructions/d4edbcc97ec00f079508e13004cf8c0e01806e2a1c89e0eb93c0e8df45158196/zero_filled-sensitivity-0.0-0-1.pt
d4edbcc97ec00f079508e13004cf8c0e01806e2a1c89e0eb93c0e8df45158196,3edb09d41378dfae155626fe72b75a2c4bde6a58,cff553233941e75169564d196f318bbdd728713e0809f049f5ada55d92b57e1e,7e25783c0a7c26e9b9f205121679098986989cb4fa109a54923972afe75d60ce,ac6168d8c51a9220ff3b88b5de5c6038c357dcd1c8a36c2a1f201e2293e484e8,False,tv,sensitivity,0,0,1,0.03,0.03,0,0.25,26.3332726662,0.653182526401,0.412327110767,0.0488629378378,0.0488629378378,0,reconstructions/d4edbcc97ec00f079508e13004cf8c0e01806e2a1c89e0eb93c0e8df45158196/tv-sensitivity-0.0-0-1.pt
d4edbcc97ec00f079508e13004cf8c0e01806e2a1c89e0eb93c0e8df45158196,3edb09d41378dfae155626fe72b75a2c4bde6a58,cff553233941e75169564d196f318bbdd728713e0809f049f5ada55d92b57e1e,7e25783c0a7c26e9b9f205121679098986989cb4fa109a54923972afe75d60ce,ac6168d8c51a9220ff3b88b5de5c6038c357dcd1c8a36c2a1f201e2293e484e8,False,dps,sensitivity,0,0,1,0.03,0.03,0,0.25,13.0257324903,0.108959325591,0.509145975113,0.415755957365,0.415755957365,0,reconstructions/d4edbcc97ec00f079508e13004cf8c0e01806e2a1c89e0eb93c0e8df45158196/dps-sensitivity-0.0-0-1.pt
d4edbcc97ec00f079508e13004cf8c0e01806e2a1c89e0eb93c0e8df45158196,3edb09d41378dfae155626fe72b75a2c4bde6a58,cff553233941e75169564d196f318bbdd728713e0809f049f5ada55d92b57e1e,7e25783c0a7c26e9b9f205121679098986989cb4fa109a54923972afe75d60ce,ac6168d8c51a9220ff3b88b5de5c6038c357dcd1c8a36c2a1f201e2293e484e8,False,diffpir,sensitivity,0,0,1,0.03,0.03,0,0.25,6.21103988312,0.00772842210199,0.784346103668,0.305061757565,0.305061757565,0,reconstructions/d4edbcc97ec00f079508e13004cf8c0e01806e2a1c89e0eb93c0e8df45158196/diffpir-sensitivity-0.0-0-1.pt
d4edbcc97ec00f079508e13004cf8c0e01806e2a1c89e0eb93c0e8df45158196,3edb09d41378dfae155626fe72b75a2c4bde6a58,cff553233941e75169564d196f318bbdd728713e0809f049f5ada55d92b57e1e,7e25783c0a7c26e9b9f205121679098986989cb4fa109a54923972afe75d60ce,ac6168d8c51a9220ff3b88b5de5c6038c357dcd1c8a36c2a1f201e2293e484e8,False,pigdm,sensitivity,0,0,1,0.03,0.03,0,0.25,24.6584304245,0.543103690274,0.439818650484,0.0696149021387,0.0696149021387,0,reconstructions/d4edbcc97ec00f079508e13004cf8c0e01806e2a1c89e0eb93c0e8df45158196/pigdm-sensitivity-0.0-0-1.pt
d4edbcc97ec00f079508e13004cf8c0e01806e2a1c89e0eb93c0e8df45158196,3edb09d41378dfae155626fe72b75a2c4bde6a58,cff553233941e75169564d196f318bbdd728713e0809f049f5ada55d92b57e1e,7e25783c0a7c26e9b9f205121679098986989cb4fa109a54923972afe75d60ce,ac6168d8c51a9220ff3b88b5de5c6038c357dcd1c8a36c2a1f201e2293e484e8,False,zero_filled,sensitivity,0,0,2,0.03,0.03,0,0.25,19.7140299136,0.564251840883,0.209074571729,0.0821735113859,0.0821735113859,0,reconstructions/d4edbcc97ec00f079508e13004cf8c0e01806e2a1c89e0eb93c0e8df45158196/zero_filled-sensitivity-0.0-0-2.pt
d4edbcc97ec00f079508e13004cf8c0e01806e2a1c89e0eb93c0e8df45158196,3edb09d41378dfae155626fe72b75a2c4bde6a58,cff553233941e75169564d196f318bbdd728713e0809f049f5ada55d92b57e1e,7e25783c0a7c26e9b9f205121679098986989cb4fa109a54923972afe75d60ce,ac6168d8c51a9220ff3b88b5de5c6038c357dcd1c8a36c2a1f201e2293e484e8,False,tv,sensitivity,0,0,2,0.03,0.03,0,0.25,23.3861487909,0.847903183694,0.0454960241914,0.0539273731411,0.0539273731411,0,reconstructions/d4edbcc97ec00f079508e13004cf8c0e01806e2a1c89e0eb93c0e8df45158196/tv-sensitivity-0.0-0-2.pt
d4edbcc97ec00f079508e13004cf8c0e01806e2a1c89e0eb93c0e8df45158196,3edb09d41378dfae155626fe72b75a2c4bde6a58,cff553233941e75169564d196f318bbdd728713e0809f049f5ada55d92b57e1e,7e25783c0a7c26e9b9f205121679098986989cb4fa109a54923972afe75d60ce,ac6168d8c51a9220ff3b88b5de5c6038c357dcd1c8a36c2a1f201e2293e484e8,False,dps,sensitivity,0,0,2,0.03,0.03,0,0.25,11.3987603717,0.185226759458,0.151028990746,0.561881065369,0.561881065369,0,reconstructions/d4edbcc97ec00f079508e13004cf8c0e01806e2a1c89e0eb93c0e8df45158196/dps-sensitivity-0.0-0-2.pt
d4edbcc97ec00f079508e13004cf8c0e01806e2a1c89e0eb93c0e8df45158196,3edb09d41378dfae155626fe72b75a2c4bde6a58,cff553233941e75169564d196f318bbdd728713e0809f049f5ada55d92b57e1e,7e25783c0a7c26e9b9f205121679098986989cb4fa109a54923972afe75d60ce,ac6168d8c51a9220ff3b88b5de5c6038c357dcd1c8a36c2a1f201e2293e484e8,False,diffpir,sensitivity,0,0,2,0.03,0.03,0,0.25,4.4008275768,0.00893580725153,0.950305521488,0.87546813488,0.87546813488,0,reconstructions/d4edbcc97ec00f079508e13004cf8c0e01806e2a1c89e0eb93c0e8df45158196/diffpir-sensitivity-0.0-0-2.pt
d4edbcc97ec00f079508e13004cf8c0e01806e2a1c89e0eb93c0e8df45158196,3edb09d41378dfae155626fe72b75a2c4bde6a58,cff553233941e75169564d196f318bbdd728713e0809f049f5ada55d92b57e1e,7e25783c0a7c26e9b9f205121679098986989cb4fa109a54923972afe75d60ce,ac6168d8c51a9220ff3b88b5de5c6038c357dcd1c8a36c2a1f201e2293e484e8,False,pigdm,sensitivity,0,0,2,0.03,0.03,0,0.25,17.7035515002,0.543636878544,0.114995844662,0.230696409941,0.230696409941,0,reconstructions/d4edbcc97ec00f079508e13004cf8c0e01806e2a1c89e0eb93c0e8df45158196/pigdm-sensitivity-0.0-0-2.pt
d4edbcc97ec00f079508e13004cf8c0e01806e2a1c89e0eb93c0e8df45158196,3edb09d41378dfae155626fe72b75a2c4bde6a58,cff553233941e75169564d196f318bbdd728713e0809f049f5ada55d92b57e1e,7e25783c0a7c26e9b9f205121679098986989cb4fa109a54923972afe75d60ce,ac6168d8c51a9220ff3b88b5de5c6038c357dcd1c8a36c2a1f201e2293e484e8,False,zero_filled,sensitivity,0,0,3,0.03,0.03,0,0.25,21.9416295764,0.599393559549,0.285628318787,0.0469795577228,0.0469795577228,0,reconstructions/d4edbcc97ec00f079508e13004cf8c0e01806e2a1c89e0eb93c0e8df45158196/zero_filled-sensitivity-0.0-0-3.pt
d4edbcc97ec00f079508e13004cf8c0e01806e2a1c89e0eb93c0e8df45158196,3edb09d41378dfae155626fe72b75a2c4bde6a58,cff553233941e75169564d196f318bbdd728713e0809f049f5ada55d92b57e1e,7e25783c0a7c26e9b9f205121679098986989cb4fa109a54923972afe75d60ce,ac6168d8c51a9220ff3b88b5de5c6038c357dcd1c8a36c2a1f201e2293e484e8,False,tv,sensitivity,0,0,3,0.03,0.03,0,0.25,27.067018885,0.7841298705,0.183015942574,0.0369923226535,0.0369923226535,0,reconstructions/d4edbcc97ec00f079508e13004cf8c0e01806e2a1c89e0eb93c0e8df45158196/tv-sensitivity-0.0-0-3.pt
d4edbcc97ec00f079508e13004cf8c0e01806e2a1c89e0eb93c0e8df45158196,3edb09d41378dfae155626fe72b75a2c4bde6a58,cff553233941e75169564d196f318bbdd728713e0809f049f5ada55d92b57e1e,7e25783c0a7c26e9b9f205121679098986989cb4fa109a54923972afe75d60ce,ac6168d8c51a9220ff3b88b5de5c6038c357dcd1c8a36c2a1f201e2293e484e8,False,dps,sensitivity,0,0,3,0.03,0.03,0,0.25,5.5623117989,0.0365989035796,0.593524515629,0.840676605701,0.840676605701,0,reconstructions/d4edbcc97ec00f079508e13004cf8c0e01806e2a1c89e0eb93c0e8df45158196/dps-sensitivity-0.0-0-3.pt
d4edbcc97ec00f079508e13004cf8c0e01806e2a1c89e0eb93c0e8df45158196,3edb09d41378dfae155626fe72b75a2c4bde6a58,cff553233941e75169564d196f318bbdd728713e0809f049f5ada55d92b57e1e,7e25783c0a7c26e9b9f205121679098986989cb4fa109a54923972afe75d60ce,ac6168d8c51a9220ff3b88b5de5c6038c357dcd1c8a36c2a1f201e2293e484e8,False,diffpir,sensitivity,0,0,3,0.03,0.03,0,0.25,5.48254649361,0.00158976634892,1.01739811897,0.384639203548,0.384639203548,0,reconstructions/d4edbcc97ec00f079508e13004cf8c0e01806e2a1c89e0eb93c0e8df45158196/diffpir-sensitivity-0.0-0-3.pt
d4edbcc97ec00f079508e13004cf8c0e01806e2a1c89e0eb93c0e8df45158196,3edb09d41378dfae155626fe72b75a2c4bde6a58,cff553233941e75169564d196f318bbdd728713e0809f049f5ada55d92b57e1e,7e25783c0a7c26e9b9f205121679098986989cb4fa109a54923972afe75d60ce,ac6168d8c51a9220ff3b88b5de5c6038c357dcd1c8a36c2a1f201e2293e484e8,False,pigdm,sensitivity,0,0,3,0.03,0.03,0,0.25,23.2484781075,0.632471364112,0.128317803144,0.0577914491296,0.0577914491296,0,reconstructions/d4edbcc97ec00f079508e13004cf8c0e01806e2a1c89e0eb93c0e8df45158196/pigdm-sensitivity-0.0-0-3.pt
d4edbcc97ec00f079508e13004cf8c0e01806e2a1c89e0eb93c0e8df45158196,3edb09d41378dfae155626fe72b75a2c4bde6a58,cff553233941e75169564d196f318bbdd728713e0809f049f5ada55d92b57e1e,7e25783c0a7c26e9b9f205121679098986989cb4fa109a54923972afe75d60ce,ac6168d8c51a9220ff3b88b5de5c6038c357dcd1c8a36c2a1f201e2293e484e8,False,zero_filled,sensitivity,0,0,4,0.03,0.03,0,0.25,21.6368899123,0.720942373847,0.167351126671,0.0440724603832,0.0440724603832,0,reconstructions/d4edbcc97ec00f079508e13004cf8c0e01806e2a1c89e0eb93c0e8df45158196/zero_filled-sensitivity-0.0-0-4.pt
d4edbcc97ec00f079508e13004cf8c0e01806e2a1c89e0eb93c0e8df45158196,3edb09d41378dfae155626fe72b75a2c4bde6a58,cff553233941e75169564d196f318bbdd728713e0809f049f5ada55d92b57e1e,7e25783c0a7c26e9b9f205121679098986989cb4fa109a54923972afe75d60ce,ac6168d8c51a9220ff3b88b5de5c6038c357dcd1c8a36c2a1f201e2293e484e8,False,tv,sensitivity,0,0,4,0.03,0.03,0,0.25,24.2004617694,0.789078127274,0.0813751146197,0.0327188670635,0.0327188670635,0,reconstructions/d4edbcc97ec00f079508e13004cf8c0e01806e2a1c89e0eb93c0e8df45158196/tv-sensitivity-0.0-0-4.pt
d4edbcc97ec00f079508e13004cf8c0e01806e2a1c89e0eb93c0e8df45158196,3edb09d41378dfae155626fe72b75a2c4bde6a58,cff553233941e75169564d196f318bbdd728713e0809f049f5ada55d92b57e1e,7e25783c0a7c26e9b9f205121679098986989cb4fa109a54923972afe75d60ce,ac6168d8c51a9220ff3b88b5de5c6038c357dcd1c8a36c2a1f201e2293e484e8,False,dps,sensitivity,0,0,4,0.03,0.03,0,0.25,10.9549632134,0.11180096879,0.217266917229,0.405591785908,0.405591785908,0,reconstructions/d4edbcc97ec00f079508e13004cf8c0e01806e2a1c89e0eb93c0e8df45158196/dps-sensitivity-0.0-0-4.pt
d4edbcc97ec00f079508e13004cf8c0e01806e2a1c89e0eb93c0e8df45158196,3edb09d41378dfae155626fe72b75a2c4bde6a58,cff553233941e75169564d196f318bbdd728713e0809f049f5ada55d92b57e1e,7e25783c0a7c26e9b9f205121679098986989cb4fa109a54923972afe75d60ce,ac6168d8c51a9220ff3b88b5de5c6038c357dcd1c8a36c2a1f201e2293e484e8,False,diffpir,sensitivity,0,0,4,0.03,0.03,0,0.25,5.2326529492,0.0193230351891,0.977614700794,0.431409537792,0.431409537792,0,reconstructions/d4edbcc97ec00f079508e13004cf8c0e01806e2a1c89e0eb93c0e8df45158196/diffpir-sensitivity-0.0-0-4.pt
d4edbcc97ec00f079508e13004cf8c0e01806e2a1c89e0eb93c0e8df45158196,3edb09d41378dfae155626fe72b75a2c4bde6a58,cff553233941e75169564d196f318bbdd728713e0809f049f5ada55d92b57e1e,7e25783c0a7c26e9b9f205121679098986989cb4fa109a54923972afe75d60ce,ac6168d8c51a9220ff3b88b5de5c6038c357dcd1c8a36c2a1f201e2293e484e8,False,pigdm,sensitivity,0,0,4,0.03,0.03,0,0.25,23.679930958,0.75562371864,0.0671831071377,0.0465558283031,0.0465558283031,0,reconstructions/d4edbcc97ec00f079508e13004cf8c0e01806e2a1c89e0eb93c0e8df45158196/pigdm-sensitivity-0.0-0-4.pt
d4edbcc97ec00f079508e13004cf8c0e01806e2a1c89e0eb93c0e8df45158196,3edb09d41378dfae155626fe72b75a2c4bde6a58,cff553233941e75169564d196f318bbdd728713e0809f049f5ada55d92b57e1e,7e25783c0a7c26e9b9f205121679098986989cb4fa109a54923972afe75d60ce,ac6168d8c51a9220ff3b88b5de5c6038c357dcd1c8a36c2a1f201e2293e484e8,False,zero_filled,sensitivity,0,0,5,0.03,0.03,0,0.25,22.001199642,0.642262153106,0.365350067616,0.0400173664093,0.0400173664093,0,reconstructions/d4edbcc97ec00f079508e13004cf8c0e01806e2a1c89e0eb93c0e8df45158196/zero_filled-sensitivity-0.0-0-5.pt
d4edbcc97ec00f079508e13004cf8c0e01806e2a1c89e0eb93c0e8df45158196,3edb09d41378dfae155626fe72b75a2c4bde6a58,cff553233941e75169564d196f318bbdd728713e0809f049f5ada55d92b57e1e,7e25783c0a7c26e9b9f205121679098986989cb4fa109a54923972afe75d60ce,ac6168d8c51a9220ff3b88b5de5c6038c357dcd1c8a36c2a1f201e2293e484e8,False,tv,sensitivity,0,0,5,0.03,0.03,0,0.25,23.0841255457,0.634394964779,0.210670739412,0.0374664403498,0.0374664403498,0,reconstructions/d4edbcc97ec00f079508e13004cf8c0e01806e2a1c89e0eb93c0e8df45158196/tv-sensitivity-0.0-0-5.pt
d4edbcc97ec00f079508e13004cf8c0e01806e2a1c89e0eb93c0e8df45158196,3edb09d41378dfae155626fe72b75a2c4bde6a58,cff553233941e75169564d196f318bbdd728713e0809f049f5ada55d92b57e1e,7e25783c0a7c26e9b9f205121679098986989cb4fa109a54923972afe75d60ce,ac6168d8c51a9220ff3b88b5de5c6038c357dcd1c8a36c2a1f201e2293e484e8,False,dps,sensitivity,0,0,5,0.03,0.03,0,0.25,9.72978140185,0.0818735080597,0.656715035439,0.462106645107,0.462106645107,0,reconstructions/d4edbcc97ec00f079508e13004cf8c0e01806e2a1c89e0eb93c0e8df45158196/dps-sensitivity-0.0-0-5.pt
d4edbcc97ec00f079508e13004cf8c0e01806e2a1c89e0eb93c0e8df45158196,3edb09d41378dfae155626fe72b75a2c4bde6a58,cff553233941e75169564d196f318bbdd728713e0809f049f5ada55d92b57e1e,7e25783c0a7c26e9b9f205121679098986989cb4fa109a54923972afe75d60ce,ac6168d8c51a9220ff3b88b5de5c6038c357dcd1c8a36c2a1f201e2293e484e8,False,diffpir,sensitivity,0,0,5,0.03,0.03,0,0.25,5.50478401737,0.0132917236677,0.866613924503,0.356924474239,0.356924474239,0,reconstructions/d4edbcc97ec00f079508e13004cf8c0e01806e2a1c89e0eb93c0e8df45158196/diffpir-sensitivity-0.0-0-5.pt
d4edbcc97ec00f079508e13004cf8c0e01806e2a1c89e0eb93c0e8df45158196,3edb09d41378dfae155626fe72b75a2c4bde6a58,cff553233941e75169564d196f318bbdd728713e0809f049f5ada55d92b57e1e,7e25783c0a7c26e9b9f205121679098986989cb4fa109a54923972afe75d60ce,ac6168d8c51a9220ff3b88b5de5c6038c357dcd1c8a36c2a1f201e2293e484e8,False,pigdm,sensitivity,0,0,5,0.03,0.03,0,0.25,21.8166806631,0.564457758788,0.2049305439,0.0551300048828,0.0551300048828,0,reconstructions/d4edbcc97ec00f079508e13004cf8c0e01806e2a1c89e0eb93c0e8df45158196/pigdm-sensitivity-0.0-0-5.pt
d4edbcc97ec00f079508e13004cf8c0e01806e2a1c89e0eb93c0e8df45158196,3edb09d41378dfae155626fe72b75a2c4bde6a58,cff553233941e75169564d196f318bbdd728713e0809f049f5ada55d92b57e1e,7e25783c0a7c26e9b9f205121679098986989cb4fa109a54923972afe75d60ce,ac6168d8c51a9220ff3b88b5de5c6038c357dcd1c8a36c2a1f201e2293e484e8,False,zero_filled,sensitivity,0,0,6,0.03,0.03,0,0.25,18.072035998,0.509170001742,0.274148732424,0.0898019596934,0.0898019596934,0,reconstructions/d4edbcc97ec00f079508e13004cf8c0e01806e2a1c89e0eb93c0e8df45158196/zero_filled-sensitivity-0.0-0-6.pt
d4edbcc97ec00f079508e13004cf8c0e01806e2a1c89e0eb93c0e8df45158196,3edb09d41378dfae155626fe72b75a2c4bde6a58,cff553233941e75169564d196f318bbdd728713e0809f049f5ada55d92b57e1e,7e25783c0a7c26e9b9f205121679098986989cb4fa109a54923972afe75d60ce,ac6168d8c51a9220ff3b88b5de5c6038c357dcd1c8a36c2a1f201e2293e484e8,False,tv,sensitivity,0,0,6,0.03,0.03,0,0.25,21.8314079802,0.745148188356,0.066240593791,0.0577669888735,0.0577669888735,0,reconstructions/d4edbcc97ec00f079508e13004cf8c0e01806e2a1c89e0eb93c0e8df45158196/tv-sensitivity-0.0-0-6.pt
d4edbcc97ec00f079508e13004cf8c0e01806e2a1c89e0eb93c0e8df45158196,3edb09d41378dfae155626fe72b75a2c4bde6a58,cff553233941e75169564d196f318bbdd728713e0809f049f5ada55d92b57e1e,7e25783c0a7c26e9b9f205121679098986989cb4fa109a54923972afe75d60ce,ac6168d8c51a9220ff3b88b5de5c6038c357dcd1c8a36c2a1f201e2293e484e8,False,dps,sensitivity,0,0,6,0.03,0.03,0,0.25,8.37522144199,0.00896532953977,0.53497838974,0.89525860548,0.89525860548,0,reconstructions/d4edbcc97ec00f079508e13004cf8c0e01806e2a1c89e0eb93c0e8df45158196/dps-sensitivity-0.0-0-6.pt
d4edbcc97ec00f079508e13004cf8c0e01806e2a1c89e0eb93c0e8df45158196,3edb09d41378dfae155626fe72b75a2c4bde6a58,cff553233941e75169564d196f318bbdd728713e0809f049f5ada55d92b57e1e,7e25783c0a7c26e9b9f205121679098986989cb4fa109a54923972afe75d60ce,ac6168d8c51a9220ff3b88b5de5c6038c357dcd1c8a36c2a1f201e2293e484e8,False,diffpir,sensitivity,0,0,6,0.03,0.03,0,0.25,4.23376904483,0.00358648826368,0.877369582653,0.924759268761,0.924759268761,0,reconstructions/d4edbcc97ec00f079508e13004cf8c0e01806e2a1c89e0eb93c0e8df45158196/diffpir-sensitivity-0.0-0-6.pt
d4edbcc97ec00f079508e13004cf8c0e01806e2a1c89e0eb93c0e8df45158196,3edb09d41378dfae155626fe72b75a2c4bde6a58,cff553233941e75169564d196f318bbdd728713e0809f049f5ada55d92b57e1e,7e25783c0a7c26e9b9f205121679098986989cb4fa109a54923972afe75d60ce,ac6168d8c51a9220ff3b88b5de5c6038c357dcd1c8a36c2a1f201e2293e484e8,False,pigdm,sensitivity,0,0,6,0.03,0.03,0,0.25,17.2801954034,0.521357452638,0.136897742748,0.245503783226,0.245503783226,0,reconstructions/d4edbcc97ec00f079508e13004cf8c0e01806e2a1c89e0eb93c0e8df45158196/pigdm-sensitivity-0.0-0-6.pt
d4edbcc97ec00f079508e13004cf8c0e01806e2a1c89e0eb93c0e8df45158196,3edb09d41378dfae155626fe72b75a2c4bde6a58,cff553233941e75169564d196f318bbdd728713e0809f049f5ada55d92b57e1e,7e25783c0a7c26e9b9f205121679098986989cb4fa109a54923972afe75d60ce,ac6168d8c51a9220ff3b88b5de5c6038c357dcd1c8a36c2a1f201e2293e484e8,False,zero_filled,sensitivity,0,0,7,0.03,0.03,0,0.25,20.5633420154,0.58555962536,0.206613197923,0.0729525312781,0.0729525312781,0,reconstructions/d4edbcc97ec00f079508e13004cf8c0e01806e2a1c89e0eb93c0e8df45158196/zero_filled-sensitivity-0.0-0-7.pt
d4edbcc97ec00f079508e13004cf8c0e01806e2a1c89e0eb93c0e8df45158196,3edb09d41378dfae155626fe72b75a2c4bde6a58,cff553233941e75169564d196f318bbdd728713e0809f049f5ada55d92b57e1e,7e25783c0a7c26e9b9f205121679098986989cb4fa109a54923972afe75d60ce,ac6168d8c51a9220ff3b88b5de5c6038c357dcd1c8a36c2a1f201e2293e484e8,False,tv,sensitivity,0,0,7,0.03,0.03,0,0.25,24.3813865241,0.81616764701,0.0538613274693,0.0517907813191,0.0517907813191,0,reconstructions/d4edbcc97ec00f079508e13004cf8c0e01806e2a1c89e0eb93c0e8df45158196/tv-sensitivity-0.0-0-7.pt
d4edbcc97ec00f079508e13004cf8c0e01806e2a1c89e0eb93c0e8df45158196,3edb09d41378dfae155626fe72b75a2c4bde6a58,cff553233941e75169564d196f318bbdd728713e0809f049f5ada55d92b57e1e,7e25783c0a7c26e9b9f205121679098986989cb4fa109a54923972afe75d60ce,ac6168d8c51a9220ff3b88b5de5c6038c357dcd1c8a36c2a1f201e2293e484e8,False,dps,sensitivity,0,0,7,0.03,0.03,0,0.25,6.77408753391,-0.0387825443046,0.379332631826,1.00326883793,1.00326883793,0,reconstructions/d4edbcc97ec00f079508e13004cf8c0e01806e2a1c89e0eb93c0e8df45158196/dps-sensitivity-0.0-0-7.pt
d4edbcc97ec00f079508e13004cf8c0e01806e2a1c89e0eb93c0e8df45158196,3edb09d41378dfae155626fe72b75a2c4bde6a58,cff553233941e75169564d196f318bbdd728713e0809f049f5ada55d92b57e1e,7e25783c0a7c26e9b9f205121679098986989cb4fa109a54923972afe75d60ce,ac6168d8c51a9220ff3b88b5de5c6038c357dcd1c8a36c2a1f201e2293e484e8,False,diffpir,sensitivity,0,0,7,0.03,0.03,0,0.25,4.60232812557,0.00524781843756,0.965060412884,0.79150223732,0.79150223732,0,reconstructions/d4edbcc97ec00f079508e13004cf8c0e01806e2a1c89e0eb93c0e8df45158196/diffpir-sensitivity-0.0-0-7.pt
d4edbcc97ec00f079508e13004cf8c0e01806e2a1c89e0eb93c0e8df45158196,3edb09d41378dfae155626fe72b75a2c4bde6a58,cff553233941e75169564d196f318bbdd728713e0809f049f5ada55d92b57e1e,7e25783c0a7c26e9b9f205121679098986989cb4fa109a54923972afe75d60ce,ac6168d8c51a9220ff3b88b5de5c6038c357dcd1c8a36c2a1f201e2293e484e8,False,pigdm,sensitivity,0,0,7,0.03,0.03,0,0.25,20.3356544364,0.536765210947,0.142406970263,0.15135845542,0.15135845542,0,reconstructions/d4edbcc97ec00f079508e13004cf8c0e01806e2a1c89e0eb93c0e8df45158196/pigdm-sensitivity-0.0-0-7.pt
d4edbcc97ec00f079508e13004cf8c0e01806e2a1c89e0eb93c0e8df45158196,3edb09d41378dfae155626fe72b75a2c4bde6a58,cff553233941e75169564d196f318bbdd728713e0809f049f5ada55d92b57e1e,7e25783c0a7c26e9b9f205121679098986989cb4fa109a54923972afe75d60ce,ac6168d8c51a9220ff3b88b5de5c6038c357dcd1c8a36c2a1f201e2293e484e8,False,zero_filled,sensitivity,0,1,0,0.03,0.03,0,0.25,22.2046624824,0.63262735649,0.28461125493,0.036162558943,0.036162558943,0,reconstructions/d4edbcc97ec00f079508e13004cf8c0e01806e2a1c89e0eb93c0e8df45158196/zero_filled-sensitivity-0.0-1-0.pt
d4edbcc97ec00f079508e13004cf8c0e01806e2a1c89e0eb93c0e8df45158196,3edb09d41378dfae155626fe72b75a2c4bde6a58,cff553233941e75169564d196f318bbdd728713e0809f049f5ada55d92b57e1e,7e25783c0a7c26e9b9f205121679098986989cb4fa109a54923972afe75d60ce,ac6168d8c51a9220ff3b88b5de5c6038c357dcd1c8a36c2a1f201e2293e484e8,False,tv,sensitivity,0,1,0,0.03,0.03,0,0.25,23.7228868583,0.67237846201,0.118301518261,0.0363738834858,0.0363738834858,0,reconstructions/d4edbcc97ec00f079508e13004cf8c0e01806e2a1c89e0eb93c0e8df45158196/tv-sensitivity-0.0-1-0.pt
d4edbcc97ec00f079508e13004cf8c0e01806e2a1c89e0eb93c0e8df45158196,3edb09d41378dfae155626fe72b75a2c4bde6a58,cff553233941e75169564d196f318bbdd728713e0809f049f5ada55d92b57e1e,7e25783c0a7c26e9b9f205121679098986989cb4fa109a54923972afe75d60ce,ac6168d8c51a9220ff3b88b5de5c6038c357dcd1c8a36c2a1f201e2293e484e8,False,dps,sensitivity,0,1,0,0.03,0.03,0,0.25,10.2190752859,0.113151392289,0.340085685253,0.46885073185,0.46885073185,0,reconstructions/d4edbcc97ec00f079508e13004cf8c0e01806e2a1c89e0eb93c0e8df45158196/dps-sensitivity-0.0-1-0.pt
d4edbcc97ec00f079508e13004cf8c0e01806e2a1c89e0eb93c0e8df45158196,3edb09d41378dfae155626fe72b75a2c4bde6a58,cff553233941e75169564d196f318bbdd728713e0809f049f5ada55d92b57e1e,7e25783c0a7c26e9b9f205121679098986989cb4fa109a54923972afe75d60ce,ac6168d8c51a9220ff3b88b5de5c6038c357dcd1c8a36c2a1f201e2293e484e8,False,diffpir,sensitivity,0,1,0,0.03,0.03,0,0.25,5.86039976339,0.0106510065968,0.970785498619,0.30121281743,0.30121281743,0,reconstructions/d4edbcc97ec00f079508e13004cf8c0e01806e2a1c89e0eb93c0e8df45158196/diffpir-sensitivity-0.0-1-0.pt
d4edbcc97ec00f079508e13004cf8c0e01806e2a1c89e0eb93c0e8df45158196,3edb09d41378dfae155626fe72b75a2c4bde6a58,cff553233941e75169564d196f318bbdd728713e0809f049f5ada55d92b57e1e,7e25783c0a7c26e9b9f205121679098986989cb4fa109a54923972afe75d60ce,ac6168d8c51a9220ff3b88b5de5c6038c357dcd1c8a36c2a1f201e2293e484e8,False,pigdm,sensitivity,0,1,0,0.03,0.03,0,0.25,21.8750660021,0.573817540285,0.102194063365,0.0513904429972,0.0513904429972,0,reconstructions/d4edbcc97ec00f079508e13004cf8c0e01806e2a1c89e0eb93c0e8df45158196/pigdm-sensitivity-0.0-1-0.pt
d4edbcc97ec00f079508e13004cf8c0e01806e2a1c89e0eb93c0e8df45158196,3edb09d41378dfae155626fe72b75a2c4bde6a58,cff553233941e75169564d196f318bbdd728713e0809f049f5ada55d92b57e1e,7e25783c0a7c26e9b9f205121679098986989cb4fa109a54923972afe75d60ce,ac6168d8c51a9220ff3b88b5de5c6038c357dcd1c8a36c2a1f201e2293e484e8,False,zero_filled,sensitivity,0,1,1,0.03,0.03,0,0.25,24.7355750564,0.678192674721,0.417637109756,0.0395005047321,0.0395005047321,0,reconstructions/d4edbcc97ec00f079508e13004cf8c0e01806e2a1c89e0eb93c0e8df45158196/zero_filled-sensitivity-0.0-1-1.pt
d4edbcc97ec00f079508e13004cf8c0e01806e2a1c89e0eb93c0e8df45158196,3edb09d41378dfae155626fe72b75a2c4bde6a58,cff553233941e75169564d196f318bbdd728713e0809f049f5ada55d92b57e1e,7e25783c0a7c26e9b9f205121679098986989cb4fa109a54923972afe75d60ce,ac6168d8c51a9220ff3b88b5de5c6038c357dcd1c8a36c2a1f201e2293e484e8,False,tv,sensitivity,0,1,1,0.03,0.03,0,0.25,25.9807354937,0.633378917092,0.316274940968,0.0502718649805,0.0502718649805,0,reconstructions/d4edbcc97ec00f079508e13004cf8c0e01806e2a1c89e0eb93c0e8df45158196/tv-sensitivity-0.0-1-1.pt
d4edbcc97ec00f079508e13004cf8c0e01806e2a1c89e0eb93c0e8df45158196,3edb09d41378dfae155626fe72b75a2c4bde6a58,cff553233941e75169564d196f318bbdd728713e0809f049f5ada55d92b57e1e,7e25783c0a7c26e9b9f205121679098986989cb4fa109a54923972afe75d60ce,ac6168d8c51a9220ff3b88b5de5c6038c357dcd1c8a36c2a1f201e2293e484e8,False,dps,sensitivity,0,1,1,0.03,0.03,0,0.25,8.34246340709,0.0286202599698,0.584222972393,0.748759567738,0.748759567738,0,reconstructions/d4edbcc97ec00f079508e13004cf8c0e01806e2a1c89e0eb93c0e8df45158196/dps-sensitivity-0.0-1-1.pt
d4edbcc97ec00f079508e13004cf8c0e01806e2a1c89e0eb93c0e8df45158196,3edb09d41378dfae155626fe72b75a2c4bde6a58,cff553233941e75169564d196f318bbdd728713e0809f049f5ada55d92b57e1e,7e25783c0a7c26e9b9f205121679098986989cb4fa109a54923972afe75d60ce,ac6168d8c51a9220ff3b88b5de5c6038c357dcd1c8a36c2a1f201e2293e484e8,False,diffpir,sensitivity,0,1,1,0.03,0.03,0,0.25,6.22538263064,0.0159819320968,0.759632825851,0.300485521555,0.300485521555,0,reconstructions/d4edbcc97ec00f079508e13004cf8c0e01806e2a1c89e0eb93c0e8df45158196/diffpir-sensitivity-0.0-1-1.pt
d4edbcc97ec00f079508e13004cf8c0e01806e2a1c89e0eb93c0e8df45158196,3edb09d41378dfae155626fe72b75a2c4bde6a58,cff553233941e75169564d196f318bbdd728713e0809f049f5ada55d92b57e1e,7e25783c0a7c26e9b9f205121679098986989cb4fa109a54923972afe75d60ce,ac6168d8c51a9220ff3b88b5de5c6038c357dcd1c8a36c2a1f201e2293e484e8,False,pigdm,sensitivity,0,1,1,0.03,0.03,0,0.25,24.0600163877,0.55265449702,0.280442267656,0.0667143762112,0.0667143762112,0,reconstructions/d4edbcc97ec00f079508e13004cf8c0e01806e2a1c89e0eb93c0e8df45158196/pigdm-sensitivity-0.0-1-1.pt
d4edbcc97ec00f079508e13004cf8c0e01806e2a1c89e0eb93c0e8df45158196,3edb09d41378dfae155626fe72b75a2c4bde6a58,cff553233941e75169564d196f318bbdd728713e0809f049f5ada55d92b57e1e,7e25783c0a7c26e9b9f205121679098986989cb4fa109a54923972afe75d60ce,ac6168d8c51a9220ff3b88b5de5c6038c357dcd1c8a36c2a1f201e2293e484e8,False,zero_filled,sensitivity,0,1,2,0.03,0.03,0,0.25,19.0949875008,0.545044295258,0.227540493011,0.0716555118561,0.0716555118561,0,reconstructions/d4edbcc97ec00f079508e13004cf8c0e01806e2a1c89e0eb93c0e8df45158196/zero_filled-sensitivity-0.0-1-2.pt
d4edbcc97ec00f079508e13004cf8c0e01806e2a1c89e0eb93c0e8df45158196,3edb09d41378dfae155626fe72b75a2c4bde6a58,cff553233941e75169564d196f318bbdd728713e0809f049f5ada55d92b57e1e,7e25783c0a7c26e9b9f205121679098986989cb4fa109a54923972afe75d60ce,ac6168d8c51a9220ff3b88b5de5c6038c357dcd1c8a36c2a1f201e2293e484e8,False,tv,sensitivity,0,1,2,0.03,0.03,0,0.25,22.2851196043,0.791705732184,0.057649448514,0.0557870790362,0.0557870790362,0,reconstructions/d4edbcc97ec00f079508e13004cf8c0e01806e2a1c89e0eb93c0e8df45158196/tv-sensitivity-0.0-1-2.pt
d4edbcc97ec00f079508e13004cf8c0e01806e2a1c89e0eb93c0e8df45158196,3edb09d41378dfae155626fe72b75a2c4bde6a58,cff553233941e75169564d196f318bbdd728713e0809f049f5ada55d92b57e1e,7e25783c0a7c26e9b9f205121679098986989cb4fa109a54923972afe75d60ce,ac6168d8c51a9220ff3b88b5de5c6038c357dcd1c8a36c2a1f201e2293e484e8,False,dps,sensitivity,0,1,2,0.03,0.03,0,0.25,9.44527058403,0.0638372536497,0.284519582987,0.741458714008,0.741458714008,0,reconstructions/d4edbcc97ec00f079508e13004cf8c0e01806e2a1c89e0eb93c0e8df45158196/dps-sensitivity-0.0-1-2.pt
d4edbcc97ec00f079508e13004cf8c0e01806e2a1c89e0eb93c0e8df45158196,3edb09d41378dfae155626fe72b75a2c4bde6a58,cff553233941e75169564d196f318bbdd728713e0809f049f5ada55d92b57e1e,7e25783c0a7c26e9b9f205121679098986989cb4fa109a54923972afe75d60ce,ac6168d8c51a9220ff3b88b5de5c6038c357dcd1c8a36c2a1f201e2293e484e8,False,diffpir,sensitivity,0,1,2,0.03,0.03,0,0.25,4.44495340446,0.0170902236145,0.88236951828,0.864998519421,0.864998519421,0,reconstructions/d4edbcc97ec00f079508e13004cf8c0e01806e2a1c89e0eb93c0e8df45158196/diffpir-sensitivity-0.0-1-2.pt
d4edbcc97ec00f079508e13004cf8c0e01806e2a1c89e0eb93c0e8df45158196,3edb09d41378dfae155626fe72b75a2c4bde6a58,cff553233941e75169564d196f318bbdd728713e0809f049f5ada55d92b57e1e,7e25783c0a7c26e9b9f205121679098986989cb4fa109a54923972afe75d60ce,ac6168d8c51a9220ff3b88b5de5c6038c357dcd1c8a36c2a1f201e2293e484e8,False,pigdm,sensitivity,0,1,2,0.03,0.03,0,0.25,18.3704377746,0.528071142762,0.0926485955715,0.190625861287,0.190625861287,0,reconstructions/d4edbcc97ec00f079508e13004cf8c0e01806e2a1c89e0eb93c0e8df45158196/pigdm-sensitivity-0.0-1-2.pt
d4edbcc97ec00f079508e13004cf8c0e01806e2a1c89e0eb93c0e8df45158196,3edb09d41378dfae155626fe72b75a2c4bde6a58,cff553233941e75169564d196f318bbdd728713e0809f049f5ada55d92b57e1e,7e25783c0a7c26e9b9f205121679098986989cb4fa109a54923972afe75d60ce,ac6168d8c51a9220ff3b88b5de5c6038c357dcd1c8a36c2a1f201e2293e484e8,False,zero_filled,sensitivity,0,1,3,0.03,0.03,0,0.25,21.4834234263,0.608972967773,0.245045855641,0.042365334928,0.042365334928,0,reconstructions/d4edbcc97ec00f079508e13004cf8c0e01806e2a1c89e0eb93c0e8df45158196/zero_filled-sensitivity-0.0-1-3.pt
d4edbcc97ec00f079508e13004cf8c0e01806e2a1c89e0eb93c0e8df45158196,3edb09d41378dfae155626fe72b75a2c4bde6a58,cff553233941e75169564d196f318bbdd728713e0809f049f5ada55d92b57e1e,7e25783c0a7c26e9b9f205121679098986989cb4fa109a54923972afe75d60ce,ac6168d8c51a9220ff3b88b5de5c6038c357dcd1c8a36c2a1f201e2293e484e8,False,tv,sensitivity,0,1,3,0.03,0.03,0,0.25,26.4310100741,0.76344070425,0.178075611591,0.0365573167801,0.0365573167801,0,reconstructions/d4edbcc97ec00f079508e13004cf8c0e01806e2a1c89e0eb93c0e8df45158196/tv-sensitivity-0.0-1-3.pt
d4edbcc97ec00f079508e13004cf8c0e01806e2a1c89e0eb93c0e8df45158196,3edb09d41378dfae155626fe72b75a2c4bde6a58,cff553233941e75169564d196f318bbdd728713e0809f049f5ada55d92b57e1e,7e25783c0a7c26e9b9f205121679098986989cb4fa109a54923972afe75d60ce,ac6168d8c51a9220ff3b88b5de5c6038c357dcd1c8a36c2a1f201e2293e484e8,False,dps,sensitivity,0,1,3,0.03,0.03,0,0.25,12.0305661762,0.151912290662,0.38518679142,0.359732180834,0.359732180834,0,reconstructions/d4edbcc97ec00f079508e13004cf8c0e01806e2a1c89e0eb93c0e8df45158196/dps-sensitivity-0.0-1-3.pt
d4edbcc97ec00f079508e13004cf8c0e01806e2a1c89e0eb93c0e8df45158196,3edb09d41378dfae155626fe72b75a2c4bde6a58,cff553233941e75169564d196f318bbdd728713e0809f049f5ada55d92b57e1e,7e25783c0a7c26e9b9f205121679098986989cb4fa109a54923972afe75d60ce,ac6168d8c51a9220ff3b88b5de5c6038c357dcd1c8a36c2a1f201e2293e484e8,False,diffpir,sensitivity,0,1,3,0.03,0.03,0,0.25,5.51571446053,0.00556491045629,0.969583213329,0.375601738691,0.375601738691,0,reconstructions/d4edbcc97ec00f079508e13004cf8c0e01806e2a1c89e0eb93c0e8df45158196/diffpir-sensitivity-0.0-1-3.pt
d4edbcc97ec00f079508e13004cf8c0e01806e2a1c89e0eb93c0e8df45158196,3edb09d41378dfae155626fe72b75a2c4bde6a58,cff553233941e75169564d196f318bbdd728713e0809f049f5ada55d92b57e1e,7e25783c0a7c26e9b9f205121679098986989cb4fa109a54923972afe75d60ce,ac6168d8c51a9220ff3b88b5de5c6038c357dcd1c8a36c2a1f201e2293e484e8,False,pigdm,sensitivity,0,1,3,0.03,0.03,0,0.25,23.5852357281,0.70622595682,0.129804044962,0.055562980473,0.055562980473,0,reconstructions/d4edbcc97ec00f079508e13004cf8c0e01806e2a1c89e0eb93c0e8df45158196/pigdm-sensitivity-0.0-1-3.pt
d4edbcc97ec00f079508e13004cf8c0e01806e2a1c89e0eb93c0e8df45158196,3edb09d41378dfae155626fe72b75a2c4bde6a58,cff553233941e75169564d196f318bbdd728713e0809f049f5ada55d92b57e1e,7e25783c0a7c26e9b9f205121679098986989cb4fa109a54923972afe75d60ce,ac6168d8c51a9220ff3b88b5de5c6038c357dcd1c8a36c2a1f201e2293e484e8,False,zero_filled,sensitivity,0,1,4,0.03,0.03,0,0.25,21.0439711051,0.694471524014,0.187386095524,0.039288405329,0.039288405329,0,reconstructions/d4edbcc97ec00f079508e13004cf8c0e01806e2a1c89e0eb93c0e8df45158196/zero_filled-sensitivity-0.0-1-4.pt
d4edbcc97ec00f079508e13004cf8c0e01806e2a1c89e0eb93c0e8df45158196,3edb09d41378dfae155626fe72b75a2c4bde6a58,cff553233941e75169564d196f318bbdd728713e0809f049f5ada55d92b57e1e,7e25783c0a7c26e9b9f205121679098986989cb4fa109a54923972afe75d60ce,ac6168d8c51a9220ff3b88b5de5c6038c357dcd1c8a36c2a1f201e2293e484e8,False,tv,sensitivity,0,1,4,0.03,0.03,0,0.25,22.6283952057,0.73807088889,0.0792167037725,0.0332164615393,0.0332164615393,0,reconstructions/d4edbcc97ec00f079508e13004cf8c0e01806e2a1c89e0eb93c0e8df45158196/tv-sensitivity-0.0-1-4.pt
d4edbcc97ec00f079508e13004cf8c0e01806e2a1c89e0eb93c0e8df45158196,3edb09d41378dfae155626fe72b75a2c4bde6a58,cff553233941e75169564d196f318bbdd728713e0809f049f5ada55d92b57e1e,7e25783c0a7c26e9b9f205121679098986989cb4fa109a54923972afe75d60ce,ac6168d8c51a9220ff3b88b5de5c6038c357dcd1c8a36c2a1f201e2293e484e8,False,dps,sensitivity,0,1,4,0.03,0.03,0,0.25,8.15864938278,0.0973021353708,0.470975756645,0.576993763447,0.576993763447,0,reconstructions/d4edbcc97ec00f079508e13004cf8c0e01806e2a1c89e0eb93c0e8df45158196/dps-sensitivity-0.0-1-4.pt
d4edbcc97ec00f079508e13004cf8c0e01806e2a1c89e0eb93c0e8df45158196,3edb09d41378dfae155626fe72b75a2c4bde6a58,cff553233941e75169564d196f318bbdd728713e0809f049f5ada55d92b57e1e,7e25783c0a7c26e9b9f205121679098986989cb4fa109a54923972afe75d60ce,ac6168d8c51a9220ff3b88b5de5c6038c357dcd1c8a36c2a1f201e2293e484e8,False,diffpir,sensitivity,0,1,4,0.03,0.03,0,0.25,5.29127086677,0.0230717931289,0.960191369057,0.411290019751,0.411290019751,0,reconstructions/d4edbcc97ec00f079508e13004cf8c0e01806e2a1c89e0eb93c0e8df45158196/diffpir-sensitivity-0.0-1-4.pt
d4edbcc97ec00f079508e13004cf8c0e01806e2a1c89e0eb93c0e8df45158196,3edb09d41378dfae155626fe72b75a2c4bde6a58,cff553233941e75169564d196f318bbdd728713e0809f049f5ada55d92b57e1e,7e25783c0a7c26e9b9f205121679098986989cb4fa109a54923972afe75d60ce,ac6168d8c51a9220ff3b88b5de5c6038c357dcd1c8a36c2a1f201e2293e484e8,False,pigdm,sensitivity,0,1,4,0.03,0.03,0,0.25,21.9161177545,0.681963203088,0.0703595355153,0.0506491214037,0.0506491214037,0,reconstructions/d4edbcc97ec00f079508e13004cf8c0e01806e2a1c89e0eb93c0e8df45158196/pigdm-sensitivity-0.0-1-4.pt
d4edbcc97ec00f079508e13004cf8c0e01806e2a1c89e0eb93c0e8df45158196,3edb09d41378dfae155626fe72b75a2c4bde6a58,cff553233941e75169564d196f318bbdd728713e0809f049f5ada55d92b57e1e,7e25783c0a7c26e9b9f205121679098986989cb4fa109a54923972afe75d60ce,ac6168d8c51a9220ff3b88b5de5c6038c357dcd1c8a36c2a1f201e2293e484e8,False,zero_filled,sensitivity,0,1,5,0.03,0.03,0,0.25,21.2541554907,0.619175223835,0.340990126133,0.0337036922574,0.0337036922574,0,reconstructions/d4edbcc97ec00f079508e13004cf8c0e01806e2a1c89e0eb93c0e8df45158196/zero_filled-sensitivity-0.0-1-5.pt
d4edbcc97ec00f079508e13004cf8c0e01806e2a1c89e0eb93c0e8df45158196,3edb09d41378dfae155626fe72b75a2c4bde6a58,cff553233941e75169564d196f318bbdd728713e0809f049f5ada55d92b57e1e,7e25783c0a7c26e9b9f205121679098986989cb4fa109a54923972afe75d60ce,ac6168d8c51a9220ff3b88b5de5c6038c357dcd1c8a36c2a1f201e2293e484e8,False,tv,sensitivity,0,1,5,0.03,0.03,0,0.25,21.7323703056,0.587475404773,0.245025902987,0.0397246666253,0.0397246666253,0,reconstructions/d4edbcc97ec00f079508e13004cf8c0e01806e2a1c89e0eb93c0e8df45158196/tv-sensitivity-0.0-1-5.pt
d4edbcc97ec00f079508e13004cf8c0e01806e2a1c89e0eb93c0e8df45158196,3edb09d41378dfae155626fe72b75a2c4bde6a58,cff553233941e75169564d196f318bbdd728713e0809f049f5ada55d92b57e1e,7e25783c0a7c26e9b9f205121679098986989cb4fa109a54923972afe75d60ce,ac6168d8c51a9220ff3b88b5de5c6038c357dcd1c8a36c2a1f201e2293e484e8,False,dps,sensitivity,0,1,5,0.03,0.03,0,0.25,8.46733652948,0.0624271652371,0.456103175879,0.515387356281,0.515387356281,0,reconstructions/d4edbcc97ec00f079508e13004cf8c0e01806e2a1c89e0eb93c0e8df45158196/dps-sensitivity-0.0-1-5.pt
d4edbcc97ec00f079508e13004cf8c0e01806e2a1c89e0eb93c0e8df45158196,3edb09d41378dfae155626fe72b75a2c4bde6a58,cff553233941e75169564d196f318bbdd728713e0809f049f5ada55d92b57e1e,7e25783c0a7c26e9b9f205121679098986989cb4fa109a54923972afe75d60ce,ac6168d8c51a9220ff3b88b5de5c6038c357dcd1c8a36c2a1f201e2293e484e8,False,diffpir,sensitivity,0,1,5,0.03,0.03,0,0.25,5.52455110545,0.00581600415999,0.866603314877,0.339689999819,0.339689999819,0,reconstructions/d4edbcc97ec00f079508e13004cf8c0e01806e2a1c89e0eb93c0e8df45158196/diffpir-sensitivity-0.0-1-5.pt
d4edbcc97ec00f079508e13004cf8c0e01806e2a1c89e0eb93c0e8df45158196,3edb09d41378dfae155626fe72b75a2c4bde6a58,cff553233941e75169564d196f318bbdd728713e0809f049f5ada55d92b57e1e,7e25783c0a7c26e9b9f205121679098986989cb4fa109a54923972afe75d60ce,ac6168d8c51a9220ff3b88b5de5c6038c357dcd1c8a36c2a1f201e2293e484e8,False,pigdm,sensitivity,0,1,5,0.03,0.03,0,0.25,20.0796892094,0.493915451699,0.125915393233,0.0486916936934,0.0486916936934,0,reconstructions/d4edbcc97ec00f079508e13004cf8c0e01806e2a1c89e0eb93c0e8df45158196/pigdm-sensitivity-0.0-1-5.pt
d4edbcc97ec00f079508e13004cf8c0e01806e2a1c89e0eb93c0e8df45158196,3edb09d41378dfae155626fe72b75a2c4bde6a58,cff553233941e75169564d196f318bbdd728713e0809f049f5ada55d92b57e1e,7e25783c0a7c26e9b9f205121679098986989cb4fa109a54923972afe75d60ce,ac6168d8c51a9220ff3b88b5de5c6038c357dcd1c8a36c2a1f201e2293e484e8,False,zero_filled,sensitivity,0,1,6,0.03,0.03,0,0.25,17.8726890634,0.490872731334,0.277838408947,0.0856487005949,0.0856487005949,0,reconstructions/d4edbcc97ec00f079508e13004cf8c0e01806e2a1c89e0eb93c0e8df45158196/zero_filled-sensitivity-0.0-1-6.pt
d4edbcc97ec00f079508e13004cf8c0e01806e2a1c89e0eb93c0e8df45158196,3edb09d41378dfae155626fe72b75a2c4bde6a58,cff553233941e75169564d196f318bbdd728713e0809f049f5ada55d92b57e1e,7e25783c0a7c26e9b9f205121679098986989cb4fa109a54923972afe75d60ce,ac6168d8c51a9220ff3b88b5de5c6038c357dcd1c8a36c2a1f201e2293e484e8,False,tv,sensitivity,0,1,6,0.03,0.03,0,0.25,21.6924840194,0.738317133668,0.0691543072462,0.0617213658988,0.0617213658988,0,reconstructions/d4edbcc97ec00f079508e13004cf8c0e01806e2a1c89e0eb93c0e8df45158196/tv-sensitivity-0.0-1-6.pt
d4edbcc97ec00f079508e13004cf8c0e01806e2a1c89e0eb93c0e8df45158196,3edb09d41378dfae155626fe72b75a2c4bde6a58,cff553233941e75169564d196f318bbdd728713e0809f049f5ada55d92b57e1e,7e25783c0a7c26e9b9f205121679098986989cb4fa109a54923972afe75d60ce,ac6168d8c51a9220ff3b88b5de5c6038c357dcd1c8a36c2a1f201e2293e484e8,False,dps,sensitivity,0,1,6,0.03,0.03,0,0.25,5.75103506549,-0.0280616068875,0.471248924732,1.23349559307,1.23349559307,0,reconstructions/d4edbcc97ec00f079508e13004cf8c0e01806e2a1c89e0eb93c0e8df45158196/dps-sensitivity-0.0-1-6.pt
d4edbcc97ec00f079508e13004cf8c0e01806e2a1c89e0eb93c0e8df45158196,3edb09d41378dfae155626fe72b75a2c4bde6a58,cff553233941e75169564d196f318bbdd728713e0809f049f5ada55d92b57e1e,7e25783c0a7c26e9b9f205121679098986989cb4fa109a54923972afe75d60ce,ac6168d8c51a9220ff3b88b5de5c6038c357dcd1c8a36c2a1f201e2293e484e8,False,diffpir,sensitivity,0,1,6,0.03,0.03,0,0.25,4.43845591612,0.00893579095114,0.933672964573,0.89417475462,0.89417475462,0,reconstructions/d4edbcc97ec00f079508e13004cf8c0e01806e2a1c89e0eb93c0e8df45158196/diffpir-sensitivity-0.0-1-6.pt
d4edbcc97ec00f079508e13004cf8c0e01806e2a1c89e0eb93c0e8df45158196,3edb09d41378dfae155626fe72b75a2c4bde6a58,cff553233941e75169564d196f318bbdd728713e0809f049f5ada55d92b57e1e,7e25783c0a7c26e9b9f205121679098986989cb4fa109a54923972afe75d60ce,ac6168d8c51a9220ff3b88b5de5c6038c357dcd1c8a36c2a1f201e2293e484e8,False,pigdm,sensitivity,0,1,6,0.03,0.03,0,0.25,17.9092308468,0.487810552429,0.103308364749,0.148584350944,0.148584350944,0,reconstructions/d4edbcc97ec00f079508e13004cf8c0e01806e2a1c89e0eb93c0e8df45158196/pigdm-sensitivity-0.0-1-6.pt
d4edbcc97ec00f079508e13004cf8c0e01806e2a1c89e0eb93c0e8df45158196,3edb09d41378dfae155626fe72b75a2c4bde6a58,cff553233941e75169564d196f318bbdd728713e0809f049f5ada55d92b57e1e,7e25783c0a7c26e9b9f205121679098986989cb4fa109a54923972afe75d60ce,ac6168d8c51a9220ff3b88b5de5c6038c357dcd1c8a36c2a1f201e2293e484e8,False,zero_filled,sensitivity,0,1,7,0.03,0.03,0,0.25,20.1585913938,0.59013865812,0.227954864502,0.066825017333,0.066825017333,0,reconstructions/d4edbcc97ec00f079508e13004cf8c0e01806e2a1c89e0eb93c0e8df45158196/zero_filled-sensitivity-0.0-1-7.pt
d4edbcc97ec00f079508e13004cf8c0e01806e2a1c89e0eb93c0e8df45158196,3edb09d41378dfae155626fe72b75a2c4bde6a58,cff553233941e75169564d196f318bbdd728713e0809f049f5ada55d92b57e1e,7e25783c0a7c26e9b9f205121679098986989cb4fa109a54923972afe75d60ce,ac6168d8c51a9220ff3b88b5de5c6038c357dcd1c8a36c2a1f201e2293e484e8,False,tv,sensitivity,0,1,7,0.03,0.03,0,0.25,23.7665318715,0.772506456193,0.0709505975246,0.0525614023209,0.0525614023209,0,reconstructions/d4edbcc97ec00f079508e13004cf8c0e01806e2a1c89e0eb93c0e8df45158196/tv-sensitivity-0.0-1-7.pt
d4edbcc97ec00f079508e13004cf8c0e01806e2a1c89e0eb93c0e8df45158196,3edb09d41378dfae155626fe72b75a2c4bde6a58,cff553233941e75169564d196f318bbdd728713e0809f049f5ada55d92b57e1e,7e25783c0a7c26e9b9f205121679098986989cb4fa109a54923972afe75d60ce,ac6168d8c51a9220ff3b88b5de5c6038c357dcd1c8a36c2a1f201e2293e484e8,False,dps,sensitivity,0,1,7,0.03,0.03,0,0.25,4.94097181774,0.0086788788766,0.449072420597,1.28597438335,1.28597438335,0,reconstructions/d4edbcc97ec00f079508e13004cf8c0e01806e2a1c89e0eb93c0e8df45158196/dps-sensitivity-0.0-1-7.pt
d4edbcc97ec00f079508e13004cf8c0e01806e2a1c89e0eb93c0e8df45158196,3edb09d41378dfae155626fe72b75a2c4bde6a58,cff553233941e75169564d196f318bbdd728713e0809f049f5ada55d92b57e1e,7e25783c0a7c26e9b9f205121679098986989cb4fa109a54923972afe75d60ce,ac6168d8c51a9220ff3b88b5de5c6038c357dcd1c8a36c2a1f201e2293e484e8,False,diffpir,sensitivity,0,1,7,0.03,0.03,0,0.25,4.69601335283,-0.00142598444606,0.915986299515,0.760432898998,0.760432898998,0,reconstructions/d4edbcc97ec00f079508e13004cf8c0e01806e2a1c89e0eb93c0e8df45158196/diffpir-sensitivity-0.0-1-7.pt
d4edbcc97ec00f079508e13004cf8c0e01806e2a1c89e0eb93c0e8df45158196,3edb09d41378dfae155626fe72b75a2c4bde6a58,cff553233941e75169564d196f318bbdd728713e0809f049f5ada55d92b57e1e,7e25783c0a7c26e9b9f205121679098986989cb4fa109a54923972afe75d60ce,ac6168d8c51a9220ff3b88b5de5c6038c357dcd1c8a36c2a1f201e2293e484e8,False,pigdm,sensitivity,0,1,7,0.03,0.03,0,0.25,14.4881376559,0.432177980753,0.286548763514,0.367417067289,0.367417067289,0,reconstructions/d4edbcc97ec00f079508e13004cf8c0e01806e2a1c89e0eb93c0e8df45158196/pigdm-sensitivity-0.0-1-7.pt
d4edbcc97ec00f079508e13004cf8c0e01806e2a1c89e0eb93c0e8df45158196,3edb09d41378dfae155626fe72b75a2c4bde6a58,cff553233941e75169564d196f318bbdd728713e0809f049f5ada55d92b57e1e,7e25783c0a7c26e9b9f205121679098986989cb4fa109a54923972afe75d60ce,ac6168d8c51a9220ff3b88b5de5c6038c357dcd1c8a36c2a1f201e2293e484e8,False,zero_filled,sensitivity,0,2,0,0.03,0.03,0,0.25,21.8298625337,0.60077281683,0.326059550047,0.0329605676234,0.0329605676234,0,reconstructions/d4edbcc97ec00f079508e13004cf8c0e01806e2a1c89e0eb93c0e8df45158196/zero_filled-sensitivity-0.0-2-0.pt
d4edbcc97ec00f079508e13004cf8c0e01806e2a1c89e0eb93c0e8df45158196,3edb09d41378dfae155626fe72b75a2c4bde6a58,cff553233941e75169564d196f318bbdd728713e0809f049f5ada55d92b57e1e,7e25783c0a7c26e9b9f205121679098986989cb4fa109a54923972afe75d60ce,ac6168d8c51a9220ff3b88b5de5c6038c357dcd1c8a36c2a1f201e2293e484e8,False,tv,sensitivity,0,2,0,0.03,0.03,0,0.25,22.7166304714,0.616398392161,0.140605896711,0.0359233804047,0.0359233804047,0,reconstructions/d4edbcc97ec00f079508e13004cf8c0e01806e2a1c89e0eb93c0e8df45158196/tv-sensitivity-0.0-2-0.pt
d4edbcc97ec00f079508e13004cf8c0e01806e2a1c89e0eb93c0e8df45158196,3edb09d41378dfae155626fe72b75a2c4bde6a58,cff553233941e75169564d196f318bbdd728713e0809f049f5ada55d92b57e1e,7e25783c0a7c26e9b9f205121679098986989cb4fa109a54923972afe75d60ce,ac6168d8c51a9220ff3b88b5de5c6038c357dcd1c8a36c2a1f201e2293e484e8,False,dps,sensitivity,0,2,0,0.03,0.03,0,0.25,10.1902226352,0.0603574707974,0.298761934042,0.459459006786,0.459459006786,0,reconstructions/d4edbcc97ec00f079508e13004cf8c0e01806e2a1c89e0eb93c0e8df45158196/dps-sensitivity-0.0-2-0.pt
d4edbcc97ec00f079508e13004cf8c0e01806e2a1c89e0eb93c0e8df45158196,3edb09d41378dfae155626fe72b75a2c4bde6a58,cff553233941e75169564d196f318bbdd728713e0809f049f5ada55d92b57e1e,7e25783c0a7c26e9b9f205121679098986989cb4fa109a54923972afe75d60ce,ac6168d8c51a9220ff3b88b5de5c6038c357dcd1c8a36c2a1f201e2293e484e8,False,diffpir,sensitivity,0,2,0,0.03,0.03,0,0.25,5.8767541955,0.018935876771,0.946575760841,0.30015206337,0.30015206337,0,reconstructions/d4edbcc97ec00f079508e13004cf8c0e01806e2a1c89e0eb93c0e8df45158196/diffpir-sensitivity-0.0-2-0.pt
d4edbcc97ec00f079508e13004cf8c0e01806e2a1c89e0eb93c0e8df45158196,3edb09d41378dfae155626fe72b75a2c4bde6a58,cff553233941e75169564d196f318bbdd728713e0809f049f5ada55d92b57e1e,7e25783c0a7c26e9b9f205121679098986989cb4fa109a54923972afe75d60ce,ac6168d8c51a9220ff3b88b5de5c6038c357dcd1c8a36c2a1f201e2293e484e8,False,pigdm,sensitivity,0,2,0,0.03,0.03,0,0.25,21.1362061412,0.530947947265,0.180492594838,0.04511237517,0.04511237517,0,reconstructions/d4edbcc97ec00f079508e13004cf8c0e01806e2a1c89e0eb93c0e8df45158196/pigdm-sensitivity-0.0-2-0.pt
d4edbcc97ec00f079508e13004cf8c0e01806e2a1c89e0eb93c0e8df45158196,3edb09d41378dfae155626fe72b75a2c4bde6a58,cff553233941e75169564d196f318bbdd728713e0809f049f5ada55d92b57e1e,7e25783c0a7c26e9b9f205121679098986989cb4fa109a54923972afe75d60ce,ac6168d8c51a9220ff3b88b5de5c6038c357dcd1c8a36c2a1f201e2293e484e8,False,zero_filled,sensitivity,0,2,1,0.03,0.03,0,0.25,24.2105694551,0.634836728437,0.462086170912,0.0369234457612,0.0369234457612,0,reconstructions/d4edbcc97ec00f079508e13004cf8c0e01806e2a1c89e0eb93c0e8df45158196/zero_filled-sensitivity-0.0-2-1.pt
d4edbcc97ec00f079508e13004cf8c0e01806e2a1c89e0eb93c0e8df45158196,3edb09d41378dfae155626fe72b75a2c4bde6a58,cff553233941e75169564d196f318bbdd728713e0809f049f5ada55d92b57e1e,7e25783c0a7c26e9b9f205121679098986989cb4fa109a54923972afe75d60ce,ac6168d8c51a9220ff3b88b5de5c6038c357dcd1c8a36c2a1f201e2293e484e8,False,tv,sensitivity,0,2,1,0.03,0.03,0,0.25,24.7543161277,0.567223908896,0.324154853821,0.0494943112135,0.0494943112135,0,reconstructions/d4edbcc97ec00f079508e13004cf8c0e01806e2a1c89e0eb93c0e8df45158196/tv-sensitivity-0.0-2-1.pt
d4edbcc97ec00f079508e13004cf8c0e01806e2a1c89e0eb93c0e8df45158196,3edb09d41378dfae155626fe72b75a2c4bde6a58,cff553233941e75169564d196f318bbdd728713e0809f049f5ada55d92b57e1e,7e25783c0a7c26e9b9f205121679098986989cb4fa109a54923972afe75d60ce,ac6168d8c51a9220ff3b88b5de5c6038c357dcd1c8a36c2a1f201e2293e484e8,False,dps,sensitivity,0,2,1,0.03,0.03,0,0.25,12.8053901056,0.20756943228,0.527325689793,0.441699564457,0.441699564457,0,reconstructions/d4edbcc97ec00f079508e13004cf8c0e01806e2a1c89e0eb93c0e8df45158196/dps-sensitivity-0.0-2-1.pt
d4edbcc97ec00f079508e13004cf8c0e01806e2a1c89e0eb93c0e8df45158196,3edb09d41378dfae155626fe72b75a2c4bde6a58,cff553233941e75169564d196f318bbdd728713e0809f049f5ada55d92b57e1e,7e25783c0a7c26e9b9f205121679098986989cb4fa109a54923972afe75d60ce,ac6168d8c51a9220ff3b88b5de5c6038c357dcd1c8a36c2a1f201e2293e484e8,False,diffpir,sensitivity,0,2,1,0.03,0.03,0,0.25,6.17646944476,0.00551626697213,0.742893278599,0.304048418999,0.304048418999,0,reconstructions/d4edbcc97ec00f079508e13004cf8c0e01806e2a1c89e0eb93c0e8df45158196/diffpir-sensitivity-0.0-2-1.pt
d4edbcc97ec00f079508e13004cf8c0e01806e2a1c89e0eb93c0e8df45158196,3edb09d41378dfae155626fe72b75a2c4bde6a58,cff553233941e75169564d196f318bbdd728713e0809f049f5ada55d92b57e1e,7e25783c0a7c26e9b9f205121679098986989cb4fa109a54923972afe75d60ce,ac6168d8c51a9220ff3b88b5de5c6038c357dcd1c8a36c2a1f201e2293e484e8,False,pigdm,sensitivity,0,2,1,0.03,0.03,0,0.25,23.7767783124,0.502570672593,0.334489107132,0.0644263401628,0.0644263401628,0,reconstructions/d4edbcc97ec00f079508e13004cf8c0e01806e2a1c89e0eb93c0e8df45158196/pigdm-sensitivity-0.0-2-1.pt
d4edbcc97ec00f079508e13004cf8c0e01806e2a1c89e0eb93c0e8df45158196,3edb09d41378dfae155626fe72b75a2c4bde6a58,cff553233941e75169564d196f318bbdd728713e0809f049f5ada55d92b57e1e,7e25783c0a7c26e9b9f205121679098986989cb4fa109a54923972afe75d60ce,ac6168d8c51a9220ff3b88b5de5c6038c357dcd1c8a36c2a1f201e2293e484e8,False,zero_filled,sensitivity,0,2,2,0.03,0.03,0,0.25,18.7143117557,0.525541992618,0.233247518539,0.06166113168,0.06166113168,0,reconstructions/d4edbcc97ec00f079508e13004cf8c0e01806e2a1c89e0eb93c0e8df45158196/zero_filled-sensitivity-0.0-2-2.pt
d4edbcc97ec00f079508e13004cf8c0e01806e2a1c89e0eb93c0e8df45158196,3edb09d41378dfae155626fe72b75a2c4bde6a58,cff553233941e75169564d196f318bbdd728713e0809f049f5ada55d92b57e1e,7e25783c0a7c26e9b9f205121679098986989cb4fa109a54923972afe75d60ce,ac6168d8c51a9220ff3b88b5de5c6038c357dcd1c8a36c2a1f201e2293e484e8,False,tv,sensitivity,0,2,2,0.03,0.03,0,0.25,20.917966341,0.743202564489,0.0820845738053,0.0531469583511,0.0531469583511,0,reconstructions/d4edbcc97ec00f079508e13004cf8c0e01806e2a1c89e0eb93c0e8df45158196/tv-sensitivity-0.0-2-2.pt
d4edbcc97ec00f079508e13004cf8c0e01806e2a1c89e0eb93c0e8df45158196,3edb09d41378dfae155626fe72b75a2c4bde6a58,cff553233941e75169564d196f318bbdd728713e0809f049f5ada55d92b57e1e,7e25783c0a7c26e9b9f205121679098986989cb4fa109a54923972afe75d60ce,ac6168d8c51a9220ff3b88b5de5c6038c357dcd1c8a36c2a1f201e2293e484e8,False,dps,sensitivity,0,2,2,0.03,0.03,0,0.25,7.53449337571,0.0110434660818,0.421400487423,0.959511458874,0.959511458874,0,reconstructions/d4edbcc97ec00f079508e13004cf8c0e01806e2a1c89e0eb93c0e8df45158196/dps-sensitivity-0.0-2-2.pt
d4edbcc97ec00f079508e13004cf8c0e01806e2a1c89e0eb93c0e8df45158196,3edb09d41378dfae155626fe72b75a2c4bde6a58,cff553233941e75169564d196f318bbdd728713e0809f049f5ada55d92b57e1e,7e25783c0a7c26e9b9f205121679098986989cb4fa109a54923972afe75d60ce,ac6168d8c51a9220ff3b88b5de5c6038c357dcd1c8a36c2a1f201e2293e484e8,False,diffpir,sensitivity,0,2,2,0.03,0.03,0,0.25,4.35169799226,0.0131134213662,0.893552899361,0.879801750183,0.879801750183,0,reconstructions/d4edbcc97ec00f079508e13004cf8c0e01806e2a1c89e0eb93c0e8df45158196/diffpir-sensitivity-0.0-2-2.pt
d4edbcc97ec00f079508e13004cf8c0e01806e2a1c89e0eb93c0e8df45158196,3edb09d41378dfae155626fe72b75a2c4bde6a58,cff553233941e75169564d196f318bbdd728713e0809f049f5ada55d92b57e1e,7e25783c0a7c26e9b9f205121679098986989cb4fa109a54923972afe75d60ce,ac6168d8c51a9220ff3b88b5de5c6038c357dcd1c8a36c2a1f201e2293e484e8,False,pigdm,sensitivity,0,2,2,0.03,0.03,0,0.25,17.8689115612,0.514002980156,0.118028566241,0.152129799128,0.152129799128,0,reconstructions/d4edbcc97ec00f079508e13004cf8c0e01806e2a1c89e0eb93c0e8df45158196/pigdm-sensitivity-0.0-2-2.pt
d4edbcc97ec00f079508e13004cf8c0e01806e2a1c89e0eb93c0e8df45158196,3edb09d41378dfae155626fe72b75a2c4bde6a58,cff553233941e75169564d196f318bbdd728713e0809f049f5ada55d92b57e1e,7e25783c0a7c26e9b9f205121679098986989cb4fa109a54923972afe75d60ce,ac6168d8c51a9220ff3b88b5de5c6038c357dcd1c8a36c2a1f201e2293e484e8,False,zero_filled,sensitivity,0,2,3,0.03,0.03,0,0.25,21.1603020292,0.604664582454,0.273713558912,0.0390979163349,0.0390979163349,0,reconstructions/d4edbcc97ec00f079508e13004cf8c0e01806e2a1c89e0eb93c0e8df45158196/zero_filled-sensitivity-0.0-2-3.pt
d4edbcc97ec00f079508e13004cf8c0e01806e2a1c89e0eb93c0e8df45158196,3edb09d41378dfae155626fe72b75a2c4bde6a58,cff553233941e75169564d196f318bbdd728713e0809f049f5ada55d92b57e1e,7e25783c0a7c26e9b9f205121679098986989cb4fa109a54923972afe75d60ce,ac6168d8c51a9220ff3b88b5de5c6038c357dcd1c8a36c2a1f201e2293e484e8,False,tv,sensitivity,0,2,3,0.03,0.03,0,0.25,24.963654442,0.743954283787,0.184587821364,0.0362034477293,0.0362034477293,0,reconstructions/d4edbcc97ec00f079508e13004cf8c0e01806e2a1c89e0eb93c0e8df45158196/tv-sensitivity-0.0-2-3.pt
d4edbcc97ec00f079508e13004cf8c0e01806e2a1c89e0eb93c0e8df45158196,3edb09d41378dfae155626fe72b75a2c4bde6a58,cff553233941e75169564d196f318bbdd728713e0809f049f5ada55d92b57e1e,7e25783c0a7c26e9b9f205121679098986989cb4fa109a54923972afe75d60ce,ac6168d8c51a9220ff3b88b5de5c6038c357dcd1c8a36c2a1f201e2293e484e8,False,dps,sensitivity,0,2,3,0.03,0.03,0,0.25,9.65152720384,0.0839266997162,0.521593987942,0.500421345234,0.500421345234,0,reconstructions/d4edbcc97ec00f079508e13004cf8c0e01806e2a1c89e0eb93c0e8df45158196/dps-sensitivity-0.0-2-3.pt
d4edbcc97ec00f079508e13004cf8c0e01806e2a1c89e0eb93c0e8df45158196,3edb09d41378dfae155626fe72b75a2c4bde6a58,cff553233941e75169564d196f318bbdd728713e0809f049f5ada55d92b57e1e,7e25783c0a7c26e9b9f205121679098986989cb4fa109a54923972afe75d60ce,ac6168d8c51a9220ff3b88b5de5c6038c357dcd1c8a36c2a1f201e2293e484e8,False,diffpir,sensitivity,0,2,3,0.03,0.03,0,0.25,5.47030468301,8.32064075125e-05,0.950000047684,0.388712078333,0.388712078333,0,reconstructions/d4edbcc97ec00f079508e13004cf8c0e01806e2a1c89e0eb93c0e8df45158196/diffpir-sensitivity-0.0-2-3.pt
d4edbcc97ec00f079508e13004cf8c0e01806e2a1c89e0eb93c0e8df45158196,3edb09d41378dfae155626fe72b75a2c4bde6a58,cff553233941e75169564d196f318bbdd728713e0809f049f5ada55d92b57e1e,7e25783c0a7c26e9b9f205121679098986989cb4fa109a54923972afe75d60ce,ac6168d8c51a9220ff3b88b5de5c6038c357dcd1c8a36c2a1f201e2293e484e8,False,pigdm,sensitivity,0,2,3,0.03,0.03,0,0.25,20.5968991652,0.592027609791,0.175754666328,0.0710210651159,0.0710210651159,0,reconstructions/d4edbcc97ec00f079508e13004cf8c0e01806e2a1c89e0eb93c0e8df45158196/pigdm-sensitivity-0.0-2-3.pt
d4edbcc97ec00f079508e13004cf8c0e01806e2a1c89e0eb93c0e8df45158196,3edb09d41378dfae155626fe72b75a2c4bde6a58,cff553233941e75169564d196f318bbdd728713e0809f049f5ada55d92b57e1e,7e25783c0a7c26e9b9f205121679098986989cb4fa109a54923972afe75d60ce,ac6168d8c51a9220ff3b88b5de5c6038c357dcd1c8a36c2a1f201e2293e484e8,False,zero_filled,sensitivity,0,2,4,0.03,0.03,0,0.25,20.7003226553,0.679424681806,0.245716720819,0.0351603776217,0.0351603776217,0,reconstructions/d4edbcc97ec00f079508e13004cf8c0e01806e2a1c89e0eb93c0e8df45158196/zero_filled-sensitivity-0.0-2-4.pt
d4edbcc97ec00f079508e13004cf8c0e01806e2a1c89e0eb93c0e8df45158196,3edb09d41378dfae155626fe72b75a2c4bde6a58,cff553233941e75169564d196f318bbdd728713e0809f049f5ada55d92b57e1e,7e25783c0a7c26e9b9f205121679098986989cb4fa109a54923972afe75d60ce,ac6168d8c51a9220ff3b88b5de5c6038c357dcd1c8a36c2a1f201e2293e484e8,False,tv,sensitivity,0,2,4,0.03,0.03,0,0.25,21.2828826491,0.687230546455,0.118066184223,0.0310385953635,0.0310385953635,0,reconstructions/d4edbcc97ec00f079508e13004cf8c0e01806e2a1c89e0eb93c0e8df45158196/tv-sensitivity-0.0-2-4.pt
d4edbcc97ec00f079508e13004cf8c0e01806e2a1c89e0eb93c0e8df45158196,3edb09d41378dfae155626fe72b75a2c4bde6a58,cff553233941e75169564d196f318bbdd728713e0809f049f5ada55d92b57e1e,7e25783c0a7c26e9b9f205121679098986989cb4fa109a54923972afe75d60ce,ac6168d8c51a9220ff3b88b5de5c6038c357dcd1c8a36c2a1f201e2293e484e8,False,dps,sensitivity,0,2,4,0.03,0.03,0,0.25,9.36030152897,0.00969095146608,0.235714510083,0.482028186321,0.482028186321,0,reconstructions/d4edbcc97ec00f079508e13004cf8c0e01806e2a1c89e0eb93c0e8df45158196/dps-sensitivity-0.0-2-4.pt
d4edbcc97ec00f079508e13004cf8c0e01806e2a1c89e0eb93c0e8df45158196,3edb09d41378dfae155626fe72b75a2c4bde6a58,cff553233941e75169564d196f318bbdd728713e0809f049f5ada55d92b57e1e,7e25783c0a7c26e9b9f205121679098986989cb4fa109a54923972afe75d60ce,ac6168d8c51a9220ff3b88b5de5c6038c357dcd1c8a36c2a1f201e2293e484e8,False,diffpir,sensitivity,0,2,4,0.03,0.03,0,0.25,5.16398142907,0.00555591624298,0.969438612461,0.429327577353,0.429327577353,0,reconstructions/d4edbcc97ec00f079508e13004cf8c0e01806e2a1c89e0eb93c0e8df45158196/diffpir-sensitivity-0.0-2-4.pt
d4edbcc97ec00f079508e13004cf8c0e01806e2a1c89e0eb93c0e8df45158196,3edb09d41378dfae155626fe72b75a2c4bde6a58,cff553233941e75169564d196f318bbdd728713e0809f049f5ada55d92b57e1e,7e25783c0a7c26e9b9f205121679098986989cb4fa109a54923972afe75d60ce,ac6168d8c51a9220ff3b88b5de5c6038c357dcd1c8a36c2a1f201e2293e484e8,False,pigdm,sensitivity,0,2,4,0.03,0.03,0,0.25,20.0372062965,0.536765187941,0.0823401361704,0.0598162002861,0.0598162002861,0,reconstructions/d4edbcc97ec00f079508e13004cf8c0e01806e2a1c89e0eb93c0e8df45158196/pigdm-sensitivity-0.0-2-4.pt
d4edbcc97ec00f079508e13004cf8c0e01806e2a1c89e0eb93c0e8df45158196,3edb09d41378dfae155626fe72b75a2c4bde6a58,cff553233941e75169564d196f318bbdd728713e0809f049f5ada55d92b57e1e,7e25783c0a7c26e9b9f205121679098986989cb4fa109a54923972afe75d60ce,ac6168d8c51a9220ff3b88b5de5c6038c357dcd1c8a36c2a1f201e2293e484e8,False,zero_filled,sensitivity,0,2,5,0.03,0.03,0,0.25,20.8113719132,0.571709318222,0.387613683939,0.0292580276728,0.0292580276728,0,reconstructions/d4edbcc97ec00f079508e13004cf8c0e01806e2a1c89e0eb93c0e8df45158196/zero_filled-sensitivity-0.0-2-5.pt
d4edbcc97ec00f079508e13004cf8c0e01806e2a1c89e0eb93c0e8df45158196,3edb09d41378dfae155626fe72b75a2c4bde6a58,cff553233941e75169564d196f318bbdd728713e0809f049f5ada55d92b57e1e,7e25783c0a7c26e9b9f205121679098986989cb4fa109a54923972afe75d60ce,ac6168d8c51a9220ff3b88b5de5c6038c357dcd1c8a36c2a1f201e2293e484e8,False,tv,sensitivity,0,2,5,0.03,0.03,0,0.25,21.0574902946,0.525748910931,0.297163039446,0.0376150719821,0.0376150719821,0,reconstructions/d4edbcc97ec00f079508e13004cf8c0e01806e2a1c89e0eb93c0e8df45158196/tv-sensitivity-0.0-2-5.pt
d4edbcc97ec00f079508e13004cf8c0e01806e2a1c89e0eb93c0e8df45158196,3edb09d41378dfae155626fe72b75a2c4bde6a58,cff553233941e75169564d196f318bbdd728713e0809f049f5ada55d92b57e1e,7e25783c0a7c26e9b9f205121679098986989cb4fa109a54923972afe75d60ce,ac6168d8c51a9220ff3b88b5de5c6038c357dcd1c8a36c2a1f201e2293e484e8,False,dps,sensitivity,0,2,5,0.03,0.03,0,0.25,9.90573111476,0.0822950739015,0.572895467281,0.434425801039,0.434425801039,0,reconstructions/d4edbcc97ec00f079508e13004cf8c0e01806e2a1c89e0eb93c0e8df45158196/dps-sensitivity-0.0-2-5.pt
d4edbcc97ec00f079508e13004cf8c0e01806e2a1c89e0eb93c0e8df45158196,3edb09d41378dfae155626fe72b75a2c4bde6a58,cff553233941e75169564d196f318bbdd728713e0809f049f5ada55d92b57e1e,7e25783c0a7c26e9b9f205121679098986989cb4fa109a54923972afe75d60ce,ac6168d8c51a9220ff3b88b5de5c6038c357dcd1c8a36c2a1f201e2293e484e8,False,diffpir,sensitivity,0,2,5,0.03,0.03,0,0.25,5.53163762281,0.0167038592039,0.879894375801,0.350313603878,0.350313603878,0,reconstructions/d4edbcc97ec00f079508e13004cf8c0e01806e2a1c89e0eb93c0e8df45158196/diffpir-sensitivity-0.0-2-5.pt
d4edbcc97ec00f079508e13004cf8c0e01806e2a1c89e0eb93c0e8df45158196,3edb09d41378dfae155626fe72b75a2c4bde6a58,cff553233941e75169564d196f318bbdd728713e0809f049f5ada55d92b57e1e,7e25783c0a7c26e9b9f205121679098986989cb4fa109a54923972afe75d60ce,ac6168d8c51a9220ff3b88b5de5c6038c357dcd1c8a36c2a1f201e2293e484e8,False,pigdm,sensitivity,0,2,5,0.03,0.03,0,0.25,19.9102632367,0.426970227619,0.246322512627,0.0551804192364,0.0551804192364,0,reconstructions/d4edbcc97ec00f079508e13004cf8c0e01806e2a1c89e0eb93c0e8df45158196/pigdm-sensitivity-0.0-2-5.pt
d4edbcc97ec00f079508e13004cf8c0e01806e2a1c89e0eb93c0e8df45158196,3edb09d41378dfae155626fe72b75a2c4bde6a58,cff553233941e75169564d196f318bbdd728713e0809f049f5ada55d92b57e1e,7e25783c0a7c26e9b9f205121679098986989cb4fa109a54923972afe75d60ce,ac6168d8c51a9220ff3b88b5de5c6038c357dcd1c8a36c2a1f201e2293e484e8,False,zero_filled,sensitivity,0,2,6,0.03,0.03,0,0.25,17.4110531404,0.463116294433,0.308595597744,0.0706667006016,0.0706667006016,0,reconstructions/d4edbcc97ec00f079508e13004cf8c0e01806e2a1c89e0eb93c0e8df45158196/zero_filled-sensitivity-0.0-2-6.pt
d4edbcc97ec00f079508e13004cf8c0e01806e2a1c89e0eb93c0e8df45158196,3edb09d41378dfae155626fe72b75a2c4bde6a58,cff553233941e75169564d196f318bbdd728713e0809f049f5ada55d92b57e1e,7e25783c0a7c26e9b9f205121679098986989cb4fa109a54923972afe75d60ce,ac6168d8c51a9220ff3b88b5de5c6038c357dcd1c8a36c2a1f201e2293e484e8,False,tv,sensitivity,0,2,6,0.03,0.03,0,0.25,19.3874136448,0.640342209525,0.128141716123,0.058437589556,0.058437589556,0,reconstructions/d4edbcc97ec00f079508e13004cf8c0e01806e2a1c89e0eb93c0e8df45158196/tv-sensitivity-0.0-2-6.pt
d4edbcc97ec00f079508e13004cf8c0e01806e2a1c89e0eb93c0e8df45158196,3edb09d41378dfae155626fe72b75a2c4bde6a58,cff553233941e75169564d196f318bbdd728713e0809f049f5ada55d92b57e1e,7e25783c0a7c26e9b9f205121679098986989cb4fa109a54923972afe75d60ce,ac6168d8c51a9220ff3b88b5de5c6038c357dcd1c8a36c2a1f201e2293e484e8,False,dps,sensitivity,0,2,6,0.03,0.03,0,0.25,4.31349582837,-0.00880553245253,0.522746086121,1.49915874004,1.49915874004,0,reconstructions/d4edbcc97ec00f079508e13004cf8c0e01806e2a1c89e0eb93c0e8df45158196/dps-sensitivity-0.0-2-6.pt
d4edbcc97ec00f079508e13004cf8c0e01806e2a1c89e0eb93c0e8df45158196,3edb09d41378dfae155626fe72b75a2c4bde6a58,cff553233941e75169564d196f318bbdd728713e0809f049f5ada55d92b57e1e,7e25783c0a7c26e9b9f205121679098986989cb4fa109a54923972afe75d60ce,ac6168d8c51a9220ff3b88b5de5c6038c357dcd1c8a36c2a1f201e2293e484e8,False,diffpir,sensitivity,0,2,6,0.03,0.03,0,0.25,4.25744438725,-0.000684246765997,0.919730603695,0.915380477905,0.915380477905,0,reconstructions/d4edbcc97ec00f079508e13004cf8c0e01806e2a1c89e0eb93c0e8df45158196/diffpir-sensitivity-0.0-2-6.pt
d4edbcc97ec00f079508e13004cf8c0e01806e2a1c89e0eb93c0e8df45158196,3edb09d41378dfae155626fe72b75a2c4bde6a58,cff553233941e75169564d196f318bbdd728713e0809f049f5ada55d92b57e1e,7e25783c0a7c26e9b9f205121679098986989cb4fa109a54923972afe75d60ce,ac6168d8c51a9220ff3b88b5de5c6038c357dcd1c8a36c2a1f201e2293e484e8,False,pigdm,sensitivity,0,2,6,0.03,0.03,0,0.25,17.9061580423,0.483618432531,0.133353322744,0.142504200339,0.142504200339,0,reconstructions/d4edbcc97ec00f079508e13004cf8c0e01806e2a1c89e0eb93c0e8df45158196/pigdm-sensitivity-0.0-2-6.pt
d4edbcc97ec00f079508e13004cf8c0e01806e2a1c89e0eb93c0e8df45158196,3edb09d41378dfae155626fe72b75a2c4bde6a58,cff553233941e75169564d196f318bbdd728713e0809f049f5ada55d92b57e1e,7e25783c0a7c26e9b9f205121679098986989cb4fa109a54923972afe75d60ce,ac6168d8c51a9220ff3b88b5de5c6038c357dcd1c8a36c2a1f201e2293e484e8,False,zero_filled,sensitivity,0,2,7,0.03,0.03,0,0.25,19.7354151376,0.581614220498,0.258645892143,0.0593283846974,0.0593283846974,0,reconstructions/d4edbcc97ec00f079508e13004cf8c0e01806e2a1c89e0eb93c0e8df45158196/zero_filled-sensitivity-0.0-2-7.pt
d4edbcc97ec00f079508e13004cf8c0e01806e2a1c89e0eb93c0e8df45158196,3edb09d41378dfae155626fe72b75a2c4bde6a58,cff553233941e75169564d196f318bbdd728713e0809f049f5ada55d92b57e1e,7e25783c0a7c26e9b9f205121679098986989cb4fa109a54923972afe75d60ce,ac6168d8c51a9220ff3b88b5de5c6038c357dcd1c8a36c2a1f201e2293e484e8,False,tv,sensitivity,0,2,7,0.03,0.03,0,0.25,21.4952576114,0.709253034676,0.100783064961,0.0511475540698,0.0511475540698,0,reconstructions/d4edbcc97ec00f079508e13004cf8c0e01806e2a1c89e0eb93c0e8df45158196/tv-sensitivity-0.0-2-7.pt
d4edbcc97ec00f079508e13004cf8c0e01806e2a1c89e0eb93c0e8df45158196,3edb09d41378dfae155626fe72b75a2c4bde6a58,cff553233941e75169564d196f318bbdd728713e0809f049f5ada55d92b57e1e,7e25783c0a7c26e9b9f205121679098986989cb4fa109a54923972afe75d60ce,ac6168d8c51a9220ff3b88b5de5c6038c357dcd1c8a36c2a1f201e2293e484e8,False,dps,sensitivity,0,2,7,0.03,0.03,0,0.25,6.66588078567,0.0748312554231,0.577799916267,1.05281472206,1.05281472206,0,reconstructions/d4edbcc97ec00f079508e13004cf8c0e01806e2a1c89e0eb93c0e8df45158196/dps-sensitivity-0.0-2-7.pt
d4edbcc97ec00f079508e13004cf8c0e01806e2a1c89e0eb93c0e8df45158196,3edb09d41378dfae155626fe72b75a2c4bde6a58,cff553233941e75169564d196f318bbdd728713e0809f049f5ada55d92b57e1e,7e25783c0a7c26e9b9f205121679098986989cb4fa109a54923972afe75d60ce,ac6168d8c51a9220ff3b88b5de5c6038c357dcd1c8a36c2a1f201e2293e484e8,False,diffpir,sensitivity,0,2,7,0.03,0.03,0,0.25,4.6947134362,0.00279835624812,0.942409038544,0.765496075153,0.765496075153,0,reconstructions/d4edbcc97ec00f079508e13004cf8c0e01806e2a1c89e0eb93c0e8df45158196/diffpir-sensitivity-0.0-2-7.pt
d4edbcc97ec00f079508e13004cf8c0e01806e2a1c89e0eb93c0e8df45158196,3edb09d41378dfae155626fe72b75a2c4bde6a58,cff553233941e75169564d196f318bbdd728713e0809f049f5ada55d92b57e1e,7e25783c0a7c26e9b9f205121679098986989cb4fa109a54923972afe75d60ce,ac6168d8c51a9220ff3b88b5de5c6038c357dcd1c8a36c2a1f201e2293e484e8,False,pigdm,sensitivity,0,2,7,0.03,0.03,0,0.25,20.3782145382,0.540934409901,0.117045268416,0.122058846056,0.122058846056,0,reconstructions/d4edbcc97ec00f079508e13004cf8c0e01806e2a1c89e0eb93c0e8df45158196/pigdm-sensitivity-0.0-2-7.pt
d4edbcc97ec00f079508e13004cf8c0e01806e2a1c89e0eb93c0e8df45158196,3edb09d41378dfae155626fe72b75a2c4bde6a58,cff553233941e75169564d196f318bbdd728713e0809f049f5ada55d92b57e1e,7e25783c0a7c26e9b9f205121679098986989cb4fa109a54923972afe75d60ce,ac6168d8c51a9220ff3b88b5de5c6038c357dcd1c8a36c2a1f201e2293e484e8,False,zero_filled,sensitivity,0.125,0,0,0.03,0.03,0,0.25,22.5732536084,0.658931237761,0.218467220664,0.090787909925,0.0429506823421,-0.0478372275829,reconstructions/d4edbcc97ec00f079508e13004cf8c0e01806e2a1c89e0eb93c0e8df45158196/zero_filled-sensitivity-0.125-0-0.pt
d4edbcc97ec00f079508e13004cf8c0e01806e2a1c89e0eb93c0e8df45158196,3edb09d41378dfae155626fe72b75a2c4bde6a58,cff553233941e75169564d196f318bbdd728713e0809f049f5ada55d92b57e1e,7e25783c0a7c26e9b9f205121679098986989cb4fa109a54923972afe75d60ce,ac6168d8c51a9220ff3b88b5de5c6038c357dcd1c8a36c2a1f201e2293e484e8,False,tv,sensitivity,0.125,0,0,0.03,0.03,0,0.25,23.839907077,0.699318930361,0.109464481473,0.0888403132558,0.0393571704626,-0.0494831427932,reconstructions/d4edbcc97ec00f079508e13004cf8c0e01806e2a1c89e0eb93c0e8df45158196/tv-sensitivity-0.125-0-0.pt
d4edbcc97ec00f079508e13004cf8c0e01806e2a1c89e0eb93c0e8df45158196,3edb09d41378dfae155626fe72b75a2c4bde6a58,cff553233941e75169564d196f318bbdd728713e0809f049f5ada55d92b57e1e,7e25783c0a7c26e9b9f205121679098986989cb4fa109a54923972afe75d60ce,ac6168d8c51a9220ff3b88b5de5c6038c357dcd1c8a36c2a1f201e2293e484e8,False,dps,sensitivity,0.125,0,0,0.03,0.03,0,0.25,7.79378636582,0.0642660276914,0.385917782784,0.625237584114,0.62272387743,-0.00251370668411,reconstructions/d4edbcc97ec00f079508e13004cf8c0e01806e2a1c89e0eb93c0e8df45158196/dps-sensitivity-0.125-0-0.pt
d4edbcc97ec00f079508e13004cf8c0e01806e2a1c89e0eb93c0e8df45158196,3edb09d41378dfae155626fe72b75a2c4bde6a58,cff553233941e75169564d196f318bbdd728713e0809f049f5ada55d92b57e1e,7e25783c0a7c26e9b9f205121679098986989cb4fa109a54923972afe75d60ce,ac6168d8c51a9220ff3b88b5de5c6038c357dcd1c8a36c2a1f201e2293e484e8,False,diffpir,sensitivity,0.125,0,0,0.03,0.03,0,0.25,5.83797910048,0.00246852786126,0.950132846832,0.315453112125,0.307500422001,-0.00795269012451,reconstructions/d4edbcc97ec00f079508e13004cf8c0e01806e2a1c89e0eb93c0e8df45158196/diffpir-sensitivity-0.125-0-0.pt
d4edbcc97ec00f079508e13004cf8c0e01806e2a1c89e0eb93c0e8df45158196,3edb09d41378dfae155626fe72b75a2c4bde6a58,cff553233941e75169564d196f318bbdd728713e0809f049f5ada55d92b57e1e,7e25783c0a7c26e9b9f205121679098986989cb4fa109a54923972afe75d60ce,ac6168d8c51a9220ff3b88b5de5c6038c357dcd1c8a36c2a1f201e2293e484e8,False,pigdm,sensitivity,0.125,0,0,0.03,0.03,0,0.25,22.139003553,0.615788707546,0.138058140874,0.101409398019,0.0606483221054,-0.0407610759139,reconstructions/d4edbcc97ec00f079508e13004cf8c0e01806e2a1c89e0eb93c0e8df45158196/pigdm-sensitivity-0.125-0-0.pt
d4edbcc97ec00f079508e13004cf8c0e01806e2a1c89e0eb93c0e8df45158196,3edb09d41378dfae155626fe72b75a2c4bde6a58,cff553233941e75169564d196f318bbdd728713e0809f049f5ada55d92b57e1e,7e25783c0a7c26e9b9f205121679098986989cb4fa109a54923972afe75d60ce,ac6168d8c51a9220ff3b88b5de5c6038c357dcd1c8a36c2a1f201e2293e484e8,False,zero_filled,sensitivity,0.125,0,1,0.03,0.03,0,0.25,24.9544889638,0.67939020064,0.482599616051,0.0988483130932,0.0452339500189,-0.0536143630743,reconstructions/d4edbcc97ec00f079508e13004cf8c0e01806e2a1c89e0eb93c0e8df45158196/zero_filled-sensitivity-0.125-0-1.pt
d4edbcc97ec00f079508e13004cf8c0e01806e2a1c89e0eb93c0e8df45158196,3edb09d41378dfae155626fe72b75a2c4bde6a58,cff553233941e75169564d196f318bbdd728713e0809f049f5ada55d92b57e1e,7e25783c0a7c26e9b9f205121679098986989cb4fa109a54923972afe75d60ce,ac6168d8c51a9220ff3b88b5de5c6038c357dcd1c8a36c2a1f201e2293e484e8,False,tv,sensitivity,0.125,0,1,0.03,0.03,0,0.25,26.1989629327,0.646975845032,0.402519345284,0.10129814595,0.0518923327327,-0.0494058132172,reconstructions/d4edbcc97ec00f079508e13004cf8c0e01806e2a1c89e0eb93c0e8df45158196/tv-sensitivity-0.125-0-1.pt
d4edbcc97ec00f079508e13004cf8c0e01806e2a1c89e0eb93c0e8df45158196,3edb09d41378dfae155626fe72b75a2c4bde6a58,cff553233941e75169564d196f318bbdd728713e0809f049f5ada55d92b57e1e,7e25783c0a7c26e9b9f205121679098986989cb4fa109a54923972afe75d60ce,ac6168d8c51a9220ff3b88b5de5c6038c357dcd1c8a36c2a1f201e2293e484e8,False,dps,sensitivity,0.125,0,1,0.03,0.03,0,0.25,12.992557388,0.110672506671,0.512698233128,0.432467341423,0.419951677322,-0.0125156641006,reconstructions/d4edbcc97ec00f079508e13004cf8c0e01806e2a1c89e0eb93c0e8df45158196/dps-sensitivity-0.125-0-1.pt
d4edbcc97ec00f079508e13004cf8c0e01806e2a1c89e0eb93c0e8df45158196,3edb09d41378dfae155626fe72b75a2c4bde6a58,cff553233941e75169564d196f318bbdd728713e0809f049f5ada55d92b57e1e,7e25783c0a7c26e9b9f205121679098986989cb4fa109a54923972afe75d60ce,ac6168d8c51a9220ff3b88b5de5c6038c357dcd1c8a36c2a1f201e2293e484e8,False,diffpir,sensitivity,0.125,0,1,0.03,0.03,0,0.25,6.16913001393,0.00628416743724,0.77074611187,0.322841137648,0.309371799231,-0.0134693384171,reconstructions/d4edbcc97ec00f079508e13004cf8c0e01806e2a1c89e0eb93c0e8df45158196/diffpir-sensitivity-0.125-0-1.pt
d4edbcc97ec00f079508e13004cf8c0e01806e2a1c89e0eb93c0e8df45158196,3edb09d41378dfae155626fe72b75a2c4bde6a58,cff553233941e75169564d196f318bbdd728713e0809f049f5ada55d92b57e1e,7e25783c0a7c26e9b9f205121679098986989cb4fa109a54923972afe75d60ce,ac6168d8c51a9220ff3b88b5de5c6038c357dcd1c8a36c2a1f201e2293e484e8,False,pigdm,sensitivity,0.125,0,1,0.03,0.03,0,0.25,24.6127451936,0.536131170522,0.436013042927,0.112816818058,0.0714526921511,-0.0413641259074,reconstructions/d4edbcc97ec00f079508e13004cf8c0e01806e2a1c89e0eb93c0e8df45158196/pigdm-sensitivity-0.125-0-1.pt
d4edbcc97ec00f079508e13004cf8c0e01806e2a1c89e0eb93c0e8df45158196,3edb09d41378dfae155626fe72b75a2c4bde6a58,cff553233941e75169564d196f318bbdd728713e0809f049f5ada55d92b57e1e,7e25783c0a7c26e9b9f205121679098986989cb4fa109a54923972afe75d60ce,ac6168d8c51a9220ff3b88b5de5c6038c357dcd1c8a36c2a1f201e2293e484e8,False,zero_filled,sensitivity,0.125,0,2,0.03,0.03,0,0.25,19.6904674515,0.564666651845,0.211205780506,0.127963140607,0.0832028090954,-0.0447603315115,reconstructions/d4edbcc97ec00f079508e13004cf8c0e01806e2a1c89e0eb93c0e8df45158196/zero_filled-sensitivity-0.125-0-2.pt
d4edbcc97ec00f079508e13004cf8c0e01806e2a1c89e0eb93c0e8df45158196,3edb09d41378dfae155626fe72b75a2c4bde6a58,cff553233941e75169564d196f318bbdd728713e0809f049f5ada55d92b57e1e,7e25783c0a7c26e9b9f205121679098986989cb4fa109a54923972afe75d60ce,ac6168d8c51a9220ff3b88b5de5c6038c357dcd1c8a36c2a1f201e2293e484e8,False,tv,sensitivity,0.125,0,2,0.03,0.03,0,0.25,23.2044291326,0.84076373326,0.0463394448161,0.11205291003,0.0562544204295,-0.0557984896004,reconstructions/d4edbcc97ec00f079508e13004cf8c0e01806e2a1c89e0eb93c0e8df45158196/tv-sensitivity-0.125-0-2.pt
d4edbcc97ec00f079508e13004cf8c0e01806e2a1c89e0eb93c0e8df45158196,3edb09d41378dfae155626fe72b75a2c4bde6a58,cff553233941e75169564d196f318bbdd728713e0809f049f5ada55d92b57e1e,7e25783c0a7c26e9b9f205121679098986989cb4fa109a54923972afe75d60ce,ac6168d8c51a9220ff3b88b5de5c6038c357dcd1c8a36c2a1f201e2293e484e8,False,dps,sensitivity,0.125,0,2,0.03,0.03,0,0.25,11.3881234861,0.18417236308,0.150174692273,0.567711591721,0.562149107456,-0.00556248426437,reconstructions/d4edbcc97ec00f079508e13004cf8c0e01806e2a1c89e0eb93c0e8df45158196/dps-sensitivity-0.125-0-2.pt
d4edbcc97ec00f079508e13004cf8c0e01806e2a1c89e0eb93c0e8df45158196,3edb09d41378dfae155626fe72b75a2c4bde6a58,cff553233941e75169564d196f318bbdd728713e0809f049f5ada55d92b57e1e,7e25783c0a7c26e9b9f205121679098986989cb4fa109a54923972afe75d60ce,ac6168d8c51a9220ff3b88b5de5c6038c357dcd1c8a36c2a1f201e2293e484e8,False,diffpir,sensitivity,0.125,0,2,0.03,0.03,0,0.25,4.37557923537,0.000589333730345,0.952448129654,0.876614809036,0.867479681969,-0.00913512706757,reconstructions/d4edbcc97ec00f079508e13004cf8c0e01806e2a1c89e0eb93c0e8df45158196/diffpir-sensitivity-0.125-0-2.pt
d4edbcc97ec00f079508e13004cf8c0e01806e2a1c89e0eb93c0e8df45158196,3edb09d41378dfae155626fe72b75a2c4bde6a58,cff553233941e75169564d196f318bbdd728713e0809f049f5ada55d92b57e1e,7e25783c0a7c26e9b9f205121679098986989cb4fa109a54923972afe75d60ce,ac6168d8c51a9220ff3b88b5de5c6038c357dcd1c8a36c2a1f201e2293e484e8,False,pigdm,sensitivity,0.125,0,2,0.03,0.03,0,0.25,17.5456537551,0.533759765437,0.130159646273,0.253178685904,0.23095844686,-0.0222202390432,reconstructions/d4edbcc97ec00f079508e13004cf8c0e01806e2a1c89e0eb93c0e8df45158196/pigdm-sensitivity-0.125-0-2.pt
d4edbcc97ec00f079508e13004cf8c0e01806e2a1c89e0eb93c0e8df45158196,3edb09d41378dfae155626fe72b75a2c4bde6a58,cff553233941e75169564d196f318bbdd728713e0809f049f5ada55d92b57e1e,7e25783c0a7c26e9b9f205121679098986989cb4fa109a54923972afe75d60ce,ac6168d8c51a9220ff3b88b5de5c6038c357dcd1c8a36c2a1f201e2293e484e8,False,zero_filled,sensitivity,0.125,0,3,0.03,0.03,0,0.25,21.888869505,0.597488305565,0.284540057182,0.0958226248622,0.0493126101792,-0.046510014683,reconstructions/d4edbcc97ec00f079508e13004cf8c0e01806e2a1c89e0eb93c0e8df45158196/zero_filled-sensitivity-0.125-0-3.pt
d4edbcc97ec00f079508e13004cf8c0e01806e2a1c89e0eb93c0e8df45158196,3edb09d41378dfae155626fe72b75a2c4bde6a58,cff553233941e75169564d196f318bbdd728713e0809f049f5ada55d92b57e1e,7e25783c0a7c26e9b9f205121679098986989cb4fa109a54923972afe75d60ce,ac6168d8c51a9220ff3b88b5de5c6038c357dcd1c8a36c2a1f201e2293e484e8,False,tv,sensitivity,0.125,0,3,0.03,0.03,0,0.25,26.7744059965,0.775424497674,0.184728890657,0.0911512374878,0.039697624743,-0.0514536127448,reconstructions/d4edbcc97ec00f079508e13004cf8c0e01806e2a1c89e0eb93c0e8df45158196/tv-sensitivity-0.125-0-3.pt
d4edbcc97ec00f079508e13004cf8c0e01806e2a1c89e0eb93c0e8df45158196,3edb09d41378dfae155626fe72b75a2c4bde6a58,cff553233941e75169564d196f318bbdd728713e0809f049f5ada55d92b57e1e,7e25783c0a7c26e9b9f205121679098986989cb4fa109a54923972afe75d60ce,ac6168d8c51a9220ff3b88b5de5c6038c357dcd1c8a36c2a1f201e2293e484e8,False,dps,sensitivity,0.125,0,3,0.03,0.03,0,0.25,5.56057182467,0.0365714909019,0.59404194355,0.843290627003,0.846003174782,0.00271254777908,reconstructions/d4edbcc97ec00f079508e13004cf8c0e01806e2a1c89e0eb93c0e8df45158196/dps-sensitivity-0.125-0-3.pt
d4edbcc97ec00f079508e13004cf8c0e01806e2a1c89e0eb93c0e8df45158196,3edb09d41378dfae155626fe72b75a2c4bde6a58,cff553233941e75169564d196f318bbdd728713e0809f049f5ada55d92b57e1e,7e25783c0a7c26e9b9f205121679098986989cb4fa109a54923972afe75d60ce,ac6168d8c51a9220ff3b88b5de5c6038c357dcd1c8a36c2a1f201e2293e484e8,False,diffpir,sensitivity,0.125,0,3,0.03,0.03,0,0.25,5.54737083205,0.00922017505922,1.00309348106,0.385600507259,0.382764577866,-0.00283592939377,reconstructions/d4edbcc97ec00f079508e13004cf8c0e01806e2a1c89e0eb93c0e8df45158196/diffpir-sensitivity-0.125-0-3.pt
d4edbcc97ec00f079508e13004cf8c0e01806e2a1c89e0eb93c0e8df45158196,3edb09d41378dfae155626fe72b75a2c4bde6a58,cff553233941e75169564d196f318bbdd728713e0809f049f5ada55d92b57e1e,7e25783c0a7c26e9b9f205121679098986989cb4fa109a54923972afe75d60ce,ac6168d8c51a9220ff3b88b5de5c6038c357dcd1c8a36c2a1f201e2293e484e8,False,pigdm,sensitivity,0.125,0,3,0.03,0.03,0,0.25,23.3851127579,0.637073170744,0.128408953547,0.101170554757,0.058809414506,-0.0423611402512,reconstructions/d4edbcc97ec00f079508e13004cf8c0e01806e2a1c89e0eb93c0e8df45158196/pigdm-sensitivity-0.125-0-3.pt
d4edbcc97ec00f079508e13004cf8c0e01806e2a1c89e0eb93c0e8df45158196,3edb09d41378dfae155626fe72b75a2c4bde6a58,cff553233941e75169564d196f318bbdd728713e0809f049f5ada55d92b57e1e,7e25783c0a7c26e9b9f205121679098986989cb4fa109a54923972afe75d60ce,ac6168d8c51a9220ff3b88b5de5c6038c357dcd1c8a36c2a1f201e2293e484e8,False,zero_filled,sensitivity,0.125,0,4,0.03,0.03,0,0.25,21.6015644946,0.725159430191,0.165132984519,0.0812942758203,0.0463870801032,-0.0349071957171,reconstructions/d4edbcc97ec00f079508e13004cf8c0e01806e2a1c89e0eb93c0e8df45158196/zero_filled-sensitivity-0.125-0-4.pt
d4edbcc97ec00f079508e13004cf8c0e01806e2a1c89e0eb93c0e8df45158196,3edb09d41378dfae155626fe72b75a2c4bde6a58,cff553233941e75169564d196f318bbdd728713e0809f049f5ada55d92b57e1e,7e25783c0a7c26e9b9f205121679098986989cb4fa109a54923972afe75d60ce,ac6168d8c51a9220ff3b88b5de5c6038c357dcd1c8a36c2a1f201e2293e484e8,False,tv,sensitivity,0.125,0,4,0.03,0.03,0,0.25,23.9494290758,0.79014658454,0.0804930180311,0.0752613469958,0.036538425833,-0.0387229211628,reconstructions/d4edbcc97ec00f079508e13004cf8c0e01806e2a1c89e0eb93c0e8df45158196/tv-sensitivity-0.125-0-4.pt
d4edbcc97ec00f079508e13004cf8c0e01806e2a1c89e0eb93c0e8df45158196,3edb09d41378dfae155626fe72b75a2c4bde6a58,cff553233941e75169564d196f318bbdd728713e0809f049f5ada55d92b57e1e,7e25783c0a7c26e9b9f205121679098986989cb4fa109a54923972afe75d60ce,ac6168d8c51a9220ff3b88b5de5c6038c357dcd1c8a36c2a1f201e2293e484e8,False,dps,sensitivity,0.125,0,4,0.03,0.03,0,0.25,10.9565850945,0.111501753838,0.217281788588,0.41637006402,0.409922003746,-0.00644806027412,reconstructions/d4edbcc97ec00f079508e13004cf8c0e01806e2a1c89e0eb93c0e8df45158196/dps-sensitivity-0.125-0-4.pt
d4edbcc97ec00f079508e13004cf8c0e01806e2a1c89e0eb93c0e8df45158196,3edb09d41378dfae155626fe72b75a2c4bde6a58,cff553233941e75169564d196f318bbdd728713e0809f049f5ada55d92b57e1e,7e25783c0a7c26e9b9f205121679098986989cb4fa109a54923972afe75d60ce,ac6168d8c51a9220ff3b88b5de5c6038c357dcd1c8a36c2a1f201e2293e484e8,False,diffpir,sensitivity,0.125,0,4,0.03,0.03,0,0.25,5.25989176992,0.0130319303545,0.998703479767,0.417436152697,0.418814241886,0.00137808918953,reconstructions/d4edbcc97ec00f079508e13004cf8c0e01806e2a1c89e0eb93c0e8df45158196/diffpir-sensitivity-0.125-0-4.pt
d4edbcc97ec00f079508e13004cf8c0e01806e2a1c89e0eb93c0e8df45158196,3edb09d41378dfae155626fe72b75a2c4bde6a58,cff553233941e75169564d196f318bbdd728713e0809f049f5ada55d92b57e1e,7e25783c0a7c26e9b9f205121679098986989cb4fa109a54923972afe75d60ce,ac6168d8c51a9220ff3b88b5de5c6038c357dcd1c8a36c2a1f201e2293e484e8,False,pigdm,sensitivity,0.125,0,4,0.03,0.03,0,0.25,23.0620940079,0.744660782484,0.055311858654,0.0824905782938,0.0492582954466,-0.0332322828472,reconstructions/d4edbcc97ec00f079508e13004cf8c0e01806e2a1c89e0eb93c0e8df45158196/pigdm-sensitivity-0.125-0-4.pt
d4edbcc97ec00f079508e13004cf8c0e01806e2a1c89e0eb93c0e8df45158196,3edb09d41378dfae155626fe72b75a2c4bde6a58,cff553233941e75169564d196f318bbdd728713e0809f049f5ada55d92b57e1e,7e25783c0a7c26e9b9f205121679098986989cb4fa109a54923972afe75d60ce,ac6168d8c51a9220ff3b88b5de5c6038c357dcd1c8a36c2a1f201e2293e484e8,False,zero_filled,sensitivity,0.125,0,5,0.03,0.03,0,0.25,21.9120946997,0.639734056707,0.363463312387,0.0920098796487,0.0432675182819,-0.0487423613667,reconstructions/d4edbcc97ec00f079508e13004cf8c0e01806e2a1c89e0eb93c0e8df45158196/zero_filled-sensitivity-0.125-0-5.pt
d4edbcc97ec00f079508e13004cf8c0e01806e2a1c89e0eb93c0e8df45158196,3edb09d41378dfae155626fe72b75a2c4bde6a58,cff553233941e75169564d196f318bbdd728713e0809f049f5ada55d92b57e1e,7e25783c0a7c26e9b9f205121679098986989cb4fa109a54923972afe75d60ce,ac6168d8c51a9220ff3b88b5de5c6038c357dcd1c8a36c2a1f201e2293e484e8,False,tv,sensitivity,0.125,0,5,0.03,0.03,0,0.25,22.8719452456,0.631176874352,0.214359462261,0.090893112123,0.0409202389419,-0.0499728731811,reconstructions/d4edbcc97ec00f079508e13004cf8c0e01806e2a1c89e0eb93c0e8df45158196/tv-sensitivity-0.125-0-5.pt
d4edbcc97ec00f079508e13004cf8c0e01806e2a1c89e0eb93c0e8df45158196,3edb09d41378dfae155626fe72b75a2c4bde6a58,cff553233941e75169564d196f318bbdd728713e0809f049f5ada55d92b57e1e,7e25783c0a7c26e9b9f205121679098986989cb4fa109a54923972afe75d60ce,ac6168d8c51a9220ff3b88b5de5c6038c357dcd1c8a36c2a1f201e2293e484e8,False,dps,sensitivity,0.125,0,5,0.03,0.03,0,0.25,9.7027868224,0.0815724573418,0.65601927042,0.467622637749,0.464429199696,-0.00319343805313,reconstructions/d4edbcc97ec00f079508e13004cf8c0e01806e2a1c89e0eb93c0e8df45158196/dps-sensitivity-0.125-0-5.pt
d4edbcc97ec00f079508e13004cf8c0e01806e2a1c89e0eb93c0e8df45158196,3edb09d41378dfae155626fe72b75a2c4bde6a58,cff553233941e75169564d196f318bbdd728713e0809f049f5ada55d92b57e1e,7e25783c0a7c26e9b9f205121679098986989cb4fa109a54923972afe75d60ce,ac6168d8c51a9220ff3b88b5de5c6038c357dcd1c8a36c2a1f201e2293e484e8,False,diffpir,sensitivity,0.125,0,5,0.03,0.03,0,0.25,5.4904545472,0.00686448395261,0.864151895046,0.357652276754,0.352436214685,-0.00521606206894,reconstructions/d4edbcc97ec00f079508e13004cf8c0e01806e2a1c89e0eb93c0e8df45158196/diffpir-sensitivity-0.125-0-5.pt
d4edbcc97ec00f079508e13004cf8c0e01806e2a1c89e0eb93c0e8df45158196,3edb09d41378dfae155626fe72b75a2c4bde6a58,cff553233941e75169564d196f318bbdd728713e0809f049f5ada55d92b57e1e,7e25783c0a7c26e9b9f205121679098986989cb4fa109a54923972afe75d60ce,ac6168d8c51a9220ff3b88b5de5c6038c357dcd1c8a36c2a1f201e2293e484e8,False,pigdm,sensitivity,0.125,0,5,0.03,0.03,0,0.25,21.6812251213,0.562516469,0.205246776342,0.0995909273624,0.0577739551663,-0.0418169721961,reconstructions/d4edbcc97ec00f079508e13004cf8c0e01806e2a1c89e0eb93c0e8df45158196/pigdm-sensitivity-0.125-0-5.pt
d4edbcc97ec00f079508e13004cf8c0e01806e2a1c89e0eb93c0e8df45158196,3edb09d41378dfae155626fe72b75a2c4bde6a58,cff553233941e75169564d196f318bbdd728713e0809f049f5ada55d92b57e1e,7e25783c0a7c26e9b9f205121679098986989cb4fa109a54923972afe75d60ce,ac6168d8c51a9220ff3b88b5de5c6038c357dcd1c8a36c2a1f201e2293e484e8,False,zero_filled,sensitivity,0.125,0,6,0.03,0.03,0,0.25,18.0503755498,0.507829005605,0.275921165943,0.129212096334,0.0916213840246,-0.0375907123089,reconstructions/d4edbcc97ec00f079508e13004cf8c0e01806e2a1c89e0eb93c0e8df45158196/zero_filled-sensitivity-0.125-0-6.pt
d4edbcc97ec00f079508e13004cf8c0e01806e2a1c89e0eb93c0e8df45158196,3edb09d41378dfae155626fe72b75a2c4bde6a58,cff553233941e75169564d196f318bbdd728713e0809f049f5ada55d92b57e1e,7e25783c0a7c26e9b9f205121679098986989cb4fa109a54923972afe75d60ce,ac6168d8c51a9220ff3b88b5de5c6038c357dcd1c8a36c2a1f201e2293e484e8,False,tv,sensitivity,0.125,0,6,0.03,0.03,0,0.25,21.7720432215,0.73512758247,0.0674510970712,0.110111631453,0.0598601661623,-0.0502514652908,reconstructions/d4edbcc97ec00f079508e13004cf8c0e01806e2a1c89e0eb93c0e8df45158196/tv-sensitivity-0.125-0-6.pt
d4edbcc97ec00f079508e13004cf8c0e01806e2a1c89e0eb93c0e8df45158196,3edb09d41378dfae155626fe72b75a2c4bde6a58,cff553233941e75169564d196f318bbdd728713e0809f049f5ada55d92b57e1e,7e25783c0a7c26e9b9f205121679098986989cb4fa109a54923972afe75d60ce,ac6168d8c51a9220ff3b88b5de5c6038c357dcd1c8a36c2a1f201e2293e484e8,False,dps,sensitivity,0.125,0,6,0.03,0.03,0,0.25,8.36810434721,0.00894501723776,0.534982442856,0.89464867115,0.887920796871,-0.00672787427902,reconstructions/d4edbcc97ec00f079508e13004cf8c0e01806e2a1c89e0eb93c0e8df45158196/dps-sensitivity-0.125-0-6.pt
d4edbcc97ec00f079508e13004cf8c0e01806e2a1c89e0eb93c0e8df45158196,3edb09d41378dfae155626fe72b75a2c4bde6a58,cff553233941e75169564d196f318bbdd728713e0809f049f5ada55d92b57e1e,7e25783c0a7c26e9b9f205121679098986989cb4fa109a54923972afe75d60ce,ac6168d8c51a9220ff3b88b5de5c6038c357dcd1c8a36c2a1f201e2293e484e8,False,diffpir,sensitivity,0.125,0,6,0.03,0.03,0,0.25,4.33338266407,0.0172316463661,0.923499047756,0.918899834156,0.909922301769,-0.00897753238678,reconstructions/d4edbcc97ec00f079508e13004cf8c0e01806e2a1c89e0eb93c0e8df45158196/diffpir-sensitivity-0.125-0-6.pt
d4edbcc97ec00f079508e13004cf8c0e01806e2a1c89e0eb93c0e8df45158196,3edb09d41378dfae155626fe72b75a2c4bde6a58,cff553233941e75169564d196f318bbdd728713e0809f049f5ada55d92b57e1e,7e25783c0a7c26e9b9f205121679098986989cb4fa109a54923972afe75d60ce,ac6168d8c51a9220ff3b88b5de5c6038c357dcd1c8a36c2a1f201e2293e484e8,False,pigdm,sensitivity,0.125,0,6,0.03,0.03,0,0.25,17.2273336151,0.519521929988,0.126527965069,0.261074930429,0.241876080632,-0.0191988497972,reconstructions/d4edbcc97ec00f079508e13004cf8c0e01806e2a1c89e0eb93c0e8df45158196/pigdm-sensitivity-0.125-0-6.pt
d4edbcc97ec00f079508e13004cf8c0e01806e2a1c89e0eb93c0e8df45158196,3edb09d41378dfae155626fe72b75a2c4bde6a58,cff553233941e75169564d196f318bbdd728713e0809f049f5ada55d92b57e1e,7e25783c0a7c26e9b9f205121679098986989cb4fa109a54923972afe75d60ce,ac6168d8c51a9220ff3b88b5de5c6038c357dcd1c8a36c2a1f201e2293e484e8,False,zero_filled,sensitivity,0.125,0,7,0.03,0.03,0,0.25,20.5346285859,0.583911466349,0.20439234376,0.102673411369,0.0749295651913,-0.0277438461781,reconstructions/d4edbcc97ec00f079508e13004cf8c0e01806e2a1c89e0eb93c0e8df45158196/zero_filled-sensitivity-0.125-0-7.pt
d4edbcc97ec00f079508e13004cf8c0e01806e2a1c89e0eb93c0e8df45158196,3edb09d41378dfae155626fe72b75a2c4bde6a58,cff553233941e75169564d196f318bbdd728713e0809f049f5ada55d92b57e1e,7e25783c0a7c26e9b9f205121679098986989cb4fa109a54923972afe75d60ce,ac6168d8c51a9220ff3b88b5de5c6038c357dcd1c8a36c2a1f201e2293e484e8,False,tv,sensitivity,0.125,0,7,0.03,0.03,0,0.25,24.245851029,0.793405100168,0.0535258352757,0.0885090306401,0.0551468096673,-0.0333622209728,reconstructions/d4edbcc97ec00f079508e13004cf8c0e01806e2a1c89e0eb93c0e8df45158196/tv-sensitivity-0.125-0-7.pt
d4edbcc97ec00f079508e13004cf8c0e01806e2a1c89e0eb93c0e8df45158196,3edb09d41378dfae155626fe72b75a2c4bde6a58,cff553233941e75169564d196f318bbdd728713e0809f049f5ada55d92b57e1e,7e25783c0a7c26e9b9f205121679098986989cb4fa109a54923972afe75d60ce,ac6168d8c51a9220ff3b88b5de5c6038c357dcd1c8a36c2a1f201e2293e484e8,False,dps,sensitivity,0.125,0,7,0.03,0.03,0,0.25,6.77011672389,-0.0390980389319,0.37734863162,1.00203561783,0.997894227505,-0.00414139032364,reconstructions/d4edbcc97ec00f079508e13004cf8c0e01806e2a1c89e0eb93c0e8df45158196/dps-sensitivity-0.125-0-7.pt
d4edbcc97ec00f079508e13004cf8c0e01806e2a1c89e0eb93c0e8df45158196,3edb09d41378dfae155626fe72b75a2c4bde6a58,cff553233941e75169564d196f318bbdd728713e0809f049f5ada55d92b57e1e,7e25783c0a7c26e9b9f205121679098986989cb4fa109a54923972afe75d60ce,ac6168d8c51a9220ff3b88b5de5c6038c357dcd1c8a36c2a1f201e2293e484e8,False,diffpir,sensitivity,0.125,0,7,0.03,0.03,0,0.25,4.61143093558,0.000946102637202,1.04061591625,0.776736795902,0.772835373878,-0.00390142202377,reconstructions/d4edbcc97ec00f079508e13004cf8c0e01806e2a1c89e0eb93c0e8df45158196/diffpir-sensitivity-0.125-0-7.pt
d4edbcc97ec00f079508e13004cf8c0e01806e2a1c89e0eb93c0e8df45158196,3edb09d41378dfae155626fe72b75a2c4bde6a58,cff553233941e75169564d196f318bbdd728713e0809f049f5ada55d92b57e1e,7e25783c0a7c26e9b9f205121679098986989cb4fa109a54923972afe75d60ce,ac6168d8c51a9220ff3b88b5de5c6038c357dcd1c8a36c2a1f201e2293e484e8,False,pigdm,sensitivity,0.125,0,7,0.03,0.03,0,0.25,20.1179538622,0.528437424314,0.157068312168,0.17124722898,0.155599355698,-0.0156478732824,reconstructions/d4edbcc97ec00f079508e13004cf8c0e01806e2a1c89e0eb93c0e8df45158196/pigdm-sensitivity-0.125-0-7.pt
d4edbcc97ec00f079508e13004cf8c0e01806e2a1c89e0eb93c0e8df45158196,3edb09d41378dfae155626fe72b75a2c4bde6a58,cff553233941e75169564d196f318bbdd728713e0809f049f5ada55d92b57e1e,7e25783c0a7c26e9b9f205121679098986989cb4fa109a54923972afe75d60ce,ac6168d8c51a9220ff3b88b5de5c6038c357dcd1c8a36c2a1f201e2293e484e8,False,zero_filled,sensitivity,0.125,1,0,0.03,0.03,0,0.25,22.1080303016,0.63475437659,0.282679975033,0.088331438601,0.0399691537023,-0.0483622848988,reconstructions/d4edbcc97ec00f079508e13004cf8c0e01806e2a1c89e0eb93c0e8df45158196/zero_filled-sensitivity-0.125-1-0.pt
d4edbcc97ec00f079508e13004cf8c0e01806e2a1c89e0eb93c0e8df45158196,3edb09d41378dfae155626fe72b75a2c4bde6a58,cff553233941e75169564d196f318bbdd728713e0809f049f5ada55d92b57e1e,7e25783c0a7c26e9b9f205121679098986989cb4fa109a54923972afe75d60ce,ac6168d8c51a9220ff3b88b5de5c6038c357dcd1c8a36c2a1f201e2293e484e8,False,tv,sensitivity,0.125,1,0,0.03,0.03,0,0.25,23.389801711,0.664722912767,0.11430015415,0.0885086208582,0.0405170843005,-0.0479915365577,reconstructions/d4edbcc97ec00f079508e13004cf8c0e01806e2a1c89e0eb93c0e8df45158196/tv-sensitivity-0.125-1-0.pt
d4edbcc97ec00f079508e13004cf8c0e01806e2a1c89e0eb93c0e8df45158196,3edb09d41378dfae155626fe72b75a2c4bde6a58,cff553233941e75169564d196f318bbdd728713e0809f049f5ada55d92b57e1e,7e25783c0a7c26e9b9f205121679098986989cb4fa109a54923972afe75d60ce,ac6168d8c51a9220ff3b88b5de5c6038c357dcd1c8a36c2a1f201e2293e484e8,False,dps,sensitivity,0.125,1,0,0.03,0.03,0,0.25,10.2103469328,0.11314392427,0.339360296726,0.479638814926,0.475841760635,-0.00379705429077,reconstructions/d4edbcc97ec00f079508e13004cf8c0e01806e2a1c89e0eb93c0e8df45158196/dps-sensitivity-0.125-1-0.pt
d4edbcc97ec00f079508e13004cf8c0e01806e2a1c89e0eb93c0e8df45158196,3edb09d41378dfae155626fe72b75a2c4bde6a58,cff553233941e75169564d196f318bbdd728713e0809f049f5ada55d92b57e1e,7e25783c0a7c26e9b9f205121679098986989cb4fa109a54923972afe75d60ce,ac6168d8c51a9220ff3b88b5de5c6038c357dcd1c8a36c2a1f201e2293e484e8,False,diffpir,sensitivity,0.125,1,0,0.03,0.03,0,0.25,5.89310313489,0.0124495887908,0.985155761242,0.31166061759,0.303694605827,-0.00796601176262,reconstructions/d4edbcc97ec00f079508e13004cf8c0e01806e2a1c89e0eb93c0e8df45158196/diffpir-sensitivity-0.125-1-0.pt
d4edbcc97ec00f079508e13004cf8c0e01806e2a1c89e0eb93c0e8df45158196,3edb09d41378dfae155626fe72b75a2c4bde6a58,cff553233941e75169564d196f318bbdd728713e0809f049f5ada55d92b57e1e,7e25783c0a7c26e9b9f205121679098986989cb4fa109a54923972afe75d60ce,ac6168d8c51a9220ff3b88b5de5c6038c357dcd1c8a36c2a1f201e2293e484e8,False,pigdm,sensitivity,0.125,1,0,0.03,0.03,0,0.25,21.5396431472,0.560648588759,0.107499971986,0.0958572328091,0.0541803427041,-0.041676890105,reconstructions/d4edbcc97ec00f079508e13004cf8c0e01806e2a1c89e0eb93c0e8df45158196/pigdm-sensitivity-0.125-1-0.pt
d4edbcc97ec00f079508e13004cf8c0e01806e2a1c89e0eb93c0e8df45158196,3edb09d41378dfae155626fe72b75a2c4bde6a58,cff553233941e75169564d196f318bbdd728713e0809f049f5ada55d92b57e1e,7e25783c0a7c26e9b9f205121679098986989cb4fa109a54923972afe75d60ce,ac6168d8c51a9220ff3b88b5de5c6038c357dcd1c8a36c2a1f201e2293e484e8,False,zero_filled,sensitivity,0.125,1,1,0.03,0.03,0,0.25,24.6707465637,0.674668280995,0.407356351614,0.0972885712981,0.0424881950021,-0.054800376296,reconstructions/d4edbcc97ec00f079508e13004cf8c0e01806e2a1c89e0eb93c0e8df45158196/zero_filled-sensitivity-0.125-1-1.pt
d4edbcc97ec00f079508e13004cf8c0e01806e2a1c89e0eb93c0e8df45158196,3edb09d41378dfae155626fe72b75a2c4bde6a58,cff553233941e75169564d196f318bbdd728713e0809f049f5ada55d92b57e1e,7e25783c0a7c26e9b9f205121679098986989cb4fa109a54923972afe75d60ce,ac6168d8c51a9220ff3b88b5de5c6038c357dcd1c8a36c2a1f201e2293e484e8,False,tv,sensitivity,0.125,1,1,0.03,0.03,0,0.25,25.7845265856,0.628347858667,0.312545955181,0.101707175374,0.0532366633415,-0.0484705120325,reconstructions/d4edbcc97ec00f079508e13004cf8c0e01806e2a1c89e0eb93c0e8df45158196/tv-sensitivity-0.125-1-1.pt
d4edbcc97ec00f079508e13004cf8c0e01806e2a1c89e0eb93c0e8df45158196,3edb09d41378dfae155626fe72b75a2c4bde6a58,cff553233941e75169564d196f318bbdd728713e0809f049f5ada55d92b57e1e,7e25783c0a7c26e9b9f205121679098986989cb4fa109a54923972afe75d60ce,ac6168d8c51a9220ff3b88b5de5c6038c357dcd1c8a36c2a1f201e2293e484e8,False,dps,sensitivity,0.125,1,1,0.03,0.03,0,0.25,8.28328807638,0.028789327433,0.585396707058,0.753654122353,0.751484870911,-0.00216925144196,reconstructions/d4edbcc97ec00f079508e13004cf8c0e01806e2a1c89e0eb93c0e8df45158196/dps-sensitivity-0.125-1-1.pt
d4edbcc97ec00f079508e13004cf8c0e01806e2a1c89e0eb93c0e8df45158196,3edb09d41378dfae155626fe72b75a2c4bde6a58,cff553233941e75169564d196f318bbdd728713e0809f049f5ada55d92b57e1e,7e25783c0a7c26e9b9f205121679098986989cb4fa109a54923972afe75d60ce,ac6168d8c51a9220ff3b88b5de5c6038c357dcd1c8a36c2a1f201e2293e484e8,False,diffpir,sensitivity,0.125,1,1,0.03,0.03,0,0.25,6.18380393539,0.00786686802074,0.787521779537,0.31472414732,0.301791787148,-0.0129323601723,reconstructions/d4edbcc97ec00f079508e13004cf8c0e01806e2a1c89e0eb93c0e8df45158196/diffpir-sensitivity-0.125-1-1.pt
d4edbcc97ec00f079508e13004cf8c0e01806e2a1c89e0eb93c0e8df45158196,3edb09d41378dfae155626fe72b75a2c4bde6a58,cff553233941e75169564d196f318bbdd728713e0809f049f5ada55d92b57e1e,7e25783c0a7c26e9b9f205121679098986989cb4fa109a54923972afe75d60ce,ac6168d8c51a9220ff3b88b5de5c6038c357dcd1c8a36c2a1f201e2293e484e8,False,pigdm,sensitivity,0.125,1,1,0.03,0.03,0,0.25,24.0250779647,0.54966538364,0.268423676491,0.110850326717,0.0680558085442,-0.0427945181727,reconstructions/d4edbcc97ec00f079508e13004cf8c0e01806e2a1c89e0eb93c0e8df45158196/pigdm-sensitivity-0.125-1-1.pt
d4edbcc97ec00f079508e13004cf8c0e01806e2a1c89e0eb93c0e8df45158196,3edb09d41378dfae155626fe72b75a2c4bde6a58,cff553233941e75169564d196f318bbdd728713e0809f049f5ada55d92b57e1e,7e25783c0a7c26e9b9f205121679098986989cb4fa109a54923972afe75d60ce,ac6168d8c51a9220ff3b88b5de5c6038c357dcd1c8a36c2a1f201e2293e484e8,False,zero_filled,sensitivity,0.125,1,2,0.03,0.03,0,0.25,19.0830681104,0.546457508324,0.225598245859,0.122247971594,0.0725932866335,-0.0496546849608,reconstructions/d4edbcc97ec00f079508e13004cf8c0e01806e2a1c89e0eb93c0e8df45158196/zero_filled-sensitivity-0.125-1-2.pt
d4edbcc97ec00f079508e13004cf8c0e01806e2a1c89e0eb93c0e8df45158196,3edb09d41378dfae155626fe72b75a2c4bde6a58,cff553233941e75169564d196f318bbdd728713e0809f049f5ada55d92b57e1e,7e25783c0a7c26e9b9f205121679098986989cb4fa109a54923972afe75d60ce,ac6168d8c51a9220ff3b88b5de5c6038c357dcd1c8a36c2a1f201e2293e484e8,False,tv,sensitivity,0.125,1,2,0.03,0.03,0,0.25,22.2064177248,0.79535202006,0.0575237572193,0.11341894418,0.0576688535511,-0.0557500906289,reconstructions/d4edbcc97ec00f079508e13004cf8c0e01806e2a1c89e0eb93c0e8df45158196/tv-sensitivity-0.125-1-2.pt
d4edbcc97ec00f079508e13004cf8c0e01806e2a1c89e0eb93c0e8df45158196,3edb09d41378dfae155626fe72b75a2c4bde6a58,cff553233941e75169564d196f318bbdd728713e0809f049f5ada55d92b57e1e,7e25783c0a7c26e9b9f205121679098986989cb4fa109a54923972afe75d60ce,ac6168d8c51a9220ff3b88b5de5c6038c357dcd1c8a36c2a1f201e2293e484e8,False,dps,sensitivity,0.125,1,2,0.03,0.03,0,0.25,9.43324856683,0.0636962626095,0.285639852285,0.742588043213,0.738930106163,-0.00365793704987,reconstructions/d4edbcc97ec00f079508e13004cf8c0e01806e2a1c89e0eb93c0e8df45158196/dps-sensitivity-0.125-1-2.pt
d4edbcc97ec00f079508e13004cf8c0e01806e2a1c89e0eb93c0e8df45158196,3edb09d41378dfae155626fe72b75a2c4bde6a58,cff553233941e75169564d196f318bbdd728713e0809f049f5ada55d92b57e1e,7e25783c0a7c26e9b9f205121679098986989cb4fa109a54923972afe75d60ce,ac6168d8c51a9220ff3b88b5de5c6038c357dcd1c8a36c2a1f201e2293e484e8,False,diffpir,sensitivity,0.125,1,2,0.03,0.03,0,0.25,4.41280046365,0.0132831724122,0.96190649271,0.86709189415,0.857407152653,-0.00968474149704,reconstructions/d4edbcc97ec00f079508e13004cf8c0e01806e2a1c89e0eb93c0e8df45158196/diffpir-sensitivity-0.125-1-2.pt
d4edbcc97ec00f079508e13004cf8c0e01806e2a1c89e0eb93c0e8df45158196,3edb09d41378dfae155626fe72b75a2c4bde6a58,cff553233941e75169564d196f318bbdd728713e0809f049f5ada55d92b57e1e,7e25783c0a7c26e9b9f205121679098986989cb4fa109a54923972afe75d60ce,ac6168d8c51a9220ff3b88b5de5c6038c357dcd1c8a36c2a1f201e2293e484e8,False,pigdm,sensitivity,0.125,1,2,0.03,0.03,0,0.25,18.5922424929,0.529155608643,0.0995834842324,0.203775897622,0.177187368274,-0.0265885293484,reconstructions/d4edbcc97ec00f079508e13004cf8c0e01806e2a1c89e0eb93c0e8df45158196/pigdm-sensitivity-0.125-1-2.pt
d4edbcc97ec00f079508e13004cf8c0e01806e2a1c89e0eb93c0e8df45158196,3edb09d41378dfae155626fe72b75a2c4bde6a58,cff553233941e75169564d196f318bbdd728713e0809f049f5ada55d92b57e1e,7e25783c0a7c26e9b9f205121679098986989cb4fa109a54923972afe75d60ce,ac6168d8c51a9220ff3b88b5de5c6038c357dcd1c8a36c2a1f201e2293e484e8,False,zero_filled,sensitivity,0.125,1,3,0.03,0.03,0,0.25,21.4404052333,0.605146254288,0.245937377214,0.0937701910734,0.0445261225104,-0.049244068563,reconstructions/d4edbcc97ec00f079508e13004cf8c0e01806e2a1c89e0eb93c0e8df45158196/zero_filled-sensitivity-0.125-1-3.pt
d4edbcc97ec00f079508e13004cf8c0e01806e2a1c89e0eb93c0e8df45158196,3edb09d41378dfae155626fe72b75a2c4bde6a58,cff553233941e75169564d196f318bbdd728713e0809f049f5ada55d92b57e1e,7e25783c0a7c26e9b9f205121679098986989cb4fa109a54923972afe75d60ce,ac6168d8c51a9220ff3b88b5de5c6038c357dcd1c8a36c2a1f201e2293e484e8,False,tv,sensitivity,0.125,1,3,0.03,0.03,0,0.25,26.242867243,0.759969420324,0.180043116212,0.0911106690764,0.0390779152513,-0.0520327538252,reconstructions/d4edbcc97ec00f079508e13004cf8c0e01806e2a1c89e0eb93c0e8df45158196/tv-sensitivity-0.125-1-3.pt
d4edbcc97ec00f079508e13004cf8c0e01806e2a1c89e0eb93c0e8df45158196,3edb09d41378dfae155626fe72b75a2c4bde6a58,cff553233941e75169564d196f318bbdd728713e0809f049f5ada55d92b57e1e,7e25783c0a7c26e9b9f205121679098986989cb4fa109a54923972afe75d60ce,ac6168d8c51a9220ff3b88b5de5c6038c357dcd1c8a36c2a1f201e2293e484e8,False,dps,sensitivity,0.125,1,3,0.03,0.03,0,0.25,11.9682887894,0.149506513098,0.388067483902,0.371319741011,0.364797800779,-0.00652194023132,reconstructions/d4edbcc97ec00f079508e13004cf8c0e01806e2a1c89e0eb93c0e8df45158196/dps-sensitivity-0.125-1-3.pt
d4edbcc97ec00f079508e13004cf8c0e01806e2a1c89e0eb93c0e8df45158196,3edb09d41378dfae155626fe72b75a2c4bde6a58,cff553233941e75169564d196f318bbdd728713e0809f049f5ada55d92b57e1e,7e25783c0a7c26e9b9f205121679098986989cb4fa109a54923972afe75d60ce,ac6168d8c51a9220ff3b88b5de5c6038c357dcd1c8a36c2a1f201e2293e484e8,False,diffpir,sensitivity,0.125,1,3,0.03,0.03,0,0.25,5.61157852351,0.00591592282612,0.98977380991,0.370211243629,0.367497354746,-0.00271388888359,reconstructions/d4edbcc97ec00f079508e13004cf8c0e01806e2a1c89e0eb93c0e8df45158196/diffpir-sensitivity-0.125-1-3.pt
d4edbcc97ec00f079508e13004cf8c0e01806e2a1c89e0eb93c0e8df45158196,3edb09d41378dfae155626fe72b75a2c4bde6a58,cff553233941e75169564d196f318bbdd728713e0809f049f5ada55d92b57e1e,7e25783c0a7c26e9b9f205121679098986989cb4fa109a54923972afe75d60ce,ac6168d8c51a9220ff3b88b5de5c6038c357dcd1c8a36c2a1f201e2293e484e8,False,pigdm,sensitivity,0.125,1,3,0.03,0.03,0,0.25,23.5779628837,0.707223025991,0.131302595139,0.100731469691,0.0575867518783,-0.0431447178125,reconstructions/d4edbcc97ec00f079508e13004cf8c0e01806e2a1c89e0eb93c0e8df45158196/pigdm-sensitivity-0.125-1-3.pt
d4edbcc97ec00f079508e13004cf8c0e01806e2a1c89e0eb93c0e8df45158196,3edb09d41378dfae155626fe72b75a2c4bde6a58,cff553233941e75169564d196f318bbdd728713e0809f049f5ada55d92b57e1e,7e25783c0a7c26e9b9f205121679098986989cb4fa109a54923972afe75d60ce,ac6168d8c51a9220ff3b88b5de5c6038c357dcd1c8a36c2a1f201e2293e484e8,False,zero_filled,sensitivity,0.125,1,4,0.03,0.03,0,0.25,20.9926875733,0.697027871618,0.186169564724,0.0791734606028,0.0419195629656,-0.0372538976371,reconstructions/d4edbcc97ec00f079508e13004cf8c0e01806e2a1c89e0eb93c0e8df45158196/zero_filled-sensitivity-0.125-1-4.pt
d4edbcc97ec00f079508e13004cf8c0e01806e2a1c89e0eb93c0e8df45158196,3edb09d41378dfae155626fe72b75a2c4bde6a58,cff553233941e75169564d196f318bbdd728713e0809f049f5ada55d92b57e1e,7e25783c0a7c26e9b9f205121679098986989cb4fa109a54923972afe75d60ce,ac6168d8c51a9220ff3b88b5de5c6038c357dcd1c8a36c2a1f201e2293e484e8,False,tv,sensitivity,0.125,1,4,0.03,0.03,0,0.25,22.3693924353,0.737295767857,0.0809656456113,0.0759956911206,0.0372558198869,-0.0387398712337,reconstructions/d4edbcc97ec00f079508e13004cf8c0e01806e2a1c89e0eb93c0e8df45158196/tv-sensitivity-0.125-1-4.pt
d4edbcc97ec00f079508e13004cf8c0e01806e2a1c89e0eb93c0e8df45158196,3edb09d41378dfae155626fe72b75a2c4bde6a58,cff553233941e75169564d196f318bbdd728713e0809f049f5ada55d92b57e1e,7e25783c0a7c26e9b9f205121679098986989cb4fa109a54923972afe75d60ce,ac6168d8c51a9220ff3b88b5de5c6038c357dcd1c8a36c2a1f201e2293e484e8,False,dps,sensitivity,0.125,1,4,0.03,0.03,0,0.25,8.15410911124,0.097273391552,0.471288263798,0.575016140938,0.576123952866,0.0011078119278,reconstructions/d4edbcc97ec00f079508e13004cf8c0e01806e2a1c89e0eb93c0e8df45158196/dps-sensitivity-0.125-1-4.pt
d4edbcc97ec00f079508e13004cf8c0e01806e2a1c89e0eb93c0e8df45158196,3edb09d41378dfae155626fe72b75a2c4bde6a58,cff553233941e75169564d196f318bbdd728713e0809f049f5ada55d92b57e1e,7e25783c0a7c26e9b9f205121679098986989cb4fa109a54923972afe75d60ce,ac6168d8c51a9220ff3b88b5de5c6038c357dcd1c8a36c2a1f201e2293e484e8,False,diffpir,sensitivity,0.125,1,4,0.03,0.03,0,0.25,5.2591359163,0.0147919210778,0.953572690487,0.415298342705,0.416138529778,0.000840187072754,reconstructions/d4edbcc97ec00f079508e13004cf8c0e01806e2a1c89e0eb93c0e8df45158196/diffpir-sensitivity-0.125-1-4.pt
d4edbcc97ec00f079508e13004cf8c0e01806e2a1c89e0eb93c0e8df45158196,3edb09d41378dfae155626fe72b75a2c4bde6a58,cff553233941e75169564d196f318bbdd728713e0809f049f5ada55d92b57e1e,7e25783c0a7c26e9b9f205121679098986989cb4fa109a54923972afe75d60ce,ac6168d8c51a9220ff3b88b5de5c6038c357dcd1c8a36c2a1f201e2293e484e8,False,pigdm,sensitivity,0.125,1,4,0.03,0.03,0,0.25,21.8153061762,0.693684116208,0.0791304931045,0.0819649621844,0.049360960722,-0.0326040014625,reconstructions/d4edbcc97ec00f079508e13004cf8c0e01806e2a1c89e0eb93c0e8df45158196/pigdm-sensitivity-0.125-1-4.pt
d4edbcc97ec00f079508e13004cf8c0e01806e2a1c89e0eb93c0e8df45158196,3edb09d41378dfae155626fe72b75a2c4bde6a58,cff553233941e75169564d196f318bbdd728713e0809f049f5ada55d92b57e1e,7e25783c0a7c26e9b9f205121679098986989cb4fa109a54923972afe75d60ce,ac6168d8c51a9220ff3b88b5de5c6038c357dcd1c8a36c2a1f201e2293e484e8,False,zero_filled,sensitivity,0.125,1,5,0.03,0.03,0,0.25,21.1796623967,0.61830272736,0.340150177479,0.0897888019681,0.0376164652407,-0.0521723367274,reconstructions/d4edbcc97ec00f079508e13004cf8c0e01806e2a1c89e0eb93c0e8df45158196/zero_filled-sensitivity-0.125-1-5.pt
d4edbcc97ec00f079508e13004cf8c0e01806e2a1c89e0eb93c0e8df45158196,3edb09d41378dfae155626fe72b75a2c4bde6a58,cff553233941e75169564d196f318bbdd728713e0809f049f5ada55d92b57e1e,7e25783c0a7c26e9b9f205121679098986989cb4fa109a54923972afe75d60ce,ac6168d8c51a9220ff3b88b5de5c6038c357dcd1c8a36c2a1f201e2293e484e8,False,tv,sensitivity,0.125,1,5,0.03,0.03,0,0.25,21.6359262671,0.584581101929,0.243648722768,0.0923406034708,0.0431559681892,-0.0491846352816,reconstructions/d4edbcc97ec00f079508e13004cf8c0e01806e2a1c89e0eb93c0e8df45158196/tv-sensitivity-0.125-1-5.pt
d4edbcc97ec00f079508e13004cf8c0e01806e2a1c89e0eb93c0e8df45158196,3edb09d41378dfae155626fe72b75a2c4bde6a58,cff553233941e75169564d196f318bbdd728713e0809f049f5ada55d92b57e1e,7e25783c0a7c26e9b9f205121679098986989cb4fa109a54923972afe75d60ce,ac6168d8c51a9220ff3b88b5de5c6038c357dcd1c8a36c2a1f201e2293e484e8,False,dps,sensitivity,0.125,1,5,0.03,0.03,0,0.25,8.45250885291,0.0619269038869,0.455014050007,0.518848776817,0.515147566795,-0.00370121002197,reconstructions/d4edbcc97ec00f079508e13004cf8c0e01806e2a1c89e0eb93c0e8df45158196/dps-sensitivity-0.125-1-5.pt
d4edbcc97ec00f079508e13004cf8c0e01806e2a1c89e0eb93c0e8df45158196,3edb09d41378dfae155626fe72b75a2c4bde6a58,cff553233941e75169564d196f318bbdd728713e0809f049f5ada55d92b57e1e,7e25783c0a7c26e9b9f205121679098986989cb4fa109a54923972afe75d60ce,ac6168d8c51a9220ff3b88b5de5c6038c357dcd1c8a36c2a1f201e2293e484e8,False,diffpir,sensitivity,0.125,1,5,0.03,0.03,0,0.25,5.53287250446,0.00952881005509,0.842856287956,0.347308397293,0.342022538185,-0.00528585910797,reconstructions/d4edbcc97ec00f079508e13004cf8c0e01806e2a1c89e0eb93c0e8df45158196/diffpir-sensitivity-0.125-1-5.pt
d4edbcc97ec00f079508e13004cf8c0e01806e2a1c89e0eb93c0e8df45158196,3edb09d41378dfae155626fe72b75a2c4bde6a58,cff553233941e75169564d196f318bbdd728713e0809f049f5ada55d92b57e1e,7e25783c0a7c26e9b9f205121679098986989cb4fa109a54923972afe75d60ce,ac6168d8c51a9220ff3b88b5de5c6038c357dcd1c8a36c2a1f201e2293e484e8,False,pigdm,sensitivity,0.125,1,5,0.03,0.03,0,0.25,19.9961283185,0.491222145408,0.124007821083,0.0965123251081,0.0517454110086,-0.0447669140995,reconstructions/d4edbcc97ec00f079508e13004cf8c0e01806e2a1c89e0eb93c0e8df45158196/pigdm-sensitivity-0.125-1-5.pt
d4edbcc97ec00f079508e13004cf8c0e01806e2a1c89e0eb93c0e8df45158196,3edb09d41378dfae155626fe72b75a2c4bde6a58,cff553233941e75169564d196f318bbdd728713e0809f049f5ada55d92b57e1e,7e25783c0a7c26e9b9f205121679098986989cb4fa109a54923972afe75d60ce,ac6168d8c51a9220ff3b88b5de5c6038c357dcd1c8a36c2a1f201e2293e484e8,False,zero_filled,sensitivity,0.125,1,6,0.03,0.03,0,0.25,17.8439644136,0.488827644094,0.278707593679,0.127273902297,0.0873548537493,-0.0399190485477,reconstructions/d4edbcc97ec00f079508e13004cf8c0e01806e2a1c89e0eb93c0e8df45158196/zero_filled-sensitivity-0.125-1-6.pt
d4edbcc97ec00f079508e13004cf8c0e01806e2a1c89e0eb93c0e8df45158196,3edb09d41378dfae155626fe72b75a2c4bde6a58,cff553233941e75169564d196f318bbdd728713e0809f049f5ada55d92b57e1e,7e25783c0a7c26e9b9f205121679098986989cb4fa109a54923972afe75d60ce,ac6168d8c51a9220ff3b88b5de5c6038c357dcd1c8a36c2a1f201e2293e484e8,False,tv,sensitivity,0.125,1,6,0.03,0.03,0,0.25,21.5623800758,0.731299801557,0.0704306960106,0.113480433822,0.0640955939889,-0.0493848398328,reconstructions/d4edbcc97ec00f079508e13004cf8c0e01806e2a1c89e0eb93c0e8df45158196/tv-sensitivity-0.125-1-6.pt
d4edbcc97ec00f079508e13004cf8c0e01806e2a1c89e0eb93c0e8df45158196,3edb09d41378dfae155626fe72b75a2c4bde6a58,cff553233941e75169564d196f318bbdd728713e0809f049f5ada55d92b57e1e,7e25783c0a7c26e9b9f205121679098986989cb4fa109a54923972afe75d60ce,ac6168d8c51a9220ff3b88b5de5c6038c357dcd1c8a36c2a1f201e2293e484e8,False,dps,sensitivity,0.125,1,6,0.03,0.03,0,0.25,5.74571149382,-0.0284298151254,0.474234879017,1.22913002968,1.21649062634,-0.0126394033432,reconstructions/d4edbcc97ec00f079508e13004cf8c0e01806e2a1c89e0eb93c0e8df45158196/dps-sensitivity-0.125-1-6.pt
d4edbcc97ec00f079508e13004cf8c0e01806e2a1c89e0eb93c0e8df45158196,3edb09d41378dfae155626fe72b75a2c4bde6a58,cff553233941e75169564d196f318bbdd728713e0809f049f5ada55d92b57e1e,7e25783c0a7c26e9b9f205121679098986989cb4fa109a54923972afe75d60ce,ac6168d8c51a9220ff3b88b5de5c6038c357dcd1c8a36c2a1f201e2293e484e8,False,diffpir,sensitivity,0.125,1,6,0.03,0.03,0,0.25,4.47292962036,0.0161268726408,0.935960054398,0.899827539921,0.891068160534,-0.0087593793869,reconstructions/d4edbcc97ec00f079508e13004cf8c0e01806e2a1c89e0eb93c0e8df45158196/diffpir-sensitivity-0.125-1-6.pt
d4edbcc97ec00f079508e13004cf8c0e01806e2a1c89e0eb93c0e8df45158196,3edb09d41378dfae155626fe72b75a2c4bde6a58,cff553233941e75169564d196f318bbdd728713e0809f049f5ada55d92b57e1e,7e25783c0a7c26e9b9f205121679098986989cb4fa109a54923972afe75d60ce,ac6168d8c51a9220ff3b88b5de5c6038c357dcd1c8a36c2a1f201e2293e484e8,False,pigdm,sensitivity,0.125,1,6,0.03,0.03,0,0.25,17.8528218708,0.484256945265,0.102545887232,0.174866318703,0.146611228585,-0.0282550901175,reconstructions/d4edbcc97ec00f079508e13004cf8c0e01806e2a1c89e0eb93c0e8df45158196/pigdm-sensitivity-0.125-1-6.pt
d4edbcc97ec00f079508e13004cf8c0e01806e2a1c89e0eb93c0e8df45158196,3edb09d41378dfae155626fe72b75a2c4bde6a58,cff553233941e75169564d196f318bbdd728713e0809f049f5ada55d92b57e1e,7e25783c0a7c26e9b9f205121679098986989cb4fa109a54923972afe75d60ce,ac6168d8c51a9220ff3b88b5de5c6038c357dcd1c8a36c2a1f201e2293e484e8,False,zero_filled,sensitivity,0.125,1,7,0.03,0.03,0,0.25,20.1424408181,0.588722834614,0.230503261089,0.0989806801081,0.0686391294003,-0.0303415507078,reconstructions/d4edbcc97ec00f079508e13004cf8c0e01806e2a1c89e0eb93c0e8df45158196/zero_filled-sensitivity-0.125-1-7.pt
d4edbcc97ec00f079508e13004cf8c0e01806e2a1c89e0eb93c0e8df45158196,3edb09d41378dfae155626fe72b75a2c4bde6a58,cff553233941e75169564d196f318bbdd728713e0809f049f5ada55d92b57e1e,7e25783c0a7c26e9b9f205121679098986989cb4fa109a54923972afe75d60ce,ac6168d8c51a9220ff3b88b5de5c6038c357dcd1c8a36c2a1f201e2293e484e8,False,tv,sensitivity,0.125,1,7,0.03,0.03,0,0.25,23.646180513,0.760410707514,0.0659048110247,0.0895230546594,0.0556686483324,-0.033854406327,reconstructions/d4edbcc97ec00f079508e13004cf8c0e01806e2a1c89e0eb93c0e8df45158196/tv-sensitivity-0.125-1-7.pt
d4edbcc97ec00f079508e13004cf8c0e01806e2a1c89e0eb93c0e8df45158196,3edb09d41378dfae155626fe72b75a2c4bde6a58,cff553233941e75169564d196f318bbdd728713e0809f049f5ada55d92b57e1e,7e25783c0a7c26e9b9f205121679098986989cb4fa109a54923972afe75d60ce,ac6168d8c51a9220ff3b88b5de5c6038c357dcd1c8a36c2a1f201e2293e484e8,False,dps,sensitivity,0.125,1,7,0.03,0.03,0,0.25,4.94064135151,0.00865847488745,0.449371993542,1.28746438026,1.27645409107,-0.0110102891922,reconstructions/d4edbcc97ec00f079508e13004cf8c0e01806e2a1c89e0eb93c0e8df45158196/dps-sensitivity-0.125-1-7.pt
d4edbcc97ec00f079508e13004cf8c0e01806e2a1c89e0eb93c0e8df45158196,3edb09d41378dfae155626fe72b75a2c4bde6a58,cff553233941e75169564d196f318bbdd728713e0809f049f5ada55d92b57e1e,7e25783c0a7c26e9b9f205121679098986989cb4fa109a54923972afe75d60ce,ac6168d8c51a9220ff3b88b5de5c6038c357dcd1c8a36c2a1f201e2293e484e8,False,diffpir,sensitivity,0.125,1,7,0.03,0.03,0,0.25,4.70583721294,0.00624395063236,0.940309882164,0.768845140934,0.76434636116,-0.00449877977371,reconstructions/d4edbcc97ec00f079508e13004cf8c0e01806e2a1c89e0eb93c0e8df45158196/diffpir-sensitivity-0.125-1-7.pt
d4edbcc97ec00f079508e13004cf8c0e01806e2a1c89e0eb93c0e8df45158196,3edb09d41378dfae155626fe72b75a2c4bde6a58,cff553233941e75169564d196f318bbdd728713e0809f049f5ada55d92b57e1e,7e25783c0a7c26e9b9f205121679098986989cb4fa109a54923972afe75d60ce,ac6168d8c51a9220ff3b88b5de5c6038c357dcd1c8a36c2a1f201e2293e484e8,False,pigdm,sensitivity,0.125,1,7,0.03,0.03,0,0.25,15.4655609403,0.444770825246,0.299067139626,0.328404396772,0.317071139812,-0.0113332569599,reconstructions/d4edbcc97ec00f079508e13004cf8c0e01806e2a1c89e0eb93c0e8df45158196/pigdm-sensitivity-0.125-1-7.pt
d4edbcc97ec00f079508e13004cf8c0e01806e2a1c89e0eb93c0e8df45158196,3edb09d41378dfae155626fe72b75a2c4bde6a58,cff553233941e75169564d196f318bbdd728713e0809f049f5ada55d92b57e1e,7e25783c0a7c26e9b9f205121679098986989cb4fa109a54923972afe75d60ce,ac6168d8c51a9220ff3b88b5de5c6038c357dcd1c8a36c2a1f201e2293e484e8,False,zero_filled,sensitivity,0.125,2,0,0.03,0.03,0,0.25,21.7554906611,0.602641818528,0.322375148535,0.0865233466029,0.0370145924389,-0.049508754164,reconstructions/d4edbcc97ec00f079508e13004cf8c0e01806e2a1c89e0eb93c0e8df45158196/zero_filled-sensitivity-0.125-2-0.pt
d4edbcc97ec00f079508e13004cf8c0e01806e2a1c89e0eb93c0e8df45158196,3edb09d41378dfae155626fe72b75a2c4bde6a58,cff553233941e75169564d196f318bbdd728713e0809f049f5ada55d92b57e1e,7e25783c0a7c26e9b9f205121679098986989cb4fa109a54923972afe75d60ce,ac6168d8c51a9220ff3b88b5de5c6038c357dcd1c8a36c2a1f201e2293e484e8,False,tv,sensitivity,0.125,2,0,0.03,0.03,0,0.25,22.5740150731,0.617859878861,0.144107758999,0.0877683833241,0.0399509593844,-0.0478174239397,reconstructions/d4edbcc97ec00f079508e13004cf8c0e01806e2a1c89e0eb93c0e8df45158196/tv-sensitivity-0.125-2-0.pt
d4edbcc97ec00f079508e13004cf8c0e01806e2a1c89e0eb93c0e8df45158196,3edb09d41378dfae155626fe72b75a2c4bde6a58,cff553233941e75169564d196f318bbdd728713e0809f049f5ada55d92b57e1e,7e25783c0a7c26e9b9f205121679098986989cb4fa109a54923972afe75d60ce,ac6168d8c51a9220ff3b88b5de5c6038c357dcd1c8a36c2a1f201e2293e484e8,False,dps,sensitivity,0.125,2,0,0.03,0.03,0,0.25,10.1594385176,0.0609132610041,0.298024833202,0.469663619995,0.461376905441,-0.00828671455383,reconstructions/d4edbcc97ec00f079508e13004cf8c0e01806e2a1c89e0eb93c0e8df45158196/dps-sensitivity-0.125-2-0.pt
d4edbcc97ec00f079508e13004cf8c0e01806e2a1c89e0eb93c0e8df45158196,3edb09d41378dfae155626fe72b75a2c4bde6a58,cff553233941e75169564d196f318bbdd728713e0809f049f5ada55d92b57e1e,7e25783c0a7c26e9b9f205121679098986989cb4fa109a54923972afe75d60ce,ac6168d8c51a9220ff3b88b5de5c6038c357dcd1c8a36c2a1f201e2293e484e8,False,diffpir,sensitivity,0.125,2,0,0.03,0.03,0,0.25,5.77606313721,0.0065420741966,0.931348979473,0.32675743103,0.319459229708,-0.00729820132256,reconstructions/d4edbcc97ec00f079508e13004cf8c0e01806e2a1c89e0eb93c0e8df45158196/diffpir-sensitivity-0.125-2-0.pt
d4edbcc97ec00f079508e13004cf8c0e01806e2a1c89e0eb93c0e8df45158196,3edb09d41378dfae155626fe72b75a2c4bde6a58,cff553233941e75169564d196f318bbdd728713e0809f049f5ada55d92b57e1e,7e25783c0a7c26e9b9f205121679098986989cb4fa109a54923972afe75d60ce,ac6168d8c51a9220ff3b88b5de5c6038c357dcd1c8a36c2a1f201e2293e484e8,False,pigdm,sensitivity,0.125,2,0,0.03,0.03,0,0.25,20.9670103718,0.525057974546,0.176491945982,0.0919518098235,0.0478616058826,-0.0440902039409,reconstructions/d4edbcc97ec00f079508e13004cf8c0e01806e2a1c89e0eb93c0e8df45158196/pigdm-sensitivity-0.125-2-0.pt
d4edbcc97ec00f079508e13004cf8c0e01806e2a1c89e0eb93c0e8df45158196,3edb09d41378dfae155626fe72b75a2c4bde6a58,cff553233941e75169564d196f318bbdd728713e0809f049f5ada55d92b57e1e,7e25783c0a7c26e9b9f205121679098986989cb4fa109a54923972afe75d60ce,ac6168d8c51a9220ff3b88b5de5c6038c357dcd1c8a36c2a1f201e2293e484e8,False,zero_filled,sensitivity,0.125,2,1,0.03,0.03,0,0.25,24.1636146889,0.632215266983,0.45278018713,0.097393900156,0.0401523001492,-0.0572416000068,reconstructions/d4edbcc97ec00f079508e13004cf8c0e01806e2a1c89e0eb93c0e8df45158196/zero_filled-sensitivity-0.125-2-1.pt
d4edbcc97ec00f079508e13004cf8c0e01806e2a1c89e0eb93c0e8df45158196,3edb09d41378dfae155626fe72b75a2c4bde6a58,cff553233941e75169564d196f318bbdd728713e0809f049f5ada55d92b57e1e,7e25783c0a7c26e9b9f205121679098986989cb4fa109a54923972afe75d60ce,ac6168d8c51a9220ff3b88b5de5c6038c357dcd1c8a36c2a1f201e2293e484e8,False,tv,sensitivity,0.125,2,1,0.03,0.03,0,0.25,24.6377293123,0.564231324445,0.319213598967,0.102458700538,0.0526533052325,-0.0498053953052,reconstructions/d4edbcc97ec00f079508e13004cf8c0e01806e2a1c89e0eb93c0e8df45158196/tv-sensitivity-0.125-2-1.pt
d4edbcc97ec00f079508e13004cf8c0e01806e2a1c89e0eb93c0e8df45158196,3edb09d41378dfae155626fe72b75a2c4bde6a58,cff553233941e75169564d196f318bbdd728713e0809f049f5ada55d92b57e1e,7e25783c0a7c26e9b9f205121679098986989cb4fa109a54923972afe75d60ce,ac6168d8c51a9220ff3b88b5de5c6038c357dcd1c8a36c2a1f201e2293e484e8,False,dps,sensitivity,0.125,2,1,0.03,0.03,0,0.25,12.7613540016,0.205900972197,0.52432268858,0.453164964914,0.447052299976,-0.00611266493797,reconstructions/d4edbcc97ec00f079508e13004cf8c0e01806e2a1c89e0eb93c0e8df45158196/dps-sensitivity-0.125-2-1.pt
d4edbcc97ec00f079508e13004cf8c0e01806e2a1c89e0eb93c0e8df45158196,3edb09d41378dfae155626fe72b75a2c4bde6a58,cff553233941e75169564d196f318bbdd728713e0809f049f5ada55d92b57e1e,7e25783c0a7c26e9b9f205121679098986989cb4fa109a54923972afe75d60ce,ac6168d8c51a9220ff3b88b5de5c6038c357dcd1c8a36c2a1f201e2293e484e8,False,diffpir,sensitivity,0.125,2,1,0.03,0.03,0,0.25,6.14312579184,0.0046673629185,0.774167299271,0.322361081839,0.308898746967,-0.0134623348713,reconstructions/d4edbcc97ec00f079508e13004cf8c0e01806e2a1c89e0eb93c0e8df45158196/diffpir-sensitivity-0.125-2-1.pt
d4edbcc97ec00f079508e13004cf8c0e01806e2a1c89e0eb93c0e8df45158196,3edb09d41378dfae155626fe72b75a2c4bde6a58,cff553233941e75169564d196f318bbdd728713e0809f049f5ada55d92b57e1e,7e25783c0a7c26e9b9f205121679098986989cb4fa109a54923972afe75d60ce,ac6168d8c51a9220ff3b88b5de5c6038c357dcd1c8a36c2a1f201e2293e484e8,False,pigdm,sensitivity,0.125,2,1,0.03,0.03,0,0.25,23.9411705534,0.503461711093,0.334051847458,0.11093749851,0.0659928396344,-0.0449446588755,reconstructions/d4edbcc97ec00f079508e13004cf8c0e01806e2a1c89e0eb93c0e8df45158196/pigdm-sensitivity-0.125-2-1.pt
d4edbcc97ec00f079508e13004cf8c0e01806e2a1c89e0eb93c0e8df45158196,3edb09d41378dfae155626fe72b75a2c4bde6a58,cff553233941e75169564d196f318bbdd728713e0809f049f5ada55d92b57e1e,7e25783c0a7c26e9b9f205121679098986989cb4fa109a54923972afe75d60ce,ac6168d8c51a9220ff3b88b5de5c6038c357dcd1c8a36c2a1f201e2293e484e8,False,zero_filled,sensitivity,0.125,2,2,0.03,0.03,0,0.25,18.7018479232,0.526584978466,0.235596120358,0.115424603224,0.0631126761436,-0.0523119270802,reconstructions/d4edbcc97ec00f079508e13004cf8c0e01806e2a1c89e0eb93c0e8df45158196/zero_filled-sensitivity-0.125-2-2.pt
d4edbcc97ec00f079508e13004cf8c0e01806e2a1c89e0eb93c0e8df45158196,3edb09d41378dfae155626fe72b75a2c4bde6a58,cff553233941e75169564d196f318bbdd728713e0809f049f5ada55d92b57e1e,7e25783c0a7c26e9b9f205121679098986989cb4fa109a54923972afe75d60ce,ac6168d8c51a9220ff3b88b5de5c6038c357dcd1c8a36c2a1f201e2293e484e8,False,tv,sensitivity,0.125,2,2,0.03,0.03,0,0.25,20.8599909191,0.746614084959,0.0814105197787,0.111028634012,0.0553438663483,-0.0556847676635,reconstructions/d4edbcc97ec00f079508e13004cf8c0e01806e2a1c89e0eb93c0e8df45158196/tv-sensitivity-0.125-2-2.pt
d4edbcc97ec00f079508e13004cf8c0e01806e2a1c89e0eb93c0e8df45158196,3edb09d41378dfae155626fe72b75a2c4bde6a58,cff553233941e75169564d196f318bbdd728713e0809f049f5ada55d92b57e1e,7e25783c0a7c26e9b9f205121679098986989cb4fa109a54923972afe75d60ce,ac6168d8c51a9220ff3b88b5de5c6038c357dcd1c8a36c2a1f201e2293e484e8,False,dps,sensitivity,0.125,2,2,0.03,0.03,0,0.25,7.52665223152,0.0111630746575,0.421430706978,0.956261575222,0.949154913425,-0.00710666179657,reconstructions/d4edbcc97ec00f079508e13004cf8c0e01806e2a1c89e0eb93c0e8df45158196/dps-sensitivity-0.125-2-2.pt
d4edbcc97ec00f079508e13004cf8c0e01806e2a1c89e0eb93c0e8df45158196,3edb09d41378dfae155626fe72b75a2c4bde6a58,cff553233941e75169564d196f318bbdd728713e0809f049f5ada55d92b57e1e,7e25783c0a7c26e9b9f205121679098986989cb4fa109a54923972afe75d60ce,ac6168d8c51a9220ff3b88b5de5c6038c357dcd1c8a36c2a1f201e2293e484e8,False,diffpir,sensitivity,0.125,2,2,0.03,0.03,0,0.25,4.37367270822,0.013190180819,0.892079532146,0.879015147686,0.868684947491,-0.0103302001953,reconstructions/d4edbcc97ec00f079508e13004cf8c0e01806e2a1c89e0eb93c0e8df45158196/diffpir-sensitivity-0.125-2-2.pt
d4edbcc97ec00f079508e13004cf8c0e01806e2a1c89e0eb93c0e8df45158196,3edb09d41378dfae155626fe72b75a2c4bde6a58,cff553233941e75169564d196f318bbdd728713e0809f049f5ada55d92b57e1e,7e25783c0a7c26e9b9f205121679098986989cb4fa109a54923972afe75d60ce,ac6168d8c51a9220ff3b88b5de5c6038c357dcd1c8a36c2a1f201e2293e484e8,False,pigdm,sensitivity,0.125,2,2,0.03,0.03,0,0.25,18.1143425768,0.518669539818,0.111006267369,0.17806583643,0.150534614921,-0.027531221509,reconstructions/d4edbcc97ec00f079508e13004cf8c0e01806e2a1c89e0eb93c0e8df45158196/pigdm-sensitivity-0.125-2-2.pt
d4edbcc97ec00f079508e13004cf8c0e01806e2a1c89e0eb93c0e8df45158196,3edb09d41378dfae155626fe72b75a2c4bde6a58,cff553233941e75169564d196f318bbdd728713e0809f049f5ada55d92b57e1e,7e25783c0a7c26e9b9f205121679098986989cb4fa109a54923972afe75d60ce,ac6168d8c51a9220ff3b88b5de5c6038c357dcd1c8a36c2a1f201e2293e484e8,False,zero_filled,sensitivity,0.125,2,3,0.03,0.03,0,0.25,21.1229042036,0.602622610693,0.275991976261,0.0916396826506,0.04126233235,-0.0503773503006,reconstructions/d4edbcc97ec00f079508e13004cf8c0e01806e2a1c89e0eb93c0e8df45158196/zero_filled-sensitivity-0.125-2-3.pt
d4edbcc97ec00f079508e13004cf8c0e01806e2a1c89e0eb93c0e8df45158196,3edb09d41378dfae155626fe72b75a2c4bde6a58,cff553233941e75169564d196f318bbdd728713e0809f049f5ada55d92b57e1e,7e25783c0a7c26e9b9f205121679098986989cb4fa109a54923972afe75d60ce,ac6168d8c51a9220ff3b88b5de5c6038c357dcd1c8a36c2a1f201e2293e484e8,False,tv,sensitivity,0.125,2,3,0.03,0.03,0,0.25,24.7191440215,0.739691668043,0.186131447554,0.0903395861387,0.0388456955552,-0.0514938905835,reconstructions/d4edbcc97ec00f079508e13004cf8c0e01806e2a1c89e0eb93c0e8df45158196/tv-sensitivity-0.125-2-3.pt
d4edbcc97ec00f079508e13004cf8c0e01806e2a1c89e0eb93c0e8df45158196,3edb09d41378dfae155626fe72b75a2c4bde6a58,cff553233941e75169564d196f318bbdd728713e0809f049f5ada55d92b57e1e,7e25783c0a7c26e9b9f205121679098986989cb4fa109a54923972afe75d60ce,ac6168d8c51a9220ff3b88b5de5c6038c357dcd1c8a36c2a1f201e2293e484e8,False,dps,sensitivity,0.125,2,3,0.03,0.03,0,0.25,9.640533888,0.083701398018,0.522320151329,0.506125092506,0.504846096039,-0.00127899646759,reconstructions/d4edbcc97ec00f079508e13004cf8c0e01806e2a1c89e0eb93c0e8df45158196/dps-sensitivity-0.125-2-3.pt
d4edbcc97ec00f079508e13004cf8c0e01806e2a1c89e0eb93c0e8df45158196,3edb09d41378dfae155626fe72b75a2c4bde6a58,cff553233941e75169564d196f318bbdd728713e0809f049f5ada55d92b57e1e,7e25783c0a7c26e9b9f205121679098986989cb4fa109a54923972afe75d60ce,ac6168d8c51a9220ff3b88b5de5c6038c357dcd1c8a36c2a1f201e2293e484e8,False,diffpir,sensitivity,0.125,2,3,0.03,0.03,0,0.25,5.47837045077,0.000625126557914,0.988873004913,0.39540040493,0.393513053656,-0.00188735127449,reconstructions/d4edbcc97ec00f079508e13004cf8c0e01806e2a1c89e0eb93c0e8df45158196/diffpir-sensitivity-0.125-2-3.pt
d4edbcc97ec00f079508e13004cf8c0e01806e2a1c89e0eb93c0e8df45158196,3edb09d41378dfae155626fe72b75a2c4bde6a58,cff553233941e75169564d196f318bbdd728713e0809f049f5ada55d92b57e1e,7e25783c0a7c26e9b9f205121679098986989cb4fa109a54923972afe75d60ce,ac6168d8c51a9220ff3b88b5de5c6038c357dcd1c8a36c2a1f201e2293e484e8,False,pigdm,sensitivity,0.125,2,3,0.03,0.03,0,0.25,20.6355645277,0.59495958551,0.175393179059,0.109618015587,0.0737229213119,-0.0358950942755,reconstructions/d4edbcc97ec00f079508e13004cf8c0e01806e2a1c89e0eb93c0e8df45158196/pigdm-sensitivity-0.125-2-3.pt
d4edbcc97ec00f079508e13004cf8c0e01806e2a1c89e0eb93c0e8df45158196,3edb09d41378dfae155626fe72b75a2c4bde6a58,cff553233941e75169564d196f318bbdd728713e0809f049f5ada55d92b57e1e,7e25783c0a7c26e9b9f205121679098986989cb4fa109a54923972afe75d60ce,ac6168d8c51a9220ff3b88b5de5c6038c357dcd1c8a36c2a1f201e2293e484e8,False,zero_filled,sensitivity,0.125,2,4,0.03,0.03,0,0.25,20.6588229952,0.683680944128,0.244874984026,0.0777601376176,0.0374151282012,-0.0403450094163,reconstructions/d4edbcc97ec00f079508e13004cf8c0e01806e2a1c89e0eb93c0e8df45158196/zero_filled-sensitivity-0.125-2-4.pt
d4edbcc97ec00f079508e13004cf8c0e01806e2a1c89e0eb93c0e8df45158196,3edb09d41378dfae155626fe72b75a2c4bde6a58,cff553233941e75169564d196f318bbdd728713e0809f049f5ada55d92b57e1e,7e25783c0a7c26e9b9f205121679098986989cb4fa109a54923972afe75d60ce,ac6168d8c51a9220ff3b88b5de5c6038c357dcd1c8a36c2a1f201e2293e484e8,False,tv,sensitivity,0.125,2,4,0.03,0.03,0,0.25,21.072211197,0.690431244731,0.120844729245,0.0756366029382,0.0348815284669,-0.0407550744712,reconstructions/d4edbcc97ec00f079508e13004cf8c0e01806e2a1c89e0eb93c0e8df45158196/tv-sensitivity-0.125-2-4.pt
d4edbcc97ec00f079508e13004cf8c0e01806e2a1c89e0eb93c0e8df45158196,3edb09d41378dfae155626fe72b75a2c4bde6a58,cff553233941e75169564d196f318bbdd728713e0809f049f5ada55d92b57e1e,7e25783c0a7c26e9b9f205121679098986989cb4fa109a54923972afe75d60ce,ac6168d8c51a9220ff3b88b5de5c6038c357dcd1c8a36c2a1f201e2293e484e8,False,dps,sensitivity,0.125,2,4,0.03,0.03,0,0.25,9.36673165031,0.00996081658293,0.23479911685,0.486577033997,0.486078560352,-0.000498473644257,reconstructions/d4edbcc97ec00f079508e13004cf8c0e01806e2a1c89e0eb93c0e8df45158196/dps-sensitivity-0.125-2-4.pt
d4edbcc97ec00f079508e13004cf8c0e01806e2a1c89e0eb93c0e8df45158196,3edb09d41378dfae155626fe72b75a2c4bde6a58,cff553233941e75169564d196f318bbdd728713e0809f049f5ada55d92b57e1e,7e25783c0a7c26e9b9f205121679098986989cb4fa109a54923972afe75d60ce,ac6168d8c51a9220ff3b88b5de5c6038c357dcd1c8a36c2a1f201e2293e484e8,False,diffpir,sensitivity,0.125,2,4,0.03,0.03,0,0.25,5.22603086428,0.0142717756938,0.965547502041,0.417379438877,0.418494224548,0.00111478567123,reconstructions/d4edbcc97ec00f079508e13004cf8c0e01806e2a1c89e0eb93c0e8df45158196/diffpir-sensitivity-0.125-2-4.pt
d4edbcc97ec00f079508e13004cf8c0e01806e2a1c89e0eb93c0e8df45158196,3edb09d41378dfae155626fe72b75a2c4bde6a58,cff553233941e75169564d196f318bbdd728713e0809f049f5ada55d92b57e1e,7e25783c0a7c26e9b9f205121679098986989cb4fa109a54923972afe75d60ce,ac6168d8c51a9220ff3b88b5de5c6038c357dcd1c8a36c2a1f201e2293e484e8,False,pigdm,sensitivity,0.125,2,4,0.03,0.03,0,0.25,20.1637176032,0.564514167592,0.0870079621673,0.0831387042999,0.0495420210063,-0.0335966832936,reconstructions/d4edbcc97ec00f079508e13004cf8c0e01806e2a1c89e0eb93c0e8df45158196/pigdm-sensitivity-0.125-2-4.pt
d4edbcc97ec00f079508e13004cf8c0e01806e2a1c89e0eb93c0e8df45158196,3edb09d41378dfae155626fe72b75a2c4bde6a58,cff553233941e75169564d196f318bbdd728713e0809f049f5ada55d92b57e1e,7e25783c0a7c26e9b9f205121679098986989cb4fa109a54923972afe75d60ce,ac6168d8c51a9220ff3b88b5de5c6038c357dcd1c8a36c2a1f201e2293e484e8,False,zero_filled,sensitivity,0.125,2,5,0.03,0.03,0,0.25,20.7472016352,0.570317122635,0.385149419308,0.0879008993506,0.0334152989089,-0.0544856004417,reconstructions/d4edbcc97ec00f079508e13004cf8c0e01806e2a1c89e0eb93c0e8df45158196/zero_filled-sensitivity-0.125-2-5.pt
d4edbcc97ec00f079508e13004cf8c0e01806e2a1c89e0eb93c0e8df45158196,3edb09d41378dfae155626fe72b75a2c4bde6a58,cff553233941e75169564d196f318bbdd728713e0809f049f5ada55d92b57e1e,7e25783c0a7c26e9b9f205121679098986989cb4fa109a54923972afe75d60ce,ac6168d8c51a9220ff3b88b5de5c6038c357dcd1c8a36c2a1f201e2293e484e8,False,tv,sensitivity,0.125,2,5,0.03,0.03,0,0.25,20.9523700615,0.526216797875,0.294366568327,0.0911309197545,0.0410589128733,-0.0500720068812,reconstructions/d4edbcc97ec00f079508e13004cf8c0e01806e2a1c89e0eb93c0e8df45158196/tv-sensitivity-0.125-2-5.pt
d4edbcc97ec00f079508e13004cf8c0e01806e2a1c89e0eb93c0e8df45158196,3edb09d41378dfae155626fe72b75a2c4bde6a58,cff553233941e75169564d196f318bbdd728713e0809f049f5ada55d92b57e1e,7e25783c0a7c26e9b9f205121679098986989cb4fa109a54923972afe75d60ce,ac6168d8c51a9220ff3b88b5de5c6038c357dcd1c8a36c2a1f201e2293e484e8,False,dps,sensitivity,0.125,2,5,0.03,0.03,0,0.25,9.89273803593,0.082036447877,0.573184847832,0.452187359333,0.440525025129,-0.0116623342037,reconstructions/d4edbcc97ec00f079508e13004cf8c0e01806e2a1c89e0eb93c0e8df45158196/dps-sensitivity-0.125-2-5.pt
d4edbcc97ec00f079508e13004cf8c0e01806e2a1c89e0eb93c0e8df45158196,3edb09d41378dfae155626fe72b75a2c4bde6a58,cff553233941e75169564d196f318bbdd728713e0809f049f5ada55d92b57e1e,7e25783c0a7c26e9b9f205121679098986989cb4fa109a54923972afe75d60ce,ac6168d8c51a9220ff3b88b5de5c6038c357dcd1c8a36c2a1f201e2293e484e8,False,diffpir,sensitivity,0.125,2,5,0.03,0.03,0,0.25,5.55551353235,0.0208927608452,0.860518872738,0.354771137238,0.349369496107,-0.00540164113045,reconstructions/d4edbcc97ec00f079508e13004cf8c0e01806e2a1c89e0eb93c0e8df45158196/diffpir-sensitivity-0.125-2-5.pt
d4edbcc97ec00f079508e13004cf8c0e01806e2a1c89e0eb93c0e8df45158196,3edb09d41378dfae155626fe72b75a2c4bde6a58,cff553233941e75169564d196f318bbdd728713e0809f049f5ada55d92b57e1e,7e25783c0a7c26e9b9f205121679098986989cb4fa109a54923972afe75d60ce,ac6168d8c51a9220ff3b88b5de5c6038c357dcd1c8a36c2a1f201e2293e484e8,False,pigdm,sensitivity,0.125,2,5,0.03,0.03,0,0.25,19.8475141989,0.42298043617,0.241243094206,0.0996551513672,0.0566128343344,-0.0430423170328,reconstructions/d4edbcc97ec00f079508e13004cf8c0e01806e2a1c89e0eb93c0e8df45158196/pigdm-sensitivity-0.125-2-5.pt
d4edbcc97ec00f079508e13004cf8c0e01806e2a1c89e0eb93c0e8df45158196,3edb09d41378dfae155626fe72b75a2c4bde6a58,cff553233941e75169564d196f318bbdd728713e0809f049f5ada55d92b57e1e,7e25783c0a7c26e9b9f205121679098986989cb4fa109a54923972afe75d60ce,ac6168d8c51a9220ff3b88b5de5c6038c357dcd1c8a36c2a1f201e2293e484e8,False,zero_filled,sensitivity,0.125,2,6,0.03,0.03,0,0.25,17.3883564836,0.461207623318,0.308973222971,0.118451148272,0.0727222859859,-0.0457288622856,reconstructions/d4edbcc97ec00f079508e13004cf8c0e01806e2a1c89e0eb93c0e8df45158196/zero_filled-sensitivity-0.125-2-6.pt
d4edbcc97ec00f079508e13004cf8c0e01806e2a1c89e0eb93c0e8df45158196,3edb09d41378dfae155626fe72b75a2c4bde6a58,cff553233941e75169564d196f318bbdd728713e0809f049f5ada55d92b57e1e,7e25783c0a7c26e9b9f205121679098986989cb4fa109a54923972afe75d60ce,ac6168d8c51a9220ff3b88b5de5c6038c357dcd1c8a36c2a1f201e2293e484e8,False,tv,sensitivity,0.125,2,6,0.03,0.03,0,0.25,19.4231631345,0.643995306744,0.127420127392,0.112247936428,0.0606284998357,-0.0516194365919,reconstructions/d4edbcc97ec00f079508e13004cf8c0e01806e2a1c89e0eb93c0e8df45158196/tv-sensitivity-0.125-2-6.pt
d4edbcc97ec00f079508e13004cf8c0e01806e2a1c89e0eb93c0e8df45158196,3edb09d41378dfae155626fe72b75a2c4bde6a58,cff553233941e75169564d196f318bbdd728713e0809f049f5ada55d92b57e1e,7e25783c0a7c26e9b9f205121679098986989cb4fa109a54923972afe75d60ce,ac6168d8c51a9220ff3b88b5de5c6038c357dcd1c8a36c2a1f201e2293e484e8,False,dps,sensitivity,0.125,2,6,0.03,0.03,0,0.25,4.31230100984,-0.00880697244388,0.522760570049,1.48978984356,1.47648012638,-0.0133097171783,reconstructions/d4edbcc97ec00f079508e13004cf8c0e01806e2a1c89e0eb93c0e8df45158196/dps-sensitivity-0.125-2-6.pt
d4edbcc97ec00f079508e13004cf8c0e01806e2a1c89e0eb93c0e8df45158196,3edb09d41378dfae155626fe72b75a2c4bde6a58,cff553233941e75169564d196f318bbdd728713e0809f049f5ada55d92b57e1e,7e25783c0a7c26e9b9f205121679098986989cb4fa109a54923972afe75d60ce,ac6168d8c51a9220ff3b88b5de5c6038c357dcd1c8a36c2a1f201e2293e484e8,False,diffpir,sensitivity,0.125,2,6,0.03,0.03,0,0.25,4.2405920527,-0.00120807308947,0.888323187828,0.925048470497,0.915991485119,-0.00905698537827,reconstructions/d4edbcc97ec00f079508e13004cf8c0e01806e2a1c89e0eb93c0e8df45158196/diffpir-sensitivity-0.125-2-6.pt
d4edbcc97ec00f079508e13004cf8c0e01806e2a1c89e0eb93c0e8df45158196,3edb09d41378dfae155626fe72b75a2c4bde6a58,cff553233941e75169564d196f318bbdd728713e0809f049f5ada55d92b57e1e,7e25783c0a7c26e9b9f205121679098986989cb4fa109a54923972afe75d60ce,ac6168d8c51a9220ff3b88b5de5c6038c357dcd1c8a36c2a1f201e2293e484e8,False,pigdm,sensitivity,0.125,2,6,0.03,0.03,0,0.25,17.7152172499,0.47156706881,0.135146349669,0.167732715607,0.139741405845,-0.027991309762,reconstructions/d4edbcc97ec00f079508e13004cf8c0e01806e2a1c89e0eb93c0e8df45158196/pigdm-sensitivity-0.125-2-6.pt
d4edbcc97ec00f079508e13004cf8c0e01806e2a1c89e0eb93c0e8df45158196,3edb09d41378dfae155626fe72b75a2c4bde6a58,cff553233941e75169564d196f318bbdd728713e0809f049f5ada55d92b57e1e,7e25783c0a7c26e9b9f205121679098986989cb4fa109a54923972afe75d60ce,ac6168d8c51a9220ff3b88b5de5c6038c357dcd1c8a36c2a1f201e2293e484e8,False,zero_filled,sensitivity,0.125,2,7,0.03,0.03,0,0.25,19.7138660609,0.581198857586,0.260341435671,0.0930283367634,0.0611008293927,-0.0319275073707,reconstructions/d4edbcc97ec00f079508e13004cf8c0e01806e2a1c89e0eb93c0e8df45158196/zero_filled-sensitivity-0.125-2-7.pt
d4edbcc97ec00f079508e13004cf8c0e01806e2a1c89e0eb93c0e8df45158196,3edb09d41378dfae155626fe72b75a2c4bde6a58,cff553233941e75169564d196f318bbdd728713e0809f049f5ada55d92b57e1e,7e25783c0a7c26e9b9f205121679098986989cb4fa109a54923972afe75d60ce,ac6168d8c51a9220ff3b88b5de5c6038c357dcd1c8a36c2a1f201e2293e484e8,False,tv,sensitivity,0.125,2,7,0.03,0.03,0,0.25,21.498380611,0.710925582158,0.0977516621351,0.087850548327,0.0544281043112,-0.0334224440157,reconstructions/d4edbcc97ec00f079508e13004cf8c0e01806e2a1c89e0eb93c0e8df45158196/tv-sensitivity-0.125-2-7.pt
d4edbcc97ec00f079508e13004cf8c0e01806e2a1c89e0eb93c0e8df45158196,3edb09d41378dfae155626fe72b75a2c4bde6a58,cff553233941e75169564d196f318bbdd728713e0809f049f5ada55d92b57e1e,7e25783c0a7c26e9b9f205121679098986989cb4fa109a54923972afe75d60ce,ac6168d8c51a9220ff3b88b5de5c6038c357dcd1c8a36c2a1f201e2293e484e8,False,dps,sensitivity,0.125,2,7,0.03,0.03,0,0.25,6.66474697169,0.0748961367398,0.577841997147,1.05330944061,1.04679441452,-0.00651502609253,reconstructions/d4edbcc97ec00f079508e13004cf8c0e01806e2a1c89e0eb93c0e8df45158196/dps-sensitivity-0.125-2-7.pt
d4edbcc97ec00f079508e13004cf8c0e01806e2a1c89e0eb93c0e8df45158196,3edb09d41378dfae155626fe72b75a2c4bde6a58,cff553233941e75169564d196f318bbdd728713e0809f049f5ada55d92b57e1e,7e25783c0a7c26e9b9f205121679098986989cb4fa109a54923972afe75d60ce,ac6168d8c51a9220ff3b88b5de5c6038c357dcd1c8a36c2a1f201e2293e484e8,False,diffpir,sensitivity,0.125,2,7,0.03,0.03,0,0.25,4.64466084492,0.000960096845851,0.984410881996,0.781179249287,0.777073025703,-0.00410622358322,reconstructions/d4edbcc97ec00f079508e13004cf8c0e01806e2a1c89e0eb93c0e8df45158196/diffpir-sensitivity-0.125-2-7.pt
d4edbcc97ec00f079508e13004cf8c0e01806e2a1c89e0eb93c0e8df45158196,3edb09d41378dfae155626fe72b75a2c4bde6a58,cff553233941e75169564d196f318bbdd728713e0809f049f5ada55d92b57e1e,7e25783c0a7c26e9b9f205121679098986989cb4fa109a54923972afe75d60ce,ac6168d8c51a9220ff3b88b5de5c6038c357dcd1c8a36c2a1f201e2293e484e8,False,pigdm,sensitivity,0.125,2,7,0.03,0.03,0,0.25,19.9911342641,0.532381162717,0.123357176781,0.148318827152,0.131805419922,-0.0165134072304,reconstructions/d4edbcc97ec00f079508e13004cf8c0e01806e2a1c89e0eb93c0e8df45158196/pigdm-sensitivity-0.125-2-7.pt
d4edbcc97ec00f079508e13004cf8c0e01806e2a1c89e0eb93c0e8df45158196,3edb09d41378dfae155626fe72b75a2c4bde6a58,cff553233941e75169564d196f318bbdd728713e0809f049f5ada55d92b57e1e,7e25783c0a7c26e9b9f205121679098986989cb4fa109a54923972afe75d60ce,ac6168d8c51a9220ff3b88b5de5c6038c357dcd1c8a36c2a1f201e2293e484e8,False,zero_filled,sensitivity,0.25,0,0,0.03,0.03,0,0.25,22.318028792,0.657101770439,0.218617558479,0.167471975088,0.0513497851789,-0.116122189909,reconstructions/d4edbcc97ec00f079508e13004cf8c0e01806e2a1c89e0eb93c0e8df45158196/zero_filled-sensitivity-0.25-0-0.pt
d4edbcc97ec00f079508e13004cf8c0e01806e2a1c89e0eb93c0e8df45158196,3edb09d41378dfae155626fe72b75a2c4bde6a58,cff553233941e75169564d196f318bbdd728713e0809f049f5ada55d92b57e1e,7e25783c0a7c26e9b9f205121679098986989cb4fa109a54923972afe75d60ce,ac6168d8c51a9220ff3b88b5de5c6038c357dcd1c8a36c2a1f201e2293e484e8,False,tv,sensitivity,0.25,0,0,0.03,0.03,0,0.25,23.2912863607,0.68885779595,0.113297253847,0.166224911809,0.0502072460949,-0.116017665714,reconstructions/d4edbcc97ec00f079508e13004cf8c0e01806e2a1c89e0eb93c0e8df45158196/tv-sensitivity-0.25-0-0.pt
d4edbcc97ec00f079508e13004cf8c0e01806e2a1c89e0eb93c0e8df45158196,3edb09d41378dfae155626fe72b75a2c4bde6a58,cff553233941e75169564d196f318bbdd728713e0809f049f5ada55d92b57e1e,7e25783c0a7c26e9b9f205121679098986989cb4fa109a54923972afe75d60ce,ac6168d8c51a9220ff3b88b5de5c6038c357dcd1c8a36c2a1f201e2293e484e8,False,dps,sensitivity,0.25,0,0,0.03,0.03,0,0.25,7.76025704675,0.0636170255764,0.387625962496,0.639216184616,0.629633486271,-0.00958269834518,reconstructions/d4edbcc97ec00f079508e13004cf8c0e01806e2a1c89e0eb93c0e8df45158196/dps-sensitivity-0.25-0-0.pt
d4edbcc97ec00f079508e13004cf8c0e01806e2a1c89e0eb93c0e8df45158196,3edb09d41378dfae155626fe72b75a2c4bde6a58,cff553233941e75169564d196f318bbdd728713e0809f049f5ada55d92b57e1e,7e25783c0a7c26e9b9f205121679098986989cb4fa109a54923972afe75d60ce,ac6168d8c51a9220ff3b88b5de5c6038c357dcd1c8a36c2a1f201e2293e484e8,False,diffpir,sensitivity,0.25,0,0,0.03,0.03,0,0.25,5.83128079502,0.0126635379668,1.04701185226,0.338177919388,0.306790202856,-0.0313877165318,reconstructions/d4edbcc97ec00f079508e13004cf8c0e01806e2a1c89e0eb93c0e8df45158196/diffpir-sensitivity-0.25-0-0.pt
d4edbcc97ec00f079508e13004cf8c0e01806e2a1c89e0eb93c0e8df45158196,3edb09d41378dfae155626fe72b75a2c4bde6a58,cff553233941e75169564d196f318bbdd728713e0809f049f5ada55d92b57e1e,7e25783c0a7c26e9b9f205121679098986989cb4fa109a54923972afe75d60ce,ac6168d8c51a9220ff3b88b5de5c6038c357dcd1c8a36c2a1f201e2293e484e8,False,pigdm,sensitivity,0.25,0,0,0.03,0.03,0,0.25,21.8969886415,0.612629303073,0.138036549091,0.171760335565,0.0631071105599,-0.108653225005,reconstructions/d4edbcc97ec00f079508e13004cf8c0e01806e2a1c89e0eb93c0e8df45158196/pigdm-sensitivity-0.25-0-0.pt
d4edbcc97ec00f079508e13004cf8c0e01806e2a1c89e0eb93c0e8df45158196,3edb09d41378dfae155626fe72b75a2c4bde6a58,cff553233941e75169564d196f318bbdd728713e0809f049f5ada55d92b57e1e,7e25783c0a7c26e9b9f205121679098986989cb4fa109a54923972afe75d60ce,ac6168d8c51a9220ff3b88b5de5c6038c357dcd1c8a36c2a1f201e2293e484e8,False,zero_filled,sensitivity,0.25,0,1,0.03,0.03,0,0.25,24.6836148415,0.668830321654,0.482158184052,0.183147221804,0.0533437430859,-0.129803478718,reconstructions/d4edbcc97ec00f079508e13004cf8c0e01806e2a1c89e0eb93c0e8df45158196/zero_filled-sensitivity-0.25-0-1.pt
d4edbcc97ec00f079508e13004cf8c0e01806e2a1c89e0eb93c0e8df45158196,3edb09d41378dfae155626fe72b75a2c4bde6a58,cff553233941e75169564d196f318bbdd728713e0809f049f5ada55d92b57e1e,7e25783c0a7c26e9b9f205121679098986989cb4fa109a54923972afe75d60ce,ac6168d8c51a9220ff3b88b5de5c6038c357dcd1c8a36c2a1f201e2293e484e8,False,tv,sensitivity,0.25,0,1,0.03,0.03,0,0.25,25.6234628972,0.629463191277,0.387048453093,0.183946356177,0.0606861002743,-0.123260255903,reconstructions/d4edbcc97ec00f079508e13004cf8c0e01806e2a1c89e0eb93c0e8df45158196/tv-sensitivity-0.25-0-1.pt
d4edbcc97ec00f079508e13004cf8c0e01806e2a1c89e0eb93c0e8df45158196,3edb09d41378dfae155626fe72b75a2c4bde6a58,cff553233941e75169564d196f318bbdd728713e0809f049f5ada55d92b57e1e,7e25783c0a7c26e9b9f205121679098986989cb4fa109a54923972afe75d60ce,ac6168d8c51a9220ff3b88b5de5c6038c357dcd1c8a36c2a1f201e2293e484e8,False,dps,sensitivity,0.25,0,1,0.03,0.03,0,0.25,12.9239625617,0.11069061066,0.516494750977,0.464298039675,0.426094353199,-0.0382036864758,reconstructions/d4edbcc97ec00f079508e13004cf8c0e01806e2a1c89e0eb93c0e8df45158196/dps-sensitivity-0.25-0-1.pt
d4edbcc97ec00f079508e13004cf8c0e01806e2a1c89e0eb93c0e8df45158196,3edb09d41378dfae155626fe72b75a2c4bde6a58,cff553233941e75169564d196f318bbdd728713e0809f049f5ada55d92b57e1e,7e25783c0a7c26e9b9f205121679098986989cb4fa109a54923972afe75d60ce,ac6168d8c51a9220ff3b88b5de5c6038c357dcd1c8a36c2a1f201e2293e484e8,False,diffpir,sensitivity,0.25,0,1,0.03,0.03,0,0.25,6.15502605192,0.0109789703759,0.787381052971,0.36691069603,0.323560118675,-0.0433505773544,reconstructions/d4edbcc97ec00f079508e13004cf8c0e01806e2a1c89e0eb93c0e8df45158196/diffpir-sensitivity-0.25-0-1.pt
d4edbcc97ec00f079508e13004cf8c0e01806e2a1c89e0eb93c0e8df45158196,3edb09d41378dfae155626fe72b75a2c4bde6a58,cff553233941e75169564d196f318bbdd728713e0809f049f5ada55d92b57e1e,7e25783c0a7c26e9b9f205121679098986989cb4fa109a54923972afe75d60ce,ac6168d8c51a9220ff3b88b5de5c6038c357dcd1c8a36c2a1f201e2293e484e8,False,pigdm,sensitivity,0.25,0,1,0.03,0.03,0,0.25,24.3497545536,0.527199590695,0.424688398838,0.191045731306,0.0763952210546,-0.114650510252,reconstructions/d4edbcc97ec00f079508e13004cf8c0e01806e2a1c89e0eb93c0e8df45158196/pigdm-sensitivity-0.25-0-1.pt
d4edbcc97ec00f079508e13004cf8c0e01806e2a1c89e0eb93c0e8df45158196,3edb09d41378dfae155626fe72b75a2c4bde6a58,cff553233941e75169564d196f318bbdd728713e0809f049f5ada55d92b57e1e,7e25783c0a7c26e9b9f205121679098986989cb4fa109a54923972afe75d60ce,ac6168d8c51a9220ff3b88b5de5c6038c357dcd1c8a36c2a1f201e2293e484e8,False,zero_filled,sensitivity,0.25,0,2,0.03,0.03,0,0.25,19.6102692195,0.564007310908,0.214557170868,0.213232561946,0.0873966068029,-0.125835955143,reconstructions/d4edbcc97ec00f079508e13004cf8c0e01806e2a1c89e0eb93c0e8df45158196/zero_filled-sensitivity-0.25-0-2.pt
d4edbcc97ec00f079508e13004cf8c0e01806e2a1c89e0eb93c0e8df45158196,3edb09d41378dfae155626fe72b75a2c4bde6a58,cff553233941e75169564d196f318bbdd728713e0809f049f5ada55d92b57e1e,7e25783c0a7c26e9b9f205121679098986989cb4fa109a54923972afe75d60ce,ac6168d8c51a9220ff3b88b5de5c6038c357dcd1c8a36c2a1f201e2293e484e8,False,tv,sensitivity,0.25,0,2,0.03,0.03,0,0.25,22.7417534702,0.811253985752,0.047711879015,0.20405831933,0.06513415277,-0.13892416656,reconstructions/d4edbcc97ec00f079508e13004cf8c0e01806e2a1c89e0eb93c0e8df45158196/tv-sensitivity-0.25-0-2.pt
d4edbcc97ec00f079508e13004cf8c0e01806e2a1c89e0eb93c0e8df45158196,3edb09d41378dfae155626fe72b75a2c4bde6a58,cff553233941e75169564d196f318bbdd728713e0809f049f5ada55d92b57e1e,7e25783c0a7c26e9b9f205121679098986989cb4fa109a54923972afe75d60ce,ac6168d8c51a9220ff3b88b5de5c6038c357dcd1c8a36c2a1f201e2293e484e8,False,dps,sensitivity,0.25,0,2,0.03,0.03,0,0.25,11.3659413123,0.181744507977,0.147737950087,0.584831058979,0.563830316067,-0.0210007429123,reconstructions/d4edbcc97ec00f079508e13004cf8c0e01806e2a1c89e0eb93c0e8df45158196/dps-sensitivity-0.25-0-2.pt
d4edbcc97ec00f079508e13004cf8c0e01806e2a1c89e0eb93c0e8df45158196,3edb09d41378dfae155626fe72b75a2c4bde6a58,cff553233941e75169564d196f318bbdd728713e0809f049f5ada55d92b57e1e,7e25783c0a7c26e9b9f205121679098986989cb4fa109a54923972afe75d60ce,ac6168d8c51a9220ff3b88b5de5c6038c357dcd1c8a36c2a1f201e2293e484e8,False,diffpir,sensitivity,0.25,0,2,0.03,0.03,0,0.25,4.43912220481,0.0150596520902,0.96363735199,0.874533116817,0.847291529179,-0.0272415876389,reconstructions/d4edbcc97ec00f079508e13004cf8c0e01806e2a1c89e0eb93c0e8df45158196/diffpir-sensitivity-0.25-0-2.pt
d4edbcc97ec00f079508e13004cf8c0e01806e2a1c89e0eb93c0e8df45158196,3edb09d41378dfae155626fe72b75a2c4bde6a58,cff553233941e75169564d196f318bbdd728713e0809f049f5ada55d92b57e1e,7e25783c0a7c26e9b9f205121679098986989cb4fa109a54923972afe75d60ce,ac6168d8c51a9220ff3b88b5de5c6038c357dcd1c8a36c2a1f201e2293e484e8,False,pigdm,sensitivity,0.25,0,2,0.03,0.03,0,0.25,17.5740373267,0.523837654928,0.140767902136,0.293738186359,0.216391041875,-0.0773471444845,reconstructions/d4edbcc97ec00f079508e13004cf8c0e01806e2a1c89e0eb93c0e8df45158196/pigdm-sensitivity-0.25-0-2.pt
d4edbcc97ec00f079508e13004cf8c0e01806e2a1c89e0eb93c0e8df45158196,3edb09d41378dfae155626fe72b75a2c4bde6a58,cff553233941e75169564d196f318bbdd728713e0809f049f5ada55d92b57e1e,7e25783c0a7c26e9b9f205121679098986989cb4fa109a54923972afe75d60ce,ac6168d8c51a9220ff3b88b5de5c6038c357dcd1c8a36c2a1f201e2293e484e8,False,zero_filled,sensitivity,0.25,0,3,0.03,0.03,0,0.25,21.6745041716,0.592734414519,0.288989186287,0.173781812191,0.0569379664958,-0.116843845695,reconstructions/d4edbcc97ec00f079508e13004cf8c0e01806e2a1c89e0eb93c0e8df45158196/zero_filled-sensitivity-0.25-0-3.pt
d4edbcc97ec00f079508e13004cf8c0e01806e2a1c89e0eb93c0e8df45158196,3edb09d41378dfae155626fe72b75a2c4bde6a58,cff553233941e75169564d196f318bbdd728713e0809f049f5ada55d92b57e1e,7e25783c0a7c26e9b9f205121679098986989cb4fa109a54923972afe75d60ce,ac6168d8c51a9220ff3b88b5de5c6038c357dcd1c8a36c2a1f201e2293e484e8,False,tv,sensitivity,0.25,0,3,0.03,0.03,0,0.25,25.8182742946,0.759055252713,0.171970337629,0.171150386333,0.0490689091384,-0.122081477195,reconstructions/d4edbcc97ec00f079508e13004cf8c0e01806e2a1c89e0eb93c0e8df45158196/tv-sensitivity-0.25-0-3.pt
d4edbcc97ec00f079508e13004cf8c0e01806e2a1c89e0eb93c0e8df45158196,3edb09d41378dfae155626fe72b75a2c4bde6a58,cff553233941e75169564d196f318bbdd728713e0809f049f5ada55d92b57e1e,7e25783c0a7c26e9b9f205121679098986989cb4fa109a54923972afe75d60ce,ac6168d8c51a9220ff3b88b5de5c6038c357dcd1c8a36c2a1f201e2293e484e8,False,dps,sensitivity,0.25,0,3,0.03,0.03,0,0.25,5.55680995506,0.0365379912297,0.594481647015,0.848690152168,0.851655960083,0.00296580791473,reconstructions/d4edbcc97ec00f079508e13004cf8c0e01806e2a1c89e0eb93c0e8df45158196/dps-sensitivity-0.25-0-3.pt
d4edbcc97ec00f079508e13004cf8c0e01806e2a1c89e0eb93c0e8df45158196,3edb09d41378dfae155626fe72b75a2c4bde6a58,cff553233941e75169564d196f318bbdd728713e0809f049f5ada55d92b57e1e,7e25783c0a7c26e9b9f205121679098986989cb4fa109a54923972afe75d60ce,ac6168d8c51a9220ff3b88b5de5c6038c357dcd1c8a36c2a1f201e2293e484e8,False,diffpir,sensitivity,0.25,0,3,0.03,0.03,0,0.25,5.49565773092,0.00673668682568,1.00023627281,0.410972982645,0.393670648336,-0.0173023343086,reconstructions/d4edbcc97ec00f079508e13004cf8c0e01806e2a1c89e0eb93c0e8df45158196/diffpir-sensitivity-0.25-0-3.pt
d4edbcc97ec00f079508e13004cf8c0e01806e2a1c89e0eb93c0e8df45158196,3edb09d41378dfae155626fe72b75a2c4bde6a58,cff553233941e75169564d196f318bbdd728713e0809f049f5ada55d92b57e1e,7e25783c0a7c26e9b9f205121679098986989cb4fa109a54923972afe75d60ce,ac6168d8c51a9220ff3b88b5de5c6038c357dcd1c8a36c2a1f201e2293e484e8,False,pigdm,sensitivity,0.25,0,3,0.03,0.03,0,0.25,21.6914640245,0.574841398651,0.151501476765,0.184206068516,0.0852878391743,-0.0989182293415,reconstructions/d4edbcc97ec00f079508e13004cf8c0e01806e2a1c89e0eb93c0e8df45158196/pigdm-sensitivity-0.25-0-3.pt
d4edbcc97ec00f079508e13004cf8c0e01806e2a1c89e0eb93c0e8df45158196,3edb09d41378dfae155626fe72b75a2c4bde6a58,cff553233941e75169564d196f318bbdd728713e0809f049f5ada55d92b57e1e,7e25783c0a7c26e9b9f205121679098986989cb4fa109a54923972afe75d60ce,ac6168d8c51a9220ff3b88b5de5c6038c357dcd1c8a36c2a1f201e2293e484e8,False,zero_filled,sensitivity,0.25,0,4,0.03,0.03,0,0.25,21.3904589131,0.726700745157,0.161852255464,0.143849462271,0.05421179533,-0.0896376669407,reconstructions/d4edbcc97ec00f079508e13004cf8c0e01806e2a1c89e0eb93c0e8df45158196/zero_filled-sensitivity-0.25-0-4.pt
d4edbcc97ec00f079508e13004cf8c0e01806e2a1c89e0eb93c0e8df45158196,3edb09d41378dfae155626fe72b75a2c4bde6a58,cff553233941e75169564d196f318bbdd728713e0809f049f5ada55d92b57e1e,7e25783c0a7c26e9b9f205121679098986989cb4fa109a54923972afe75d60ce,ac6168d8c51a9220ff3b88b5de5c6038c357dcd1c8a36c2a1f201e2293e484e8,False,tv,sensitivity,0.25,0,4,0.03,0.03,0,0.25,23.2321844117,0.78294096546,0.0761785209179,0.140150308609,0.0477378070354,-0.0924125015736,reconstructions/d4edbcc97ec00f079508e13004cf8c0e01806e2a1c89e0eb93c0e8df45158196/tv-sensitivity-0.25-0-4.pt
d4edbcc97ec00f079508e13004cf8c0e01806e2a1c89e0eb93c0e8df45158196,3edb09d41378dfae155626fe72b75a2c4bde6a58,cff553233941e75169564d196f318bbdd728713e0809f049f5ada55d92b57e1e,7e25783c0a7c26e9b9f205121679098986989cb4fa109a54923972afe75d60ce,ac6168d8c51a9220ff3b88b5de5c6038c357dcd1c8a36c2a1f201e2293e484e8,False,dps,sensitivity,0.25,0,4,0.03,0.03,0,0.25,10.9407302266,0.110814717952,0.216921672225,0.439655840397,0.41529199481,-0.0243638455868,reconstructions/d4edbcc97ec00f079508e13004cf8c0e01806e2a1c89e0eb93c0e8df45158196/dps-sensitivity-0.25-0-4.pt
d4edbcc97ec00f079508e13004cf8c0e01806e2a1c89e0eb93c0e8df45158196,3edb09d41378dfae155626fe72b75a2c4bde6a58,cff553233941e75169564d196f318bbdd728713e0809f049f5ada55d92b57e1e,7e25783c0a7c26e9b9f205121679098986989cb4fa109a54923972afe75d60ce,ac6168d8c51a9220ff3b88b5de5c6038c357dcd1c8a36c2a1f201e2293e484e8,False,diffpir,sensitivity,0.25,0,4,0.03,0.03,0,0.25,5.23380910713,0.0110308458956,1.00074517727,0.442096978426,0.435812294483,-0.00628468394279,reconstructions/d4edbcc97ec00f079508e13004cf8c0e01806e2a1c89e0eb93c0e8df45158196/diffpir-sensitivity-0.25-0-4.pt
d4edbcc97ec00f079508e13004cf8c0e01806e2a1c89e0eb93c0e8df45158196,3edb09d41378dfae155626fe72b75a2c4bde6a58,cff553233941e75169564d196f318bbdd728713e0809f049f5ada55d92b57e1e,7e25783c0a7c26e9b9f205121679098986989cb4fa109a54923972afe75d60ce,ac6168d8c51a9220ff3b88b5de5c6038c357dcd1c8a36c2a1f201e2293e484e8,False,pigdm,sensitivity,0.25,0,4,0.03,0.03,0,0.25,22.5670095035,0.743328595976,0.0506055802107,0.144557341933,0.0576609224081,-0.0868964195251,reconstructions/d4edbcc97ec00f079508e13004cf8c0e01806e2a1c89e0eb93c0e8df45158196/pigdm-sensitivity-0.25-0-4.pt
d4edbcc97ec00f079508e13004cf8c0e01806e2a1c89e0eb93c0e8df45158196,3edb09d41378dfae155626fe72b75a2c4bde6a58,cff553233941e75169564d196f318bbdd728713e0809f049f5ada55d92b57e1e,7e25783c0a7c26e9b9f205121679098986989cb4fa109a54923972afe75d60ce,ac6168d8c51a9220ff3b88b5de5c6038c357dcd1c8a36c2a1f201e2293e484e8,False,zero_filled,sensitivity,0.25,0,5,0.03,0.03,0,0.25,21.6472620748,0.633572725934,0.365581929684,0.170866549015,0.0519065782428,-0.118959970772,reconstructions/d4edbcc97ec00f079508e13004cf8c0e01806e2a1c89e0eb93c0e8df45158196/zero_filled-sensitivity-0.25-0-5.pt
d4edbcc97ec00f079508e13004cf8c0e01806e2a1c89e0eb93c0e8df45158196,3edb09d41378dfae155626fe72b75a2c4bde6a58,cff553233941e75169564d196f318bbdd728713e0809f049f5ada55d92b57e1e,7e25783c0a7c26e9b9f205121679098986989cb4fa109a54923972afe75d60ce,ac6168d8c51a9220ff3b88b5de5c6038c357dcd1c8a36c2a1f201e2293e484e8,False,tv,sensitivity,0.25,0,5,0.03,0.03,0,0.25,22.3869843092,0.622053480289,0.226869285107,0.170158624649,0.0505749620497,-0.119583662599,reconstructions/d4edbcc97ec00f079508e13004cf8c0e01806e2a1c89e0eb93c0e8df45158196/tv-sensitivity-0.25-0-5.pt
d4edbcc97ec00f079508e13004cf8c0e01806e2a1c89e0eb93c0e8df45158196,3edb09d41378dfae155626fe72b75a2c4bde6a58,cff553233941e75169564d196f318bbdd728713e0809f049f5ada55d92b57e1e,7e25783c0a7c26e9b9f205121679098986989cb4fa109a54923972afe75d60ce,ac6168d8c51a9220ff3b88b5de5c6038c357dcd1c8a36c2a1f201e2293e484e8,False,dps,sensitivity,0.25,0,5,0.03,0.03,0,0.25,9.63711798515,0.0810148966609,0.653171777725,0.484498739243,0.4689694345,-0.0155293047428,reconstructions/d4edbcc97ec00f079508e13004cf8c0e01806e2a1c89e0eb93c0e8df45158196/dps-sensitivity-0.25-0-5.pt
d4edbcc97ec00f079508e13004cf8c0e01806e2a1c89e0eb93c0e8df45158196,3edb09d41378dfae155626fe72b75a2c4bde6a58,cff553233941e75169564d196f318bbdd728713e0809f049f5ada55d92b57e1e,7e25783c0a7c26e9b9f205121679098986989cb4fa109a54923972afe75d60ce,ac6168d8c51a9220ff3b88b5de5c6038c357dcd1c8a36c2a1f201e2293e484e8,False,diffpir,sensitivity,0.25,0,5,0.03,0.03,0,0.25,5.47556403874,0.00934400808605,0.935941576958,0.379206359386,0.354191184044,-0.0250151753426,reconstructions/d4edbcc97ec00f079508e13004cf8c0e01806e2a1c89e0eb93c0e8df45158196/diffpir-sensitivity-0.25-0-5.pt
d4edbcc97ec00f079508e13004cf8c0e01806e2a1c89e0eb93c0e8df45158196,3edb09d41378dfae155626fe72b75a2c4bde6a58,cff553233941e75169564d196f318bbdd728713e0809f049f5ada55d92b57e1e,7e25783c0a7c26e9b9f205121679098986989cb4fa109a54923972afe75d60ce,ac6168d8c51a9220ff3b88b5de5c6038c357dcd1c8a36c2a1f201e2293e484e8,False,pigdm,sensitivity,0.25,0,5,0.03,0.03,0,0.25,21.3596433465,0.556858216649,0.203468769789,0.175071835518,0.0647721141577,-0.11029972136,reconstructions/d4edbcc97ec00f079508e13004cf8c0e01806e2a1c89e0eb93c0e8df45158196/pigdm-sensitivity-0.25-0-5.pt
d4edbcc97ec00f079508e13004cf8c0e01806e2a1c89e0eb93c0e8df45158196,3edb09d41378dfae155626fe72b75a2c4bde6a58,cff553233941e75169564d196f318bbdd728713e0809f049f5ada55d92b57e1e,7e25783c0a7c26e9b9f205121679098986989cb4fa109a54923972afe75d60ce,ac6168d8c51a9220ff3b88b5de5c6038c357dcd1c8a36c2a1f201e2293e484e8,False,zero_filled,sensitivity,0.25,0,6,0.03,0.03,0,0.25,17.995897672,0.505128170829,0.277908951044,0.207743734121,0.0963195487857,-0.111424185336,reconstructions/d4edbcc97ec00f079508e13004cf8c0e01806e2a1c89e0eb93c0e8df45158196/zero_filled-sensitivity-0.25-0-6.pt
d4edbcc97ec00f079508e13004cf8c0e01806e2a1c89e0eb93c0e8df45158196,3edb09d41378dfae155626fe72b75a2c4bde6a58,cff553233941e75169564d196f318bbdd728713e0809f049f5ada55d92b57e1e,7e25783c0a7c26e9b9f205121679098986989cb4fa109a54923972afe75d60ce,ac6168d8c51a9220ff3b88b5de5c6038c357dcd1c8a36c2a1f201e2293e484e8,False,tv,sensitivity,0.25,0,6,0.03,0.03,0,0.25,21.4784981432,0.711991843143,0.0701174288988,0.196784093976,0.0677717328072,-0.129012361169,reconstructions/d4edbcc97ec00f079508e13004cf8c0e01806e2a1c89e0eb93c0e8df45158196/tv-sensitivity-0.25-0-6.pt
d4edbcc97ec00f079508e13004cf8c0e01806e2a1c89e0eb93c0e8df45158196,3edb09d41378dfae155626fe72b75a2c4bde6a58,cff553233941e75169564d196f318bbdd728713e0809f049f5ada55d92b57e1e,7e25783c0a7c26e9b9f205121679098986989cb4fa109a54923972afe75d60ce,ac6168d8c51a9220ff3b88b5de5c6038c357dcd1c8a36c2a1f201e2293e484e8,False,dps,sensitivity,0.25,0,6,0.03,0.03,0,0.25,8.35912950201,0.00885355146239,0.535246908665,0.900806546211,0.881246984005,-0.0195595622063,reconstructions/d4edbcc97ec00f079508e13004cf8c0e01806e2a1c89e0eb93c0e8df45158196/dps-sensitivity-0.25-0-6.pt
d4edbcc97ec00f079508e13004cf8c0e01806e2a1c89e0eb93c0e8df45158196,3edb09d41378dfae155626fe72b75a2c4bde6a58,cff553233941e75169564d196f318bbdd728713e0809f049f5ada55d92b57e1e,7e25783c0a7c26e9b9f205121679098986989cb4fa109a54923972afe75d60ce,ac6168d8c51a9220ff3b88b5de5c6038c357dcd1c8a36c2a1f201e2293e484e8,False,diffpir,sensitivity,0.25,0,6,0.03,0.03,0,0.25,4.28603979777,0.0056019583227,0.892643630505,0.928010702133,0.904057085514,-0.0239536166191,reconstructions/d4edbcc97ec00f079508e13004cf8c0e01806e2a1c89e0eb93c0e8df45158196/diffpir-sensitivity-0.25-0-6.pt
d4edbcc97ec00f079508e13004cf8c0e01806e2a1c89e0eb93c0e8df45158196,3edb09d41378dfae155626fe72b75a2c4bde6a58,cff553233941e75169564d196f318bbdd728713e0809f049f5ada55d92b57e1e,7e25783c0a7c26e9b9f205121679098986989cb4fa109a54923972afe75d60ce,ac6168d8c51a9220ff3b88b5de5c6038c357dcd1c8a36c2a1f201e2293e484e8,False,pigdm,sensitivity,0.25,0,6,0.03,0.03,0,0.25,16.9261786768,0.519349768114,0.147898554802,0.318043678999,0.251937836409,-0.0661058425903,reconstructions/d4edbcc97ec00f079508e13004cf8c0e01806e2a1c89e0eb93c0e8df45158196/pigdm-sensitivity-0.25-0-6.pt
d4edbcc97ec00f079508e13004cf8c0e01806e2a1c89e0eb93c0e8df45158196,3edb09d41378dfae155626fe72b75a2c4bde6a58,cff553233941e75169564d196f318bbdd728713e0809f049f5ada55d92b57e1e,7e25783c0a7c26e9b9f205121679098986989cb4fa109a54923972afe75d60ce,ac6168d8c51a9220ff3b88b5de5c6038c357dcd1c8a36c2a1f201e2293e484e8,False,zero_filled,sensitivity,0.25,0,7,0.03,0.03,0,0.25,20.4302274624,0.580438409144,0.202797189355,0.162790521979,0.081124573946,-0.0816659480333,reconstructions/d4edbcc97ec00f079508e13004cf8c0e01806e2a1c89e0eb93c0e8df45158196/zero_filled-sensitivity-0.25-0-7.pt
d4edbcc97ec00f079508e13004cf8c0e01806e2a1c89e0eb93c0e8df45158196,3edb09d41378dfae155626fe72b75a2c4bde6a58,cff553233941e75169564d196f318bbdd728713e0809f049f5ada55d92b57e1e,7e25783c0a7c26e9b9f205121679098986989cb4fa109a54923972afe75d60ce,ac6168d8c51a9220ff3b88b5de5c6038c357dcd1c8a36c2a1f201e2293e484e8,False,tv,sensitivity,0.25,0,7,0.03,0.03,0,0.25,23.7860144649,0.748346520655,0.0543200932443,0.153977975249,0.0648907572031,-0.0890872180462,reconstructions/d4edbcc97ec00f079508e13004cf8c0e01806e2a1c89e0eb93c0e8df45158196/tv-sensitivity-0.25-0-7.pt
d4edbcc97ec00f079508e13004cf8c0e01806e2a1c89e0eb93c0e8df45158196,3edb09d41378dfae155626fe72b75a2c4bde6a58,cff553233941e75169564d196f318bbdd728713e0809f049f5ada55d92b57e1e,7e25783c0a7c26e9b9f205121679098986989cb4fa109a54923972afe75d60ce,ac6168d8c51a9220ff3b88b5de5c6038c357dcd1c8a36c2a1f201e2293e484e8,False,dps,sensitivity,0.25,0,7,0.03,0.03,0,0.25,6.76629446604,-0.039449545197,0.375284194946,1.00352323055,0.992852509022,-0.0106707215309,reconstructions/d4edbcc97ec00f079508e13004cf8c0e01806e2a1c89e0eb93c0e8df45158196/dps-sensitivity-0.25-0-7.pt
d4edbcc97ec00f079508e13004cf8c0e01806e2a1c89e0eb93c0e8df45158196,3edb09d41378dfae155626fe72b75a2c4bde6a58,cff553233941e75169564d196f318bbdd728713e0809f049f5ada55d92b57e1e,7e25783c0a7c26e9b9f205121679098986989cb4fa109a54923972afe75d60ce,ac6168d8c51a9220ff3b88b5de5c6038c357dcd1c8a36c2a1f201e2293e484e8,False,diffpir,sensitivity,0.25,0,7,0.03,0.03,0,0.25,4.71133560993,0.005796996553,0.988105654716,0.777021884918,0.762258291245,-0.0147635936737,reconstructions/d4edbcc97ec00f079508e13004cf8c0e01806e2a1c89e0eb93c0e8df45158196/diffpir-sensitivity-0.25-0-7.pt
d4edbcc97ec00f079508e13004cf8c0e01806e2a1c89e0eb93c0e8df45158196,3edb09d41378dfae155626fe72b75a2c4bde6a58,cff553233941e75169564d196f318bbdd728713e0809f049f5ada55d92b57e1e,7e25783c0a7c26e9b9f205121679098986989cb4fa109a54923972afe75d60ce,ac6168d8c51a9220ff3b88b5de5c6038c357dcd1c8a36c2a1f201e2293e484e8,False,pigdm,sensitivity,0.25,0,7,0.03,0.03,0,0.25,19.7144548418,0.536017249908,0.156704425812,0.225717827678,0.175054907799,-0.050662919879,reconstructions/d4edbcc97ec00f079508e13004cf8c0e01806e2a1c89e0eb93c0e8df45158196/pigdm-sensitivity-0.25-0-7.pt
d4edbcc97ec00f079508e13004cf8c0e01806e2a1c89e0eb93c0e8df45158196,3edb09d41378dfae155626fe72b75a2c4bde6a58,cff553233941e75169564d196f318bbdd728713e0809f049f5ada55d92b57e1e,7e25783c0a7c26e9b9f205121679098986989cb4fa109a54923972afe75d60ce,ac6168d8c51a9220ff3b88b5de5c6038c357dcd1c8a36c2a1f201e2293e484e8,False,zero_filled,sensitivity,0.25,1,0,0.03,0.03,0,0.25,21.8668751401,0.633826253478,0.286159574986,0.165630295873,0.0488241612911,-0.116806134582,reconstructions/d4edbcc97ec00f079508e13004cf8c0e01806e2a1c89e0eb93c0e8df45158196/zero_filled-sensitivity-0.25-1-0.pt
d4edbcc97ec00f079508e13004cf8c0e01806e2a1c89e0eb93c0e8df45158196,3edb09d41378dfae155626fe72b75a2c4bde6a58,cff553233941e75169564d196f318bbdd728713e0809f049f5ada55d92b57e1e,7e25783c0a7c26e9b9f205121679098986989cb4fa109a54923972afe75d60ce,ac6168d8c51a9220ff3b88b5de5c6038c357dcd1c8a36c2a1f201e2293e484e8,False,tv,sensitivity,0.25,1,0,0.03,0.03,0,0.25,22.8413096047,0.652533819995,0.117234237492,0.165673628449,0.0507668294013,-0.114906799048,reconstructions/d4edbcc97ec00f079508e13004cf8c0e01806e2a1c89e0eb93c0e8df45158196/tv-sensitivity-0.25-1-0.pt
d4edbcc97ec00f079508e13004cf8c0e01806e2a1c89e0eb93c0e8df45158196,3edb09d41378dfae155626fe72b75a2c4bde6a58,cff553233941e75169564d196f318bbdd728713e0809f049f5ada55d92b57e1e,7e25783c0a7c26e9b9f205121679098986989cb4fa109a54923972afe75d60ce,ac6168d8c51a9220ff3b88b5de5c6038c357dcd1c8a36c2a1f201e2293e484e8,False,dps,sensitivity,0.25,1,0,0.03,0.03,0,0.25,10.1881340839,0.11284315097,0.337539464235,0.501490652561,0.48346349597,-0.0180271565914,reconstructions/d4edbcc97ec00f079508e13004cf8c0e01806e2a1c89e0eb93c0e8df45158196/dps-sensitivity-0.25-1-0.pt
d4edbcc97ec00f079508e13004cf8c0e01806e2a1c89e0eb93c0e8df45158196,3edb09d41378dfae155626fe72b75a2c4bde6a58,cff553233941e75169564d196f318bbdd728713e0809f049f5ada55d92b57e1e,7e25783c0a7c26e9b9f205121679098986989cb4fa109a54923972afe75d60ce,ac6168d8c51a9220ff3b88b5de5c6038c357dcd1c8a36c2a1f201e2293e484e8,False,diffpir,sensitivity,0.25,1,0,0.03,0.03,0,0.25,5.87113661233,0.0141785783002,0.993639647961,0.336201041937,0.303983151913,-0.0322178900242,reconstructions/d4edbcc97ec00f079508e13004cf8c0e01806e2a1c89e0eb93c0e8df45158196/diffpir-sensitivity-0.25-1-0.pt
d4edbcc97ec00f079508e13004cf8c0e01806e2a1c89e0eb93c0e8df45158196,3edb09d41378dfae155626fe72b75a2c4bde6a58,cff553233941e75169564d196f318bbdd728713e0809f049f5ada55d92b57e1e,7e25783c0a7c26e9b9f205121679098986989cb4fa109a54923972afe75d60ce,ac6168d8c51a9220ff3b88b5de5c6038c357dcd1c8a36c2a1f201e2293e484e8,False,pigdm,sensitivity,0.25,1,0,0.03,0.03,0,0.25,21.1788398204,0.551270110267,0.116554841399,0.169740349054,0.0615323893726,-0.108207959682,reconstructions/d4edbcc97ec00f079508e13004cf8c0e01806e2a1c89e0eb93c0e8df45158196/pigdm-sensitivity-0.25-1-0.pt
d4edbcc97ec00f079508e13004cf8c0e01806e2a1c89e0eb93c0e8df45158196,3edb09d41378dfae155626fe72b75a2c4bde6a58,cff553233941e75169564d196f318bbdd728713e0809f049f5ada55d92b57e1e,7e25783c0a7c26e9b9f205121679098986989cb4fa109a54923972afe75d60ce,ac6168d8c51a9220ff3b88b5de5c6038c357dcd1c8a36c2a1f201e2293e484e8,False,zero_filled,sensitivity,0.25,1,1,0.03,0.03,0,0.25,24.4273931546,0.666978991373,0.404435276985,0.181963920593,0.0511183515191,-0.130845569074,reconstructions/d4edbcc97ec00f079508e13004cf8c0e01806e2a1c89e0eb93c0e8df45158196/zero_filled-sensitivity-0.25-1-1.pt
d4edbcc97ec00f079508e13004cf8c0e01806e2a1c89e0eb93c0e8df45158196,3edb09d41378dfae155626fe72b75a2c4bde6a58,cff553233941e75169564d196f318bbdd728713e0809f049f5ada55d92b57e1e,7e25783c0a7c26e9b9f205121679098986989cb4fa109a54923972afe75d60ce,ac6168d8c51a9220ff3b88b5de5c6038c357dcd1c8a36c2a1f201e2293e484e8,False,tv,sensitivity,0.25,1,1,0.03,0.03,0,0.25,25.2246518668,0.617396480994,0.30467247963,0.183931767941,0.0616954341531,-0.122236333787,reconstructions/d4edbcc97ec00f079508e13004cf8c0e01806e2a1c89e0eb93c0e8df45158196/tv-sensitivity-0.25-1-1.pt
d4edbcc97ec00f079508e13004cf8c0e01806e2a1c89e0eb93c0e8df45158196,3edb09d41378dfae155626fe72b75a2c4bde6a58,cff553233941e75169564d196f318bbdd728713e0809f049f5ada55d92b57e1e,7e25783c0a7c26e9b9f205121679098986989cb4fa109a54923972afe75d60ce,ac6168d8c51a9220ff3b88b5de5c6038c357dcd1c8a36c2a1f201e2293e484e8,False,dps,sensitivity,0.25,1,1,0.03,0.03,0,0.25,8.02009079482,0.0216737373888,0.593880176544,0.780647873878,0.771527767181,-0.00912010669708,reconstructions/d4edbcc97ec00f079508e13004cf8c0e01806e2a1c89e0eb93c0e8df45158196/dps-sensitivity-0.25-1-1.pt
d4edbcc97ec00f079508e13004cf8c0e01806e2a1c89e0eb93c0e8df45158196,3edb09d41378dfae155626fe72b75a2c4bde6a58,cff553233941e75169564d196f318bbdd728713e0809f049f5ada55d92b57e1e,7e25783c0a7c26e9b9f205121679098986989cb4fa109a54923972afe75d60ce,ac6168d8c51a9220ff3b88b5de5c6038c357dcd1c8a36c2a1f201e2293e484e8,False,diffpir,sensitivity,0.25,1,1,0.03,0.03,0,0.25,6.23328359136,0.0103412731876,0.779896557331,0.354679882526,0.307351112366,-0.0473287701607,reconstructions/d4edbcc97ec00f079508e13004cf8c0e01806e2a1c89e0eb93c0e8df45158196/diffpir-sensitivity-0.25-1-1.pt
d4edbcc97ec00f079508e13004cf8c0e01806e2a1c89e0eb93c0e8df45158196,3edb09d41378dfae155626fe72b75a2c4bde6a58,cff553233941e75169564d196f318bbdd728713e0809f049f5ada55d92b57e1e,7e25783c0a7c26e9b9f205121679098986989cb4fa109a54923972afe75d60ce,ac6168d8c51a9220ff3b88b5de5c6038c357dcd1c8a36c2a1f201e2293e484e8,False,pigdm,sensitivity,0.25,1,1,0.03,0.03,0,0.25,23.7122364737,0.541974688147,0.270090520382,0.189364492893,0.074490390718,-0.114874102175,reconstructions/d4edbcc97ec00f079508e13004cf8c0e01806e2a1c89e0eb93c0e8df45158196/pigdm-sensitivity-0.25-1-1.pt
d4edbcc97ec00f079508e13004cf8c0e01806e2a1c89e0eb93c0e8df45158196,3edb09d41378dfae155626fe72b75a2c4bde6a58,cff553233941e75169564d196f318bbdd728713e0809f049f5ada55d92b57e1e,7e25783c0a7c26e9b9f205121679098986989cb4fa109a54923972afe75d60ce,ac6168d8c51a9220ff3b88b5de5c6038c357dcd1c8a36c2a1f201e2293e484e8,False,zero_filled,sensitivity,0.25,1,2,0.03,0.03,0,0.25,19.0282913173,0.546781520742,0.225345641375,0.210563108325,0.0771164670587,-0.133446641266,reconstructions/d4edbcc97ec00f079508e13004cf8c0e01806e2a1c89e0eb93c0e8df45158196/zero_filled-sensitivity-0.25-1-2.pt
d4edbcc97ec00f079508e13004cf8c0e01806e2a1c89e0eb93c0e8df45158196,3edb09d41378dfae155626fe72b75a2c4bde6a58,cff553233941e75169564d196f318bbdd728713e0809f049f5ada55d92b57e1e,7e25783c0a7c26e9b9f205121679098986989cb4fa109a54923972afe75d60ce,ac6168d8c51a9220ff3b88b5de5c6038c357dcd1c8a36c2a1f201e2293e484e8,False,tv,sensitivity,0.25,1,2,0.03,0.03,0,0.25,21.8944191993,0.785784087244,0.0570118203759,0.205368861556,0.0656778663397,-0.139690995216,reconstructions/d4edbcc97ec00f079508e13004cf8c0e01806e2a1c89e0eb93c0e8df45158196/tv-sensitivity-0.25-1-2.pt
d4edbcc97ec00f079508e13004cf8c0e01806e2a1c89e0eb93c0e8df45158196,3edb09d41378dfae155626fe72b75a2c4bde6a58,cff553233941e75169564d196f318bbdd728713e0809f049f5ada55d92b57e1e,7e25783c0a7c26e9b9f205121679098986989cb4fa109a54923972afe75d60ce,ac6168d8c51a9220ff3b88b5de5c6038c357dcd1c8a36c2a1f201e2293e484e8,False,dps,sensitivity,0.25,1,2,0.03,0.03,0,0.25,9.40782510802,0.0633198356285,0.287805169821,0.752631247044,0.73802292347,-0.0146083235741,reconstructions/d4edbcc97ec00f079508e13004cf8c0e01806e2a1c89e0eb93c0e8df45158196/dps-sensitivity-0.25-1-2.pt
d4edbcc97ec00f079508e13004cf8c0e01806e2a1c89e0eb93c0e8df45158196,3edb09d41378dfae155626fe72b75a2c4bde6a58,cff553233941e75169564d196f318bbdd728713e0809f049f5ada55d92b57e1e,7e25783c0a7c26e9b9f205121679098986989cb4fa109a54923972afe75d60ce,ac6168d8c51a9220ff3b88b5de5c6038c357dcd1c8a36c2a1f201e2293e484e8,False,diffpir,sensitivity,0.25,1,2,0.03,0.03,0,0.25,4.4026126664,0.00764318029126,0.940628886223,0.877987325191,0.851093053818,-0.0268942713737,reconstructions/d4edbcc97ec00f079508e13004cf8c0e01806e2a1c89e0eb93c0e8df45158196/diffpir-sensitivity-0.25-1-2.pt
d4edbcc97ec00f079508e13004cf8c0e01806e2a1c89e0eb93c0e8df45158196,3edb09d41378dfae155626fe72b75a2c4bde6a58,cff553233941e75169564d196f318bbdd728713e0809f049f5ada55d92b57e1e,7e25783c0a7c26e9b9f205121679098986989cb4fa109a54923972afe75d60ce,ac6168d8c51a9220ff3b88b5de5c6038c357dcd1c8a36c2a1f201e2293e484e8,False,pigdm,sensitivity,0.25,1,2,0.03,0.03,0,0.25,18.1974743705,0.517499819952,0.112238161266,0.26681420207,0.178695693612,-0.0881185084581,reconstructions/d4edbcc97ec00f079508e13004cf8c0e01806e2a1c89e0eb93c0e8df45158196/pigdm-sensitivity-0.25-1-2.pt
d4edbcc97ec00f079508e13004cf8c0e01806e2a1c89e0eb93c0e8df45158196,3edb09d41378dfae155626fe72b75a2c4bde6a58,cff553233941e75169564d196f318bbdd728713e0809f049f5ada55d92b57e1e,7e25783c0a7c26e9b9f205121679098986989cb4fa109a54923972afe75d60ce,ac6168d8c51a9220ff3b88b5de5c6038c357dcd1c8a36c2a1f201e2293e484e8,False,zero_filled,sensitivity,0.25,1,3,0.03,0.03,0,0.25,21.2630628844,0.598866016485,0.251482844353,0.172741025686,0.0524724572897,-0.120268568397,reconstructions/d4edbcc97ec00f079508e13004cf8c0e01806e2a1c89e0eb93c0e8df45158196/zero_filled-sensitivity-0.25-1-3.pt
d4edbcc97ec00f079508e13004cf8c0e01806e2a1c89e0eb93c0e8df45158196,3edb09d41378dfae155626fe72b75a2c4bde6a58,cff553233941e75169564d196f318bbdd728713e0809f049f5ada55d92b57e1e,7e25783c0a7c26e9b9f205121679098986989cb4fa109a54923972afe75d60ce,ac6168d8c51a9220ff3b88b5de5c6038c357dcd1c8a36c2a1f201e2293e484e8,False,tv,sensitivity,0.25,1,3,0.03,0.03,0,0.25,25.4603432284,0.748790148528,0.174915626645,0.17122708261,0.0482688881457,-0.122958194464,reconstructions/d4edbcc97ec00f079508e13004cf8c0e01806e2a1c89e0eb93c0e8df45158196/tv-sensitivity-0.25-1-3.pt
d4edbcc97ec00f079508e13004cf8c0e01806e2a1c89e0eb93c0e8df45158196,3edb09d41378dfae155626fe72b75a2c4bde6a58,cff553233941e75169564d196f318bbdd728713e0809f049f5ada55d92b57e1e,7e25783c0a7c26e9b9f205121679098986989cb4fa109a54923972afe75d60ce,ac6168d8c51a9220ff3b88b5de5c6038c357dcd1c8a36c2a1f201e2293e484e8,False,dps,sensitivity,0.25,1,3,0.03,0.03,0,0.25,11.8389499362,0.144410969077,0.393453150988,0.40086093545,0.373230367899,-0.0276305675507,reconstructions/d4edbcc97ec00f079508e13004cf8c0e01806e2a1c89e0eb93c0e8df45158196/dps-sensitivity-0.25-1-3.pt
d4edbcc97ec00f079508e13004cf8c0e01806e2a1c89e0eb93c0e8df45158196,3edb09d41378dfae155626fe72b75a2c4bde6a58,cff553233941e75169564d196f318bbdd728713e0809f049f5ada55d92b57e1e,7e25783c0a7c26e9b9f205121679098986989cb4fa109a54923972afe75d60ce,ac6168d8c51a9220ff3b88b5de5c6038c357dcd1c8a36c2a1f201e2293e484e8,False,diffpir,sensitivity,0.25,1,3,0.03,0.03,0,0.25,5.5501518305,0.00860537084585,0.985147118568,0.394531786442,0.373739480972,-0.0207923054695,reconstructions/d4edbcc97ec00f079508e13004cf8c0e01806e2a1c89e0eb93c0e8df45158196/diffpir-sensitivity-0.25-1-3.pt
d4edbcc97ec00f079508e13004cf8c0e01806e2a1c89e0eb93c0e8df45158196,3edb09d41378dfae155626fe72b75a2c4bde6a58,cff553233941e75169564d196f318bbdd728713e0809f049f5ada55d92b57e1e,7e25783c0a7c26e9b9f205121679098986989cb4fa109a54923972afe75d60ce,ac6168d8c51a9220ff3b88b5de5c6038c357dcd1c8a36c2a1f201e2293e484e8,False,pigdm,sensitivity,0.25,1,3,0.03,0.03,0,0.25,23.2543601078,0.702217950147,0.130508422852,0.177000790834,0.0644540339708,-0.112546756864,reconstructions/d4edbcc97ec00f079508e13004cf8c0e01806e2a1c89e0eb93c0e8df45158196/pigdm-sensitivity-0.25-1-3.pt
d4edbcc97ec00f079508e13004cf8c0e01806e2a1c89e0eb93c0e8df45158196,3edb09d41378dfae155626fe72b75a2c4bde6a58,cff553233941e75169564d196f318bbdd728713e0809f049f5ada55d92b57e1e,7e25783c0a7c26e9b9f205121679098986989cb4fa109a54923972afe75d60ce,ac6168d8c51a9220ff3b88b5de5c6038c357dcd1c8a36c2a1f201e2293e484e8,False,zero_filled,sensitivity,0.25,1,4,0.03,0.03,0,0.25,20.8019985645,0.697965524292,0.184548854828,0.142859786749,0.0505321994424,-0.0923275873065,reconstructions/d4edbcc97ec00f079508e13004cf8c0e01806e2a1c89e0eb93c0e8df45158196/zero_filled-sensitivity-0.25-1-4.pt
d4edbcc97ec00f079508e13004cf8c0e01806e2a1c89e0eb93c0e8df45158196,3edb09d41378dfae155626fe72b75a2c4bde6a58,cff553233941e75169564d196f318bbdd728713e0809f049f5ada55d92b57e1e,7e25783c0a7c26e9b9f205121679098986989cb4fa109a54923972afe75d60ce,ac6168d8c51a9220ff3b88b5de5c6038c357dcd1c8a36c2a1f201e2293e484e8,False,tv,sensitivity,0.25,1,4,0.03,0.03,0,0.25,21.8072885963,0.731758602361,0.081991314888,0.140871331096,0.0485044904053,-0.0923668406904,reconstructions/d4edbcc97ec00f079508e13004cf8c0e01806e2a1c89e0eb93c0e8df45158196/tv-sensitivity-0.25-1-4.pt
d4edbcc97ec00f079508e13004cf8c0e01806e2a1c89e0eb93c0e8df45158196,3edb09d41378dfae155626fe72b75a2c4bde6a58,cff553233941e75169564d196f318bbdd728713e0809f049f5ada55d92b57e1e,7e25783c0a7c26e9b9f205121679098986989cb4fa109a54923972afe75d60ce,ac6168d8c51a9220ff3b88b5de5c6038c357dcd1c8a36c2a1f201e2293e484e8,False,dps,sensitivity,0.25,1,4,0.03,0.03,0,0.25,8.13196281654,0.0970742531614,0.472280919552,0.579239964485,0.576570689678,-0.00266927480698,reconstructions/d4edbcc97ec00f079508e13004cf8c0e01806e2a1c89e0eb93c0e8df45158196/dps-sensitivity-0.25-1-4.pt
d4edbcc97ec00f079508e13004cf8c0e01806e2a1c89e0eb93c0e8df45158196,3edb09d41378dfae155626fe72b75a2c4bde6a58,cff553233941e75169564d196f318bbdd728713e0809f049f5ada55d92b57e1e,7e25783c0a7c26e9b9f205121679098986989cb4fa109a54923972afe75d60ce,ac6168d8c51a9220ff3b88b5de5c6038c357dcd1c8a36c2a1f201e2293e484e8,False,diffpir,sensitivity,0.25,1,4,0.03,0.03,0,0.25,5.3600929318,0.0223455779948,0.949097275734,0.41320836544,0.405460178852,-0.00774818658829,reconstructions/d4edbcc97ec00f079508e13004cf8c0e01806e2a1c89e0eb93c0e8df45158196/diffpir-sensitivity-0.25-1-4.pt
d4edbcc97ec00f079508e13004cf8c0e01806e2a1c89e0eb93c0e8df45158196,3edb09d41378dfae155626fe72b75a2c4bde6a58,cff553233941e75169564d196f318bbdd728713e0809f049f5ada55d92b57e1e,7e25783c0a7c26e9b9f205121679098986989cb4fa109a54923972afe75d60ce,ac6168d8c51a9220ff3b88b5de5c6038c357dcd1c8a36c2a1f201e2293e484e8,False,pigdm,sensitivity,0.25,1,4,0.03,0.03,0,0.25,21.9052354502,0.707769147867,0.0874306261539,0.144274115562,0.057963527739,-0.0863105878234,reconstructions/d4edbcc97ec00f079508e13004cf8c0e01806e2a1c89e0eb93c0e8df45158196/pigdm-sensitivity-0.25-1-4.pt
d4edbcc97ec00f079508e13004cf8c0e01806e2a1c89e0eb93c0e8df45158196,3edb09d41378dfae155626fe72b75a2c4bde6a58,cff553233941e75169564d196f318bbdd728713e0809f049f5ada55d92b57e1e,7e25783c0a7c26e9b9f205121679098986989cb4fa109a54923972afe75d60ce,ac6168d8c51a9220ff3b88b5de5c6038c357dcd1c8a36c2a1f201e2293e484e8,False,zero_filled,sensitivity,0.25,1,5,0.03,0.03,0,0.25,20.9633259762,0.614741990123,0.340312480927,0.169904649258,0.0473814941943,-0.122523155063,reconstructions/d4edbcc97ec00f079508e13004cf8c0e01806e2a1c89e0eb93c0e8df45158196/zero_filled-sensitivity-0.25-1-5.pt
d4edbcc97ec00f079508e13004cf8c0e01806e2a1c89e0eb93c0e8df45158196,3edb09d41378dfae155626fe72b75a2c4bde6a58,cff553233941e75169564d196f318bbdd728713e0809f049f5ada55d92b57e1e,7e25783c0a7c26e9b9f205121679098986989cb4fa109a54923972afe75d60ce,ac6168d8c51a9220ff3b88b5de5c6038c357dcd1c8a36c2a1f201e2293e484e8,False,tv,sensitivity,0.25,1,5,0.03,0.03,0,0.25,21.3555751559,0.579911331343,0.246438786387,0.171254009008,0.0522155091166,-0.119038499892,reconstructions/d4edbcc97ec00f079508e13004cf8c0e01806e2a1c89e0eb93c0e8df45158196/tv-sensitivity-0.25-1-5.pt
d4edbcc97ec00f079508e13004cf8c0e01806e2a1c89e0eb93c0e8df45158196,3edb09d41378dfae155626fe72b75a2c4bde6a58,cff553233941e75169564d196f318bbdd728713e0809f049f5ada55d92b57e1e,7e25783c0a7c26e9b9f205121679098986989cb4fa109a54923972afe75d60ce,ac6168d8c51a9220ff3b88b5de5c6038c357dcd1c8a36c2a1f201e2293e484e8,False,dps,sensitivity,0.25,1,5,0.03,0.03,0,0.25,8.41405130181,0.0603140407492,0.452639460564,0.532288074493,0.516572594643,-0.0157154798508,reconstructions/d4edbcc97ec00f079508e13004cf8c0e01806e2a1c89e0eb93c0e8df45158196/dps-sensitivity-0.25-1-5.pt
d4edbcc97ec00f079508e13004cf8c0e01806e2a1c89e0eb93c0e8df45158196,3edb09d41378dfae155626fe72b75a2c4bde6a58,cff553233941e75169564d196f318bbdd728713e0809f049f5ada55d92b57e1e,7e25783c0a7c26e9b9f205121679098986989cb4fa109a54923972afe75d60ce,ac6168d8c51a9220ff3b88b5de5c6038c357dcd1c8a36c2a1f201e2293e484e8,False,diffpir,sensitivity,0.25,1,5,0.03,0.03,0,0.25,5.5260548287,0.0111003227628,0.857906699181,0.376941144466,0.351777523756,-0.0251636207104,reconstructions/d4edbcc97ec00f079508e13004cf8c0e01806e2a1c89e0eb93c0e8df45158196/diffpir-sensitivity-0.25-1-5.pt
d4edbcc97ec00f079508e13004cf8c0e01806e2a1c89e0eb93c0e8df45158196,3edb09d41378dfae155626fe72b75a2c4bde6a58,cff553233941e75169564d196f318bbdd728713e0809f049f5ada55d92b57e1e,7e25783c0a7c26e9b9f205121679098986989cb4fa109a54923972afe75d60ce,ac6168d8c51a9220ff3b88b5de5c6038c357dcd1c8a36c2a1f201e2293e484e8,False,pigdm,sensitivity,0.25,1,5,0.03,0.03,0,0.25,19.7432463673,0.484410428087,0.126016229391,0.173565238714,0.0598773509264,-0.113687887788,reconstructions/d4edbcc97ec00f079508e13004cf8c0e01806e2a1c89e0eb93c0e8df45158196/pigdm-sensitivity-0.25-1-5.pt
d4edbcc97ec00f079508e13004cf8c0e01806e2a1c89e0eb93c0e8df45158196,3edb09d41378dfae155626fe72b75a2c4bde6a58,cff553233941e75169564d196f318bbdd728713e0809f049f5ada55d92b57e1e,7e25783c0a7c26e9b9f205121679098986989cb4fa109a54923972afe75d60ce,ac6168d8c51a9220ff3b88b5de5c6038c357dcd1c8a36c2a1f201e2293e484e8,False,zero_filled,sensitivity,0.25,1,6,0.03,0.03,0,0.25,17.7864784069,0.485828583006,0.279705941677,0.207419246435,0.0920098572969,-0.115409389138,reconstructions/d4edbcc97ec00f079508e13004cf8c0e01806e2a1c89e0eb93c0e8df45158196/zero_filled-sensitivity-0.25-1-6.pt
d4edbcc97ec00f079508e13004cf8c0e01806e2a1c89e0eb93c0e8df45158196,3edb09d41378dfae155626fe72b75a2c4bde6a58,cff553233941e75169564d196f318bbdd728713e0809f049f5ada55d92b57e1e,7e25783c0a7c26e9b9f205121679098986989cb4fa109a54923972afe75d60ce,ac6168d8c51a9220ff3b88b5de5c6038c357dcd1c8a36c2a1f201e2293e484e8,False,tv,sensitivity,0.25,1,6,0.03,0.03,0,0.25,21.2231219463,0.715502745137,0.0742121264338,0.199713468552,0.0715700611472,-0.128143407404,reconstructions/d4edbcc97ec00f079508e13004cf8c0e01806e2a1c89e0eb93c0e8df45158196/tv-sensitivity-0.25-1-6.pt
d4edbcc97ec00f079508e13004cf8c0e01806e2a1c89e0eb93c0e8df45158196,3edb09d41378dfae155626fe72b75a2c4bde6a58,cff553233941e75169564d196f318bbdd728713e0809f049f5ada55d92b57e1e,7e25783c0a7c26e9b9f205121679098986989cb4fa109a54923972afe75d60ce,ac6168d8c51a9220ff3b88b5de5c6038c357dcd1c8a36c2a1f201e2293e484e8,False,dps,sensitivity,0.25,1,6,0.03,0.03,0,0.25,5.73142521059,-0.0296703980813,0.487115383148,1.23110020161,1.20156979561,-0.0295304059982,reconstructions/d4edbcc97ec00f079508e13004cf8c0e01806e2a1c89e0eb93c0e8df45158196/dps-sensitivity-0.25-1-6.pt
d4edbcc97ec00f079508e13004cf8c0e01806e2a1c89e0eb93c0e8df45158196,3edb09d41378dfae155626fe72b75a2c4bde6a58,cff553233941e75169564d196f318bbdd728713e0809f049f5ada55d92b57e1e,7e25783c0a7c26e9b9f205121679098986989cb4fa109a54923972afe75d60ce,ac6168d8c51a9220ff3b88b5de5c6038c357dcd1c8a36c2a1f201e2293e484e8,False,diffpir,sensitivity,0.25,1,6,0.03,0.03,0,0.25,4.40552367688,0.0198809353753,0.890090823174,0.916538178921,0.891134798527,-0.025403380394,reconstructions/d4edbcc97ec00f079508e13004cf8c0e01806e2a1c89e0eb93c0e8df45158196/diffpir-sensitivity-0.25-1-6.pt
d4edbcc97ec00f079508e13004cf8c0e01806e2a1c89e0eb93c0e8df45158196,3edb09d41378dfae155626fe72b75a2c4bde6a58,cff553233941e75169564d196f318bbdd728713e0809f049f5ada55d92b57e1e,7e25783c0a7c26e9b9f205121679098986989cb4fa109a54923972afe75d60ce,ac6168d8c51a9220ff3b88b5de5c6038c357dcd1c8a36c2a1f201e2293e484e8,False,pigdm,sensitivity,0.25,1,6,0.03,0.03,0,0.25,17.7598863553,0.478540954129,0.0939264446497,0.238197982311,0.146710962057,-0.0914870202541,reconstructions/d4edbcc97ec00f079508e13004cf8c0e01806e2a1c89e0eb93c0e8df45158196/pigdm-sensitivity-0.25-1-6.pt
d4edbcc97ec00f079508e13004cf8c0e01806e2a1c89e0eb93c0e8df45158196,3edb09d41378dfae155626fe72b75a2c4bde6a58,cff553233941e75169564d196f318bbdd728713e0809f049f5ada55d92b57e1e,7e25783c0a7c26e9b9f205121679098986989cb4fa109a54923972afe75d60ce,ac6168d8c51a9220ff3b88b5de5c6038c357dcd1c8a36c2a1f201e2293e484e8,False,zero_filled,sensitivity,0.25,1,7,0.03,0.03,0,0.25,20.0638571913,0.584515721775,0.234014376998,0.160826385021,0.0749578922987,-0.0858684927225,reconstructions/d4edbcc97ec00f079508e13004cf8c0e01806e2a1c89e0eb93c0e8df45158196/zero_filled-sensitivity-0.25-1-7.pt
d4edbcc97ec00f079508e13004cf8c0e01806e2a1c89e0eb93c0e8df45158196,3edb09d41378dfae155626fe72b75a2c4bde6a58,cff553233941e75169564d196f318bbdd728713e0809f049f5ada55d92b57e1e,7e25783c0a7c26e9b9f205121679098986989cb4fa109a54923972afe75d60ce,ac6168d8c51a9220ff3b88b5de5c6038c357dcd1c8a36c2a1f201e2293e484e8,False,tv,sensitivity,0.25,1,7,0.03,0.03,0,0.25,23.2479915508,0.738607123287,0.0626484900713,0.154934316874,0.0651129484177,-0.0898213684559,reconstructions/d4edbcc97ec00f079508e13004cf8c0e01806e2a1c89e0eb93c0e8df45158196/tv-sensitivity-0.25-1-7.pt
d4edbcc97ec00f079508e13004cf8c0e01806e2a1c89e0eb93c0e8df45158196,3edb09d41378dfae155626fe72b75a2c4bde6a58,cff553233941e75169564d196f318bbdd728713e0809f049f5ada55d92b57e1e,7e25783c0a7c26e9b9f205121679098986989cb4fa109a54923972afe75d60ce,ac6168d8c51a9220ff3b88b5de5c6038c357dcd1c8a36c2a1f201e2293e484e8,False,dps,sensitivity,0.25,1,7,0.03,0.03,0,0.25,4.93940707618,0.00860839168463,0.449616551399,1.29345345497,1.26699793339,-0.0264555215836,reconstructions/d4edbcc97ec00f079508e13004cf8c0e01806e2a1c89e0eb93c0e8df45158196/dps-sensitivity-0.25-1-7.pt
d4edbcc97ec00f079508e13004cf8c0e01806e2a1c89e0eb93c0e8df45158196,3edb09d41378dfae155626fe72b75a2c4bde6a58,cff553233941e75169564d196f318bbdd728713e0809f049f5ada55d92b57e1e,7e25783c0a7c26e9b9f205121679098986989cb4fa109a54923972afe75d60ce,ac6168d8c51a9220ff3b88b5de5c6038c357dcd1c8a36c2a1f201e2293e484e8,False,diffpir,sensitivity,0.25,1,7,0.03,0.03,0,0.25,4.74039461874,0.00374612866278,0.969183862209,0.760872721672,0.744846522808,-0.016026198864,reconstructions/d4edbcc97ec00f079508e13004cf8c0e01806e2a1c89e0eb93c0e8df45158196/diffpir-sensitivity-0.25-1-7.pt
d4edbcc97ec00f079508e13004cf8c0e01806e2a1c89e0eb93c0e8df45158196,3edb09d41378dfae155626fe72b75a2c4bde6a58,cff553233941e75169564d196f318bbdd728713e0809f049f5ada55d92b57e1e,7e25783c0a7c26e9b9f205121679098986989cb4fa109a54923972afe75d60ce,ac6168d8c51a9220ff3b88b5de5c6038c357dcd1c8a36c2a1f201e2293e484e8,False,pigdm,sensitivity,0.25,1,7,0.03,0.03,0,0.25,17.1694945149,0.424533727609,0.252056926489,0.273534268141,0.230816543102,-0.0427177250385,reconstructions/d4edbcc97ec00f079508e13004cf8c0e01806e2a1c89e0eb93c0e8df45158196/pigdm-sensitivity-0.25-1-7.pt
d4edbcc97ec00f079508e13004cf8c0e01806e2a1c89e0eb93c0e8df45158196,3edb09d41378dfae155626fe72b75a2c4bde6a58,cff553233941e75169564d196f318bbdd728713e0809f049f5ada55d92b57e1e,7e25783c0a7c26e9b9f205121679098986989cb4fa109a54923972afe75d60ce,ac6168d8c51a9220ff3b88b5de5c6038c357dcd1c8a36c2a1f201e2293e484e8,False,zero_filled,sensitivity,0.25,2,0,0.03,0.03,0,0.25,21.554126426,0.602035659298,0.322591096163,0.164420261979,0.046169873327,-0.118250388652,reconstructions/d4edbcc97ec00f079508e13004cf8c0e01806e2a1c89e0eb93c0e8df45158196/zero_filled-sensitivity-0.25-2-0.pt
d4edbcc97ec00f079508e13004cf8c0e01806e2a1c89e0eb93c0e8df45158196,3edb09d41378dfae155626fe72b75a2c4bde6a58,cff553233941e75169564d196f318bbdd728713e0809f049f5ada55d92b57e1e,7e25783c0a7c26e9b9f205121679098986989cb4fa109a54923972afe75d60ce,ac6168d8c51a9220ff3b88b5de5c6038c357dcd1c8a36c2a1f201e2293e484e8,False,tv,sensitivity,0.25,2,0,0.03,0.03,0,0.25,22.2162211183,0.614080237969,0.149094671011,0.165030568838,0.0498622655869,-0.115168303251,reconstructions/d4edbcc97ec00f079508e13004cf8c0e01806e2a1c89e0eb93c0e8df45158196/tv-sensitivity-0.25-2-0.pt
d4edbcc97ec00f079508e13004cf8c0e01806e2a1c89e0eb93c0e8df45158196,3edb09d41378dfae155626fe72b75a2c4bde6a58,cff553233941e75169564d196f318bbdd728713e0809f049f5ada55d92b57e1e,7e25783c0a7c26e9b9f205121679098986989cb4fa109a54923972afe75d60ce,ac6168d8c51a9220ff3b88b5de5c6038c357dcd1c8a36c2a1f201e2293e484e8,False,dps,sensitivity,0.25,2,0,0.03,0.03,0,0.25,10.087635502,0.0631386750373,0.298773497343,0.494791775942,0.46632039547,-0.0284713804722,reconstructions/d4edbcc97ec00f079508e13004cf8c0e01806e2a1c89e0eb93c0e8df45158196/dps-sensitivity-0.25-2-0.pt
d4edbcc97ec00f079508e13004cf8c0e01806e2a1c89e0eb93c0e8df45158196,3edb09d41378dfae155626fe72b75a2c4bde6a58,cff553233941e75169564d196f318bbdd728713e0809f049f5ada55d92b57e1e,7e25783c0a7c26e9b9f205121679098986989cb4fa109a54923972afe75d60ce,ac6168d8c51a9220ff3b88b5de5c6038c357dcd1c8a36c2a1f201e2293e484e8,False,diffpir,sensitivity,0.25,2,0,0.03,0.03,0,0.25,5.82569742885,0.0134528544589,0.882323622704,0.341554969549,0.310484230518,-0.0310707390308,reconstructions/d4edbcc97ec00f079508e13004cf8c0e01806e2a1c89e0eb93c0e8df45158196/diffpir-sensitivity-0.25-2-0.pt
d4edbcc97ec00f079508e13004cf8c0e01806e2a1c89e0eb93c0e8df45158196,3edb09d41378dfae155626fe72b75a2c4bde6a58,cff553233941e75169564d196f318bbdd728713e0809f049f5ada55d92b57e1e,7e25783c0a7c26e9b9f205121679098986989cb4fa109a54923972afe75d60ce,ac6168d8c51a9220ff3b88b5de5c6038c357dcd1c8a36c2a1f201e2293e484e8,False,pigdm,sensitivity,0.25,2,0,0.03,0.03,0,0.25,20.6009280861,0.512272090673,0.157879024744,0.167333841324,0.0558324232697,-0.111501418054,reconstructions/d4edbcc97ec00f079508e13004cf8c0e01806e2a1c89e0eb93c0e8df45158196/pigdm-sensitivity-0.25-2-0.pt
d4edbcc97ec00f079508e13004cf8c0e01806e2a1c89e0eb93c0e8df45158196,3edb09d41378dfae155626fe72b75a2c4bde6a58,cff553233941e75169564d196f318bbdd728713e0809f049f5ada55d92b57e1e,7e25783c0a7c26e9b9f205121679098986989cb4fa109a54923972afe75d60ce,ac6168d8c51a9220ff3b88b5de5c6038c357dcd1c8a36c2a1f201e2293e484e8,False,zero_filled,sensitivity,0.25,2,1,0.03,0.03,0,0.25,23.9394918528,0.626413390803,0.447411417961,0.182980507612,0.0491804108024,-0.13380009681,reconstructions/d4edbcc97ec00f079508e13004cf8c0e01806e2a1c89e0eb93c0e8df45158196/zero_filled-sensitivity-0.25-2-1.pt
d4edbcc97ec00f079508e13004cf8c0e01806e2a1c89e0eb93c0e8df45158196,3edb09d41378dfae155626fe72b75a2c4bde6a58,cff553233941e75169564d196f318bbdd728713e0809f049f5ada55d92b57e1e,7e25783c0a7c26e9b9f205121679098986989cb4fa109a54923972afe75d60ce,ac6168d8c51a9220ff3b88b5de5c6038c357dcd1c8a36c2a1f201e2293e484e8,False,tv,sensitivity,0.25,2,1,0.03,0.03,0,0.25,24.2020960301,0.557010153701,0.317078977823,0.185382977128,0.0614012517035,-0.123981725425,reconstructions/d4edbcc97ec00f079508e13004cf8c0e01806e2a1c89e0eb93c0e8df45158196/tv-sensitivity-0.25-2-1.pt
d4edbcc97ec00f079508e13004cf8c0e01806e2a1c89e0eb93c0e8df45158196,3edb09d41378dfae155626fe72b75a2c4bde6a58,cff553233941e75169564d196f318bbdd728713e0809f049f5ada55d92b57e1e,7e25783c0a7c26e9b9f205121679098986989cb4fa109a54923972afe75d60ce,ac6168d8c51a9220ff3b88b5de5c6038c357dcd1c8a36c2a1f201e2293e484e8,False,dps,sensitivity,0.25,2,1,0.03,0.03,0,0.25,12.6821656913,0.2027597687,0.51915115118,0.475326925516,0.454486370087,-0.0208405554295,reconstructions/d4edbcc97ec00f079508e13004cf8c0e01806e2a1c89e0eb93c0e8df45158196/dps-sensitivity-0.25-2-1.pt
d4edbcc97ec00f079508e13004cf8c0e01806e2a1c89e0eb93c0e8df45158196,3edb09d41378dfae155626fe72b75a2c4bde6a58,cff553233941e75169564d196f318bbdd728713e0809f049f5ada55d92b57e1e,7e25783c0a7c26e9b9f205121679098986989cb4fa109a54923972afe75d60ce,ac6168d8c51a9220ff3b88b5de5c6038c357dcd1c8a36c2a1f201e2293e484e8,False,diffpir,sensitivity,0.25,2,1,0.03,0.03,0,0.25,6.11147623662,-0.00077729134906,0.745489895344,0.35811829567,0.311716288328,-0.0464020073414,reconstructions/d4edbcc97ec00f079508e13004cf8c0e01806e2a1c89e0eb93c0e8df45158196/diffpir-sensitivity-0.25-2-1.pt
d4edbcc97ec00f079508e13004cf8c0e01806e2a1c89e0eb93c0e8df45158196,3edb09d41378dfae155626fe72b75a2c4bde6a58,cff553233941e75169564d196f318bbdd728713e0809f049f5ada55d92b57e1e,7e25783c0a7c26e9b9f205121679098986989cb4fa109a54923972afe75d60ce,ac6168d8c51a9220ff3b88b5de5c6038c357dcd1c8a36c2a1f201e2293e484e8,False,pigdm,sensitivity,0.25,2,1,0.03,0.03,0,0.25,23.7651792733,0.501542040197,0.326145887375,0.190726235509,0.0726091340184,-0.11811710149,reconstructions/d4edbcc97ec00f079508e13004cf8c0e01806e2a1c89e0eb93c0e8df45158196/pigdm-sensitivity-0.25-2-1.pt
d4edbcc97ec00f079508e13004cf8c0e01806e2a1c89e0eb93c0e8df45158196,3edb09d41378dfae155626fe72b75a2c4bde6a58,cff553233941e75169564d196f318bbdd728713e0809f049f5ada55d92b57e1e,7e25783c0a7c26e9b9f205121679098986989cb4fa109a54923972afe75d60ce,ac6168d8c51a9220ff3b88b5de5c6038c357dcd1c8a36c2a1f201e2293e484e8,False,zero_filled,sensitivity,0.25,2,2,0.03,0.03,0,0.25,18.6612793914,0.526998819791,0.238251760602,0.20627771318,0.0681345462799,-0.1381431669,reconstructions/d4edbcc97ec00f079508e13004cf8c0e01806e2a1c89e0eb93c0e8df45158196/zero_filled-sensitivity-0.25-2-2.pt
d4edbcc97ec00f079508e13004cf8c0e01806e2a1c89e0eb93c0e8df45158196,3edb09d41378dfae155626fe72b75a2c4bde6a58,cff553233941e75169564d196f318bbdd728713e0809f049f5ada55d92b57e1e,7e25783c0a7c26e9b9f205121679098986989cb4fa109a54923972afe75d60ce,ac6168d8c51a9220ff3b88b5de5c6038c357dcd1c8a36c2a1f201e2293e484e8,False,tv,sensitivity,0.25,2,2,0.03,0.03,0,0.25,20.6560203315,0.74123775761,0.0808682963252,0.203733637929,0.0633821859956,-0.140351451933,reconstructions/d4edbcc97ec00f079508e13004cf8c0e01806e2a1c89e0eb93c0e8df45158196/tv-sensitivity-0.25-2-2.pt
d4edbcc97ec00f079508e13004cf8c0e01806e2a1c89e0eb93c0e8df45158196,3edb09d41378dfae155626fe72b75a2c4bde6a58,cff553233941e75169564d196f318bbdd728713e0809f049f5ada55d92b57e1e,7e25783c0a7c26e9b9f205121679098986989cb4fa109a54923972afe75d60ce,ac6168d8c51a9220ff3b88b5de5c6038c357dcd1c8a36c2a1f201e2293e484e8,False,dps,sensitivity,0.25,2,2,0.03,0.03,0,0.25,7.51353143038,0.0112928191823,0.421516895294,0.962614178658,0.940032541752,-0.0225816369057,reconstructions/d4edbcc97ec00f079508e13004cf8c0e01806e2a1c89e0eb93c0e8df45158196/dps-sensitivity-0.25-2-2.pt
d4edbcc97ec00f079508e13004cf8c0e01806e2a1c89e0eb93c0e8df45158196,3edb09d41378dfae155626fe72b75a2c4bde6a58,cff553233941e75169564d196f318bbdd728713e0809f049f5ada55d92b57e1e,7e25783c0a7c26e9b9f205121679098986989cb4fa109a54923972afe75d60ce,ac6168d8c51a9220ff3b88b5de5c6038c357dcd1c8a36c2a1f201e2293e484e8,False,diffpir,sensitivity,0.25,2,2,0.03,0.03,0,0.25,4.34074566997,0.0135464039015,0.920221567154,0.889891624451,0.862661242485,-0.0272303819656,reconstructions/d4edbcc97ec00f079508e13004cf8c0e01806e2a1c89e0eb93c0e8df45158196/diffpir-sensitivity-0.25-2-2.pt
d4edbcc97ec00f079508e13004cf8c0e01806e2a1c89e0eb93c0e8df45158196,3edb09d41378dfae155626fe72b75a2c4bde6a58,cff553233941e75169564d196f318bbdd728713e0809f049f5ada55d92b57e1e,7e25783c0a7c26e9b9f205121679098986989cb4fa109a54923972afe75d60ce,ac6168d8c51a9220ff3b88b5de5c6038c357dcd1c8a36c2a1f201e2293e484e8,False,pigdm,sensitivity,0.25,2,2,0.03,0.03,0,0.25,17.7467718048,0.511436717475,0.112408608198,0.24461196363,0.151432171464,-0.0931797921658,reconstructions/d4edbcc97ec00f079508e13004cf8c0e01806e2a1c89e0eb93c0e8df45158196/pigdm-sensitivity-0.25-2-2.pt
d4edbcc97ec00f079508e13004cf8c0e01806e2a1c89e0eb93c0e8df45158196,3edb09d41378dfae155626fe72b75a2c4bde6a58,cff553233941e75169564d196f318bbdd728713e0809f049f5ada55d92b57e1e,7e25783c0a7c26e9b9f205121679098986989cb4fa109a54923972afe75d60ce,ac6168d8c51a9220ff3b88b5de5c6038c357dcd1c8a36c2a1f201e2293e484e8,False,zero_filled,sensitivity,0.25,2,3,0.03,0.03,0,0.25,20.9650666184,0.59878589681,0.279850065708,0.171333178878,0.0493978559971,-0.121935322881,reconstructions/d4edbcc97ec00f079508e13004cf8c0e01806e2a1c89e0eb93c0e8df45158196/zero_filled-sensitivity-0.25-2-3.pt
d4edbcc97ec00f079508e13004cf8c0e01806e2a1c89e0eb93c0e8df45158196,3edb09d41378dfae155626fe72b75a2c4bde6a58,cff553233941e75169564d196f318bbdd728713e0809f049f5ada55d92b57e1e,7e25783c0a7c26e9b9f205121679098986989cb4fa109a54923972afe75d60ce,ac6168d8c51a9220ff3b88b5de5c6038c357dcd1c8a36c2a1f201e2293e484e8,False,tv,sensitivity,0.25,2,3,0.03,0.03,0,0.25,24.0578405219,0.727339859879,0.185172408819,0.170579224825,0.0479697212577,-0.122609503567,reconstructions/d4edbcc97ec00f079508e13004cf8c0e01806e2a1c89e0eb93c0e8df45158196/tv-sensitivity-0.25-2-3.pt
d4edbcc97ec00f079508e13004cf8c0e01806e2a1c89e0eb93c0e8df45158196,3edb09d41378dfae155626fe72b75a2c4bde6a58,cff553233941e75169564d196f318bbdd728713e0809f049f5ada55d92b57e1e,7e25783c0a7c26e9b9f205121679098986989cb4fa109a54923972afe75d60ce,ac6168d8c51a9220ff3b88b5de5c6038c357dcd1c8a36c2a1f201e2293e484e8,False,dps,sensitivity,0.25,2,3,0.03,0.03,0,0.25,9.61150795671,0.0831890245976,0.523001849651,0.520318210125,0.510623693466,-0.00969451665878,reconstructions/d4edbcc97ec00f079508e13004cf8c0e01806e2a1c89e0eb93c0e8df45158196/dps-sensitivity-0.25-2-3.pt
d4edbcc97ec00f079508e13004cf8c0e01806e2a1c89e0eb93c0e8df45158196,3edb09d41378dfae155626fe72b75a2c4bde6a58,cff553233941e75169564d196f318bbdd728713e0809f049f5ada55d92b57e1e,7e25783c0a7c26e9b9f205121679098986989cb4fa109a54923972afe75d60ce,ac6168d8c51a9220ff3b88b5de5c6038c357dcd1c8a36c2a1f201e2293e484e8,False,diffpir,sensitivity,0.25,2,3,0.03,0.03,0,0.25,5.51285381959,0.00542676868404,0.991943955421,0.404795080423,0.386554896832,-0.0182401835918,reconstructions/d4edbcc97ec00f079508e13004cf8c0e01806e2a1c89e0eb93c0e8df45158196/diffpir-sensitivity-0.25-2-3.pt
d4edbcc97ec00f079508e13004cf8c0e01806e2a1c89e0eb93c0e8df45158196,3edb09d41378dfae155626fe72b75a2c4bde6a58,cff553233941e75169564d196f318bbdd728713e0809f049f5ada55d92b57e1e,7e25783c0a7c26e9b9f205121679098986989cb4fa109a54923972afe75d60ce,ac6168d8c51a9220ff3b88b5de5c6038c357dcd1c8a36c2a1f201e2293e484e8,False,pigdm,sensitivity,0.25,2,3,0.03,0.03,0,0.25,20.2357326402,0.586394644534,0.173819974065,0.185297563672,0.0887843072414,-0.0965132564306,reconstructions/d4edbcc97ec00f079508e13004cf8c0e01806e2a1c89e0eb93c0e8df45158196/pigdm-sensitivity-0.25-2-3.pt
d4edbcc97ec00f079508e13004cf8c0e01806e2a1c89e0eb93c0e8df45158196,3edb09d41378dfae155626fe72b75a2c4bde6a58,cff553233941e75169564d196f318bbdd728713e0809f049f5ada55d92b57e1e,7e25783c0a7c26e9b9f205121679098986989cb4fa109a54923972afe75d60ce,ac6168d8c51a9220ff3b88b5de5c6038c357dcd1c8a36c2a1f201e2293e484e8,False,zero_filled,sensitivity,0.25,2,4,0.03,0.03,0,0.25,20.4963590755,0.686662223758,0.242311835289,0.142485886812,0.0460583642125,-0.0964275225997,reconstructions/d4edbcc97ec00f079508e13004cf8c0e01806e2a1c89e0eb93c0e8df45158196/zero_filled-sensitivity-0.25-2-4.pt
d4edbcc97ec00f079508e13004cf8c0e01806e2a1c89e0eb93c0e8df45158196,3edb09d41378dfae155626fe72b75a2c4bde6a58,cff553233941e75169564d196f318bbdd728713e0809f049f5ada55d92b57e1e,7e25783c0a7c26e9b9f205121679098986989cb4fa109a54923972afe75d60ce,ac6168d8c51a9220ff3b88b5de5c6038c357dcd1c8a36c2a1f201e2293e484e8,False,tv,sensitivity,0.25,2,4,0.03,0.03,0,0.25,20.7799324068,0.693499642933,0.123336091638,0.141098231077,0.0460064336658,-0.0950917974114,reconstructions/d4edbcc97ec00f079508e13004cf8c0e01806e2a1c89e0eb93c0e8df45158196/tv-sensitivity-0.25-2-4.pt
d4edbcc97ec00f079508e13004cf8c0e01806e2a1c89e0eb93c0e8df45158196,3edb09d41378dfae155626fe72b75a2c4bde6a58,cff553233941e75169564d196f318bbdd728713e0809f049f5ada55d92b57e1e,7e25783c0a7c26e9b9f205121679098986989cb4fa109a54923972afe75d60ce,ac6168d8c51a9220ff3b88b5de5c6038c357dcd1c8a36c2a1f201e2293e484e8,False,dps,sensitivity,0.25,2,4,0.03,0.03,0,0.25,9.35918931916,0.00958298914617,0.234919771552,0.502055704594,0.491065055132,-0.0109906494617,reconstructions/d4edbcc97ec00f079508e13004cf8c0e01806e2a1c89e0eb93c0e8df45158196/dps-sensitivity-0.25-2-4.pt
d4edbcc97ec00f079508e13004cf8c0e01806e2a1c89e0eb93c0e8df45158196,3edb09d41378dfae155626fe72b75a2c4bde6a58,cff553233941e75169564d196f318bbdd728713e0809f049f5ada55d92b57e1e,7e25783c0a7c26e9b9f205121679098986989cb4fa109a54923972afe75d60ce,ac6168d8c51a9220ff3b88b5de5c6038c357dcd1c8a36c2a1f201e2293e484e8,False,diffpir,sensitivity,0.25,2,4,0.03,0.03,0,0.25,5.18549057136,0.0134644918148,0.940155386925,0.433637171984,0.427194446325,-0.00644272565842,reconstructions/d4edbcc97ec00f079508e13004cf8c0e01806e2a1c89e0eb93c0e8df45158196/diffpir-sensitivity-0.25-2-4.pt
d4edbcc97ec00f079508e13004cf8c0e01806e2a1c89e0eb93c0e8df45158196,3edb09d41378dfae155626fe72b75a2c4bde6a58,cff553233941e75169564d196f318bbdd728713e0809f049f5ada55d92b57e1e,7e25783c0a7c26e9b9f205121679098986989cb4fa109a54923972afe75d60ce,ac6168d8c51a9220ff3b88b5de5c6038c357dcd1c8a36c2a1f201e2293e484e8,False,pigdm,sensitivity,0.25,2,4,0.03,0.03,0,0.25,20.2841525242,0.590782942866,0.0929225832224,0.144908383489,0.0560774095356,-0.088830973953,reconstructions/d4edbcc97ec00f079508e13004cf8c0e01806e2a1c89e0eb93c0e8df45158196/pigdm-sensitivity-0.25-2-4.pt
d4edbcc97ec00f079508e13004cf8c0e01806e2a1c89e0eb93c0e8df45158196,3edb09d41378dfae155626fe72b75a2c4bde6a58,cff553233941e75169564d196f318bbdd728713e0809f049f5ada55d92b57e1e,7e25783c0a7c26e9b9f205121679098986989cb4fa109a54923972afe75d60ce,ac6168d8c51a9220ff3b88b5de5c6038c357dcd1c8a36c2a1f201e2293e484e8,False,zero_filled,sensitivity,0.25,2,5,0.03,0.03,0,0.25,20.5585043059,0.567035123743,0.382358491421,0.168803945184,0.0436409190297,-0.125163026154,reconstructions/d4edbcc97ec00f079508e13004cf8c0e01806e2a1c89e0eb93c0e8df45158196/zero_filled-sensitivity-0.25-2-5.pt
d4edbcc97ec00f079508e13004cf8c0e01806e2a1c89e0eb93c0e8df45158196,3edb09d41378dfae155626fe72b75a2c4bde6a58,cff553233941e75169564d196f318bbdd728713e0809f049f5ada55d92b57e1e,7e25783c0a7c26e9b9f205121679098986989cb4fa109a54923972afe75d60ce,ac6168d8c51a9220ff3b88b5de5c6038c357dcd1c8a36c2a1f201e2293e484e8,False,tv,sensitivity,0.25,2,5,0.03,0.03,0,0.25,20.6928404024,0.522618068154,0.289385914803,0.170495450497,0.0501489341259,-0.120346516371,reconstructions/d4edbcc97ec00f079508e13004cf8c0e01806e2a1c89e0eb93c0e8df45158196/tv-sensitivity-0.25-2-5.pt
d4edbcc97ec00f079508e13004cf8c0e01806e2a1c89e0eb93c0e8df45158196,3edb09d41378dfae155626fe72b75a2c4bde6a58,cff553233941e75169564d196f318bbdd728713e0809f049f5ada55d92b57e1e,7e25783c0a7c26e9b9f205121679098986989cb4fa109a54923972afe75d60ce,ac6168d8c51a9220ff3b88b5de5c6038c357dcd1c8a36c2a1f201e2293e484e8,False,dps,sensitivity,0.25,2,5,0.03,0.03,0,0.25,9.85729104056,0.0812743752913,0.573631107807,0.481567680836,0.448180288076,-0.0333873927593,reconstructions/d4edbcc97ec00f079508e13004cf8c0e01806e2a1c89e0eb93c0e8df45158196/dps-sensitivity-0.25-2-5.pt
d4edbcc97ec00f079508e13004cf8c0e01806e2a1c89e0eb93c0e8df45158196,3edb09d41378dfae155626fe72b75a2c4bde6a58,cff553233941e75169564d196f318bbdd728713e0809f049f5ada55d92b57e1e,7e25783c0a7c26e9b9f205121679098986989cb4fa109a54923972afe75d60ce,ac6168d8c51a9220ff3b88b5de5c6038c357dcd1c8a36c2a1f201e2293e484e8,False,diffpir,sensitivity,0.25,2,5,0.03,0.03,0,0.25,5.47755128756,0.00809719690436,0.8404545784,0.377210378647,0.351630717516,-0.0255796611309,reconstructions/d4edbcc97ec00f079508e13004cf8c0e01806e2a1c89e0eb93c0e8df45158196/diffpir-sensitivity-0.25-2-5.pt
d4edbcc97ec00f079508e13004cf8c0e01806e2a1c89e0eb93c0e8df45158196,3edb09d41378dfae155626fe72b75a2c4bde6a58,cff553233941e75169564d196f318bbdd728713e0809f049f5ada55d92b57e1e,7e25783c0a7c26e9b9f205121679098986989cb4fa109a54923972afe75d60ce,ac6168d8c51a9220ff3b88b5de5c6038c357dcd1c8a36c2a1f201e2293e484e8,False,pigdm,sensitivity,0.25,2,5,0.03,0.03,0,0.25,19.624182982,0.415879585786,0.235869765282,0.175216689706,0.0627897456288,-0.112426944077,reconstructions/d4edbcc97ec00f079508e13004cf8c0e01806e2a1c89e0eb93c0e8df45158196/pigdm-sensitivity-0.25-2-5.pt
d4edbcc97ec00f079508e13004cf8c0e01806e2a1c89e0eb93c0e8df45158196,3edb09d41378dfae155626fe72b75a2c4bde6a58,cff553233941e75169564d196f318bbdd728713e0809f049f5ada55d92b57e1e,7e25783c0a7c26e9b9f205121679098986989cb4fa109a54923972afe75d60ce,ac6168d8c51a9220ff3b88b5de5c6038c357dcd1c8a36c2a1f201e2293e484e8,False,zero_filled,sensitivity,0.25,2,6,0.03,0.03,0,0.25,17.345227722,0.458742235801,0.308554887772,0.20282022655,0.0779255479574,-0.124894678593,reconstructions/d4edbcc97ec00f079508e13004cf8c0e01806e2a1c89e0eb93c0e8df45158196/zero_filled-sensitivity-0.25-2-6.pt
d4edbcc97ec00f079508e13004cf8c0e01806e2a1c89e0eb93c0e8df45158196,3edb09d41378dfae155626fe72b75a2c4bde6a58,cff553233941e75169564d196f318bbdd728713e0809f049f5ada55d92b57e1e,7e25783c0a7c26e9b9f205121679098986989cb4fa109a54923972afe75d60ce,ac6168d8c51a9220ff3b88b5de5c6038c357dcd1c8a36c2a1f201e2293e484e8,False,tv,sensitivity,0.25,2,6,0.03,0.03,0,0.25,19.331049209,0.641757426326,0.126497134566,0.199566230178,0.0676561146975,-0.13191011548,reconstructions/d4edbcc97ec00f079508e13004cf8c0e01806e2a1c89e0eb93c0e8df45158196/tv-sensitivity-0.25-2-6.pt
d4edbcc97ec00f079508e13004cf8c0e01806e2a1c89e0eb93c0e8df45158196,3edb09d41378dfae155626fe72b75a2c4bde6a58,cff553233941e75169564d196f318bbdd728713e0809f049f5ada55d92b57e1e,7e25783c0a7c26e9b9f205121679098986989cb4fa109a54923972afe75d60ce,ac6168d8c51a9220ff3b88b5de5c6038c357dcd1c8a36c2a1f201e2293e484e8,False,dps,sensitivity,0.25,2,6,0.03,0.03,0,0.25,4.31049091022,-0.00882248824831,0.522740602493,1.48466825485,1.45486354828,-0.0298047065735,reconstructions/d4edbcc97ec00f079508e13004cf8c0e01806e2a1c89e0eb93c0e8df45158196/dps-sensitivity-0.25-2-6.pt
d4edbcc97ec00f079508e13004cf8c0e01806e2a1c89e0eb93c0e8df45158196,3edb09d41378dfae155626fe72b75a2c4bde6a58,cff553233941e75169564d196f318bbdd728713e0809f049f5ada55d92b57e1e,7e25783c0a7c26e9b9f205121679098986989cb4fa109a54923972afe75d60ce,ac6168d8c51a9220ff3b88b5de5c6038c357dcd1c8a36c2a1f201e2293e484e8,False,diffpir,sensitivity,0.25,2,6,0.03,0.03,0,0.25,4.21743192589,0.00933820660814,0.922785520554,0.948461353779,0.923870503902,-0.0245908498764,reconstructions/d4edbcc97ec00f079508e13004cf8c0e01806e2a1c89e0eb93c0e8df45158196/diffpir-sensitivity-0.25-2-6.pt
d4edbcc97ec00f079508e13004cf8c0e01806e2a1c89e0eb93c0e8df45158196,3edb09d41378dfae155626fe72b75a2c4bde6a58,cff553233941e75169564d196f318bbdd728713e0809f049f5ada55d92b57e1e,7e25783c0a7c26e9b9f205121679098986989cb4fa109a54923972afe75d60ce,ac6168d8c51a9220ff3b88b5de5c6038c357dcd1c8a36c2a1f201e2293e484e8,False,pigdm,sensitivity,0.25,2,6,0.03,0.03,0,0.25,17.5750067667,0.462783248491,0.138151884079,0.232995420694,0.140351876616,-0.0926435440779,reconstructions/d4edbcc97ec00f079508e13004cf8c0e01806e2a1c89e0eb93c0e8df45158196/pigdm-sensitivity-0.25-2-6.pt
d4edbcc97ec00f079508e13004cf8c0e01806e2a1c89e0eb93c0e8df45158196,3edb09d41378dfae155626fe72b75a2c4bde6a58,cff553233941e75169564d196f318bbdd728713e0809f049f5ada55d92b57e1e,7e25783c0a7c26e9b9f205121679098986989cb4fa109a54923972afe75d60ce,ac6168d8c51a9220ff3b88b5de5c6038c357dcd1c8a36c2a1f201e2293e484e8,False,zero_filled,sensitivity,0.25,2,7,0.03,0.03,0,0.25,19.6398510856,0.578153928555,0.262449800968,0.156959325075,0.0677884370089,-0.0891708880663,reconstructions/d4edbcc97ec00f079508e13004cf8c0e01806e2a1c89e0eb93c0e8df45158196/zero_filled-sensitivity-0.25-2-7.pt
d4edbcc97ec00f079508e13004cf8c0e01806e2a1c89e0eb93c0e8df45158196,3edb09d41378dfae155626fe72b75a2c4bde6a58,cff553233941e75169564d196f318bbdd728713e0809f049f5ada55d92b57e1e,7e25783c0a7c26e9b9f205121679098986989cb4fa109a54923972afe75d60ce,ac6168d8c51a9220ff3b88b5de5c6038c357dcd1c8a36c2a1f201e2293e484e8,False,tv,sensitivity,0.25,2,7,0.03,0.03,0,0.25,21.3731345938,0.707388337532,0.0960302501917,0.153821662068,0.0637522339821,-0.0900694280863,reconstructions/d4edbcc97ec00f079508e13004cf8c0e01806e2a1c89e0eb93c0e8df45158196/tv-sensitivity-0.25-2-7.pt
d4edbcc97ec00f079508e13004cf8c0e01806e2a1c89e0eb93c0e8df45158196,3edb09d41378dfae155626fe72b75a2c4bde6a58,cff553233941e75169564d196f318bbdd728713e0809f049f5ada55d92b57e1e,7e25783c0a7c26e9b9f205121679098986989cb4fa109a54923972afe75d60ce,ac6168d8c51a9220ff3b88b5de5c6038c357dcd1c8a36c2a1f201e2293e484e8,False,dps,sensitivity,0.25,2,7,0.03,0.03,0,0.25,6.66185512839,0.0749355216111,0.577964603901,1.0603812933,1.04096698761,-0.019414305687,reconstructions/d4edbcc97ec00f079508e13004cf8c0e01806e2a1c89e0eb93c0e8df45158196/dps-sensitivity-0.25-2-7.pt
d4edbcc97ec00f079508e13004cf8c0e01806e2a1c89e0eb93c0e8df45158196,3edb09d41378dfae155626fe72b75a2c4bde6a58,cff553233941e75169564d196f318bbdd728713e0809f049f5ada55d92b57e1e,7e25783c0a7c26e9b9f205121679098986989cb4fa109a54923972afe75d60ce,ac6168d8c51a9220ff3b88b5de5c6038c357dcd1c8a36c2a1f201e2293e484e8,False,diffpir,sensitivity,0.25,2,7,0.03,0.03,0,0.25,4.63892689341,0.00440196668226,0.91187441349,0.781540215015,0.767272651196,-0.0142675638199,reconstructions/d4edbcc97ec00f079508e13004cf8c0e01806e2a1c89e0eb93c0e8df45158196/diffpir-sensitivity-0.25-2-7.pt
d4edbcc97ec00f079508e13004cf8c0e01806e2a1c89e0eb93c0e8df45158196,3edb09d41378dfae155626fe72b75a2c4bde6a58,cff553233941e75169564d196f318bbdd728713e0809f049f5ada55d92b57e1e,7e25783c0a7c26e9b9f205121679098986989cb4fa109a54923972afe75d60ce,ac6168d8c51a9220ff3b88b5de5c6038c357dcd1c8a36c2a1f201e2293e484e8,False,pigdm,sensitivity,0.25,2,7,0.03,0.03,0,0.25,19.8577910385,0.528414476573,0.117275103927,0.196261525154,0.138275370002,-0.0579861551523,reconstructions/d4edbcc97ec00f079508e13004cf8c0e01806e2a1c89e0eb93c0e8df45158196/pigdm-sensitivity-0.25-2-7.pt
d4edbcc97ec00f079508e13004cf8c0e01806e2a1c89e0eb93c0e8df45158196,3edb09d41378dfae155626fe72b75a2c4bde6a58,cff553233941e75169564d196f318bbdd728713e0809f049f5ada55d92b57e1e,7e25783c0a7c26e9b9f205121679098986989cb4fa109a54923972afe75d60ce,ac6168d8c51a9220ff3b88b5de5c6038c357dcd1c8a36c2a1f201e2293e484e8,False,zero_filled,sensitivity,0.375,0,0,0.03,0.03,0,0.25,21.8087394136,0.650839812768,0.227786511183,0.246135920286,0.0660599917173,-0.180075928569,reconstructions/d4edbcc97ec00f079508e13004cf8c0e01806e2a1c89e0eb93c0e8df45158196/zero_filled-sensitivity-0.375-0-0.pt
d4edbcc97ec00f079508e13004cf8c0e01806e2a1c89e0eb93c0e8df45158196,3edb09d41378dfae155626fe72b75a2c4bde6a58,cff553233941e75169564d196f318bbdd728713e0809f049f5ada55d92b57e1e,7e25783c0a7c26e9b9f205121679098986989cb4fa109a54923972afe75d60ce,ac6168d8c51a9220ff3b88b5de5c6038c357dcd1c8a36c2a1f201e2293e484e8,False,tv,sensitivity,0.375,0,0,0.03,0.03,0,0.25,22.3494165708,0.669970360067,0.122341901064,0.2450273633,0.0679242387414,-0.177103124559,reconstructions/d4edbcc97ec00f079508e13004cf8c0e01806e2a1c89e0eb93c0e8df45158196/tv-sensitivity-0.375-0-0.pt
d4edbcc97ec00f079508e13004cf8c0e01806e2a1c89e0eb93c0e8df45158196,3edb09d41378dfae155626fe72b75a2c4bde6a58,cff553233941e75169564d196f318bbdd728713e0809f049f5ada55d92b57e1e,7e25783c0a7c26e9b9f205121679098986989cb4fa109a54923972afe75d60ce,ac6168d8c51a9220ff3b88b5de5c6038c357dcd1c8a36c2a1f201e2293e484e8,False,dps,sensitivity,0.375,0,0,0.03,0.03,0,0.25,7.70704358248,0.0625800462093,0.393897533417,0.658721804619,0.638060986996,-0.0206608176231,reconstructions/d4edbcc97ec00f079508e13004cf8c0e01806e2a1c89e0eb93c0e8df45158196/dps-sensitivity-0.375-0-0.pt
d4edbcc97ec00f079508e13004cf8c0e01806e2a1c89e0eb93c0e8df45158196,3edb09d41378dfae155626fe72b75a2c4bde6a58,cff553233941e75169564d196f318bbdd728713e0809f049f5ada55d92b57e1e,7e25783c0a7c26e9b9f205121679098986989cb4fa109a54923972afe75d60ce,ac6168d8c51a9220ff3b88b5de5c6038c357dcd1c8a36c2a1f201e2293e484e8,False,diffpir,sensitivity,0.375,0,0,0.03,0.03,0,0.25,5.83574361527,0.00722193508914,0.974526464939,0.387528210878,0.318419873714,-0.0691083371639,reconstructions/d4edbcc97ec00f079508e13004cf8c0e01806e2a1c89e0eb93c0e8df45158196/diffpir-sensitivity-0.375-0-0.pt
d4edbcc97ec00f079508e13004cf8c0e01806e2a1c89e0eb93c0e8df45158196,3edb09d41378dfae155626fe72b75a2c4bde6a58,cff553233941e75169564d196f318bbdd728713e0809f049f5ada55d92b57e1e,7e25783c0a7c26e9b9f205121679098986989cb4fa109a54923972afe75d60ce,ac6168d8c51a9220ff3b88b5de5c6038c357dcd1c8a36c2a1f201e2293e484e8,False,pigdm,sensitivity,0.375,0,0,0.03,0.03,0,0.25,21.2591408259,0.6029629314,0.121149532497,0.249525249004,0.0805558413267,-0.168969407678,reconstructions/d4edbcc97ec00f079508e13004cf8c0e01806e2a1c89e0eb93c0e8df45158196/pigdm-sensitivity-0.375-0-0.pt
d4edbcc97ec00f079508e13004cf8c0e01806e2a1c89e0eb93c0e8df45158196,3edb09d41378dfae155626fe72b75a2c4bde6a58,cff553233941e75169564d196f318bbdd728713e0809f049f5ada55d92b57e1e,7e25783c0a7c26e9b9f205121679098986989cb4fa109a54923972afe75d60ce,ac6168d8c51a9220ff3b88b5de5c6038c357dcd1c8a36c2a1f201e2293e484e8,False,zero_filled,sensitivity,0.375,0,1,0.03,0.03,0,0.25,24.0677293729,0.653084300113,0.490810036659,0.268983334303,0.0694117546082,-0.199571579695,reconstructions/d4edbcc97ec00f079508e13004cf8c0e01806e2a1c89e0eb93c0e8df45158196/zero_filled-sensitivity-0.375-0-1.pt
d4edbcc97ec00f079508e13004cf8c0e01806e2a1c89e0eb93c0e8df45158196,3edb09d41378dfae155626fe72b75a2c4bde6a58,cff553233941e75169564d196f318bbdd728713e0809f049f5ada55d92b57e1e,7e25783c0a7c26e9b9f205121679098986989cb4fa109a54923972afe75d60ce,ac6168d8c51a9220ff3b88b5de5c6038c357dcd1c8a36c2a1f201e2293e484e8,False,tv,sensitivity,0.375,0,1,0.03,0.03,0,0.25,24.5116411678,0.603317533861,0.406367957592,0.269004195929,0.0782287046313,-0.190775491297,reconstructions/d4edbcc97ec00f079508e13004cf8c0e01806e2a1c89e0eb93c0e8df45158196/tv-sensitivity-0.375-0-1.pt
d4edbcc97ec00f079508e13004cf8c0e01806e2a1c89e0eb93c0e8df45158196,3edb09d41378dfae155626fe72b75a2c4bde6a58,cff553233941e75169564d196f318bbdd728713e0809f049f5ada55d92b57e1e,7e25783c0a7c26e9b9f205121679098986989cb4fa109a54923972afe75d60ce,ac6168d8c51a9220ff3b88b5de5c6038c357dcd1c8a36c2a1f201e2293e484e8,False,dps,sensitivity,0.375,0,1,0.03,0.03,0,0.25,12.8979403367,0.112511333761,0.519902229309,0.504545092583,0.430016875267,-0.0745282173157,reconstructions/d4edbcc97ec00f079508e13004cf8c0e01806e2a1c89e0eb93c0e8df45158196/dps-sensitivity-0.375-0-1.pt
d4edbcc97ec00f079508e13004cf8c0e01806e2a1c89e0eb93c0e8df45158196,3edb09d41378dfae155626fe72b75a2c4bde6a58,cff553233941e75169564d196f318bbdd728713e0809f049f5ada55d92b57e1e,7e25783c0a7c26e9b9f205121679098986989cb4fa109a54923972afe75d60ce,ac6168d8c51a9220ff3b88b5de5c6038c357dcd1c8a36c2a1f201e2293e484e8,False,diffpir,sensitivity,0.375,0,1,0.03,0.03,0,0.25,6.14981687812,0.010790153428,0.80555832386,0.41271674633,0.322239160538,-0.0904775857925,reconstructions/d4edbcc97ec00f079508e13004cf8c0e01806e2a1c89e0eb93c0e8df45158196/diffpir-sensitivity-0.375-0-1.pt
d4edbcc97ec00f079508e13004cf8c0e01806e2a1c89e0eb93c0e8df45158196,3edb09d41378dfae155626fe72b75a2c4bde6a58,cff553233941e75169564d196f318bbdd728713e0809f049f5ada55d92b57e1e,7e25783c0a7c26e9b9f205121679098986989cb4fa109a54923972afe75d60ce,ac6168d8c51a9220ff3b88b5de5c6038c357dcd1c8a36c2a1f201e2293e484e8,False,pigdm,sensitivity,0.375,0,1,0.03,0.03,0,0.25,23.6621258687,0.512211264439,0.417146623135,0.274734795094,0.0874430686235,-0.18729172647,reconstructions/d4edbcc97ec00f079508e13004cf8c0e01806e2a1c89e0eb93c0e8df45158196/pigdm-sensitivity-0.375-0-1.pt
d4edbcc97ec00f079508e13004cf8c0e01806e2a1c89e0eb93c0e8df45158196,3edb09d41378dfae155626fe72b75a2c4bde6a58,cff553233941e75169564d196f318bbdd728713e0809f049f5ada55d92b57e1e,7e25783c0a7c26e9b9f205121679098986989cb4fa109a54923972afe75d60ce,ac6168d8c51a9220ff3b88b5de5c6038c357dcd1c8a36c2a1f201e2293e484e8,False,zero_filled,sensitivity,0.375,0,2,0.03,0.03,0,0.25,19.4064412074,0.561891925078,0.217713788152,0.303677737713,0.100005961955,-0.203671775758,reconstructions/d4edbcc97ec00f079508e13004cf8c0e01806e2a1c89e0eb93c0e8df45158196/zero_filled-sensitivity-0.375-0-2.pt
d4edbcc97ec00f079508e13004cf8c0e01806e2a1c89e0eb93c0e8df45158196,3edb09d41378dfae155626fe72b75a2c4bde6a58,cff553233941e75169564d196f318bbdd728713e0809f049f5ada55d92b57e1e,7e25783c0a7c26e9b9f205121679098986989cb4fa109a54923972afe75d60ce,ac6168d8c51a9220ff3b88b5de5c6038c357dcd1c8a36c2a1f201e2293e484e8,False,tv,sensitivity,0.375,0,2,0.03,0.03,0,0.25,21.9269869725,0.775285297157,0.0514000095427,0.297228425741,0.0854218006134,-0.211806625128,reconstructions/d4edbcc97ec00f079508e13004cf8c0e01806e2a1c89e0eb93c0e8df45158196/tv-sensitivity-0.375-0-2.pt
d4edbcc97ec00f079508e13004cf8c0e01806e2a1c89e0eb93c0e8df45158196,3edb09d41378dfae155626fe72b75a2c4bde6a58,cff553233941e75169564d196f318bbdd728713e0809f049f5ada55d92b57e1e,7e25783c0a7c26e9b9f205121679098986989cb4fa109a54923972afe75d60ce,ac6168d8c51a9220ff3b88b5de5c6038c357dcd1c8a36c2a1f201e2293e484e8,False,dps,sensitivity,0.375,0,2,0.03,0.03,0,0.25,11.3418780176,0.178041754619,0.143036067486,0.61119890213,0.56637108326,-0.0448278188705,reconstructions/d4edbcc97ec00f079508e13004cf8c0e01806e2a1c89e0eb93c0e8df45158196/dps-sensitivity-0.375-0-2.pt
d4edbcc97ec00f079508e13004cf8c0e01806e2a1c89e0eb93c0e8df45158196,3edb09d41378dfae155626fe72b75a2c4bde6a58,cff553233941e75169564d196f318bbdd728713e0809f049f5ada55d92b57e1e,7e25783c0a7c26e9b9f205121679098986989cb4fa109a54923972afe75d60ce,ac6168d8c51a9220ff3b88b5de5c6038c357dcd1c8a36c2a1f201e2293e484e8,False,diffpir,sensitivity,0.375,0,2,0.03,0.03,0,0.25,4.39013872338,0.0135684069085,0.927945137024,0.91131746769,0.861682057381,-0.0496354103088,reconstructions/d4edbcc97ec00f079508e13004cf8c0e01806e2a1c89e0eb93c0e8df45158196/diffpir-sensitivity-0.375-0-2.pt
d4edbcc97ec00f079508e13004cf8c0e01806e2a1c89e0eb93c0e8df45158196,3edb09d41378dfae155626fe72b75a2c4bde6a58,cff553233941e75169564d196f318bbdd728713e0809f049f5ada55d92b57e1e,7e25783c0a7c26e9b9f205121679098986989cb4fa109a54923972afe75d60ce,ac6168d8c51a9220ff3b88b5de5c6038c357dcd1c8a36c2a1f201e2293e484e8,False,pigdm,sensitivity,0.375,0,2,0.03,0.03,0,0.25,16.8057423936,0.499233604949,0.167707651854,0.36897996068,0.228852301836,-0.140127658844,reconstructions/d4edbcc97ec00f079508e13004cf8c0e01806e2a1c89e0eb93c0e8df45158196/pigdm-sensitivity-0.375-0-2.pt
d4edbcc97ec00f079508e13004cf8c0e01806e2a1c89e0eb93c0e8df45158196,3edb09d41378dfae155626fe72b75a2c4bde6a58,cff553233941e75169564d196f318bbdd728713e0809f049f5ada55d92b57e1e,7e25783c0a7c26e9b9f205121679098986989cb4fa109a54923972afe75d60ce,ac6168d8c51a9220ff3b88b5de5c6038c357dcd1c8a36c2a1f201e2293e484e8,False,zero_filled,sensitivity,0.375,0,3,0.03,0.03,0,0.25,21.1699374367,0.585192788109,0.29495242238,0.2543014884,0.0733381360769,-0.180963352323,reconstructions/d4edbcc97ec00f079508e13004cf8c0e01806e2a1c89e0eb93c0e8df45158196/zero_filled-sensitivity-0.375-0-3.pt
d4edbcc97ec00f079508e13004cf8c0e01806e2a1c89e0eb93c0e8df45158196,3edb09d41378dfae155626fe72b75a2c4bde6a58,cff553233941e75169564d196f318bbdd728713e0809f049f5ada55d92b57e1e,7e25783c0a7c26e9b9f205121679098986989cb4fa109a54923972afe75d60ce,ac6168d8c51a9220ff3b88b5de5c6038c357dcd1c8a36c2a1f201e2293e484e8,False,tv,sensitivity,0.375,0,3,0.03,0.03,0,0.25,24.1990573305,0.729060331986,0.161289215088,0.252415686846,0.0678793787956,-0.18453630805,reconstructions/d4edbcc97ec00f079508e13004cf8c0e01806e2a1c89e0eb93c0e8df45158196/tv-sensitivity-0.375-0-3.pt
d4edbcc97ec00f079508e13004cf8c0e01806e2a1c89e0eb93c0e8df45158196,3edb09d41378dfae155626fe72b75a2c4bde6a58,cff553233941e75169564d196f318bbdd728713e0809f049f5ada55d92b57e1e,7e25783c0a7c26e9b9f205121679098986989cb4fa109a54923972afe75d60ce,ac6168d8c51a9220ff3b88b5de5c6038c357dcd1c8a36c2a1f201e2293e484e8,False,dps,sensitivity,0.375,0,3,0.03,0.03,0,0.25,5.55120595927,0.0364991223209,0.594774901867,0.856784403324,0.857606768608,0.000822365283966,reconstructions/d4edbcc97ec00f079508e13004cf8c0e01806e2a1c89e0eb93c0e8df45158196/dps-sensitivity-0.375-0-3.pt
d4edbcc97ec00f079508e13004cf8c0e01806e2a1c89e0eb93c0e8df45158196,3edb09d41378dfae155626fe72b75a2c4bde6a58,cff553233941e75169564d196f318bbdd728713e0809f049f5ada55d92b57e1e,7e25783c0a7c26e9b9f205121679098986989cb4fa109a54923972afe75d60ce,ac6168d8c51a9220ff3b88b5de5c6038c357dcd1c8a36c2a1f201e2293e484e8,False,diffpir,sensitivity,0.375,0,3,0.03,0.03,0,0.25,5.51208492811,0.00903697870426,1.02467489243,0.439196765423,0.394618868828,-0.044577896595,reconstructions/d4edbcc97ec00f079508e13004cf8c0e01806e2a1c89e0eb93c0e8df45158196/diffpir-sensitivity-0.375-0-3.pt
d4edbcc97ec00f079508e13004cf8c0e01806e2a1c89e0eb93c0e8df45158196,3edb09d41378dfae155626fe72b75a2c4bde6a58,cff553233941e75169564d196f318bbdd728713e0809f049f5ada55d92b57e1e,7e25783c0a7c26e9b9f205121679098986989cb4fa109a54923972afe75d60ce,ac6168d8c51a9220ff3b88b5de5c6038c357dcd1c8a36c2a1f201e2293e484e8,False,pigdm,sensitivity,0.375,0,3,0.03,0.03,0,0.25,20.9862519133,0.556120024629,0.188962310553,0.26203712821,0.0997839048505,-0.16225322336,reconstructions/d4edbcc97ec00f079508e13004cf8c0e01806e2a1c89e0eb93c0e8df45158196/pigdm-sensitivity-0.375-0-3.pt
d4edbcc97ec00f079508e13004cf8c0e01806e2a1c89e0eb93c0e8df45158196,3edb09d41378dfae155626fe72b75a2c4bde6a58,cff553233941e75169564d196f318bbdd728713e0809f049f5ada55d92b57e1e,7e25783c0a7c26e9b9f205121679098986989cb4fa109a54923972afe75d60ce,ac6168d8c51a9220ff3b88b5de5c6038c357dcd1c8a36c2a1f201e2293e484e8,False,zero_filled,sensitivity,0.375,0,4,0.03,0.03,0,0.25,20.9396185624,0.725351404538,0.159397631884,0.209764271975,0.0685648918152,-0.141199380159,reconstructions/d4edbcc97ec00f079508e13004cf8c0e01806e2a1c89e0eb93c0e8df45158196/zero_filled-sensitivity-0.375-0-4.pt
d4edbcc97ec00f079508e13004cf8c0e01806e2a1c89e0eb93c0e8df45158196,3edb09d41378dfae155626fe72b75a2c4bde6a58,cff553233941e75169564d196f318bbdd728713e0809f049f5ada55d92b57e1e,7e25783c0a7c26e9b9f205121679098986989cb4fa109a54923972afe75d60ce,ac6168d8c51a9220ff3b88b5de5c6038c357dcd1c8a36c2a1f201e2293e484e8,False,tv,sensitivity,0.375,0,4,0.03,0.03,0,0.25,22.1022468169,0.76607763693,0.0743975043297,0.206910699606,0.0659984573722,-0.140912242234,reconstructions/d4edbcc97ec00f079508e13004cf8c0e01806e2a1c89e0eb93c0e8df45158196/tv-sensitivity-0.375-0-4.pt
d4edbcc97ec00f079508e13004cf8c0e01806e2a1c89e0eb93c0e8df45158196,3edb09d41378dfae155626fe72b75a2c4bde6a58,cff553233941e75169564d196f318bbdd728713e0809f049f5ada55d92b57e1e,7e25783c0a7c26e9b9f205121679098986989cb4fa109a54923972afe75d60ce,ac6168d8c51a9220ff3b88b5de5c6038c357dcd1c8a36c2a1f201e2293e484e8,False,dps,sensitivity,0.375,0,4,0.03,0.03,0,0.25,10.9150224903,0.109953577285,0.21664211154,0.473582029343,0.421331942081,-0.0522500872612,reconstructions/d4edbcc97ec00f079508e13004cf8c0e01806e2a1c89e0eb93c0e8df45158196/dps-sensitivity-0.375-0-4.pt
d4edbcc97ec00f079508e13004cf8c0e01806e2a1c89e0eb93c0e8df45158196,3edb09d41378dfae155626fe72b75a2c4bde6a58,cff553233941e75169564d196f318bbdd728713e0809f049f5ada55d92b57e1e,7e25783c0a7c26e9b9f205121679098986989cb4fa109a54923972afe75d60ce,ac6168d8c51a9220ff3b88b5de5c6038c357dcd1c8a36c2a1f201e2293e484e8,False,diffpir,sensitivity,0.375,0,4,0.03,0.03,0,0.25,5.24593743975,0.0183833893534,0.95498752594,0.453439384699,0.429002285004,-0.0244370996952,reconstructions/d4edbcc97ec00f079508e13004cf8c0e01806e2a1c89e0eb93c0e8df45158196/diffpir-sensitivity-0.375-0-4.pt
d4edbcc97ec00f079508e13004cf8c0e01806e2a1c89e0eb93c0e8df45158196,3edb09d41378dfae155626fe72b75a2c4bde6a58,cff553233941e75169564d196f318bbdd728713e0809f049f5ada55d92b57e1e,7e25783c0a7c26e9b9f205121679098986989cb4fa109a54923972afe75d60ce,ac6168d8c51a9220ff3b88b5de5c6038c357dcd1c8a36c2a1f201e2293e484e8,False,pigdm,sensitivity,0.375,0,4,0.03,0.03,0,0.25,21.8579071166,0.740717704467,0.0495180487633,0.210050314665,0.0719256103039,-0.138124704361,reconstructions/d4edbcc97ec00f079508e13004cf8c0e01806e2a1c89e0eb93c0e8df45158196/pigdm-sensitivity-0.375-0-4.pt
d4edbcc97ec00f079508e13004cf8c0e01806e2a1c89e0eb93c0e8df45158196,3edb09d41378dfae155626fe72b75a2c4bde6a58,cff553233941e75169564d196f318bbdd728713e0809f049f5ada55d92b57e1e,7e25783c0a7c26e9b9f205121679098986989cb4fa109a54923972afe75d60ce,ac6168d8c51a9220ff3b88b5de5c6038c357dcd1c8a36c2a1f201e2293e484e8,False,zero_filled,sensitivity,0.375,0,5,0.03,0.03,0,0.25,21.0787069545,0.623529866155,0.373006343842,0.251500070095,0.0684515535831,-0.183048516512,reconstructions/d4edbcc97ec00f079508e13004cf8c0e01806e2a1c89e0eb93c0e8df45158196/zero_filled-sensitivity-0.375-0-5.pt
d4edbcc97ec00f079508e13004cf8c0e01806e2a1c89e0eb93c0e8df45158196,3edb09d41378dfae155626fe72b75a2c4bde6a58,cff553233941e75169564d196f318bbdd728713e0809f049f5ada55d92b57e1e,7e25783c0a7c26e9b9f205121679098986989cb4fa109a54923972afe75d60ce,ac6168d8c51a9220ff3b88b5de5c6038c357dcd1c8a36c2a1f201e2293e484e8,False,tv,sensitivity,0.375,0,5,0.03,0.03,0,0.25,21.5459104898,0.608739994944,0.240189433098,0.25088980794,0.0686647370458,-0.182225070894,reconstructions/d4edbcc97ec00f079508e13004cf8c0e01806e2a1c89e0eb93c0e8df45158196/tv-sensitivity-0.375-0-5.pt
d4edbcc97ec00f079508e13004cf8c0e01806e2a1c89e0eb93c0e8df45158196,3edb09d41378dfae155626fe72b75a2c4bde6a58,cff553233941e75169564d196f318bbdd728713e0809f049f5ada55d92b57e1e,7e25783c0a7c26e9b9f205121679098986989cb4fa109a54923972afe75d60ce,ac6168d8c51a9220ff3b88b5de5c6038c357dcd1c8a36c2a1f201e2293e484e8,False,dps,sensitivity,0.375,0,5,0.03,0.03,0,0.25,9.5434397623,0.0803707131714,0.646330356598,0.510902106762,0.475121051073,-0.0357810556889,reconstructions/d4edbcc97ec00f079508e13004cf8c0e01806e2a1c89e0eb93c0e8df45158196/dps-sensitivity-0.375-0-5.pt
d4edbcc97ec00f079508e13004cf8c0e01806e2a1c89e0eb93c0e8df45158196,3edb09d41378dfae155626fe72b75a2c4bde6a58,cff553233941e75169564d196f318bbdd728713e0809f049f5ada55d92b57e1e,7e25783c0a7c26e9b9f205121679098986989cb4fa109a54923972afe75d60ce,ac6168d8c51a9220ff3b88b5de5c6038c357dcd1c8a36c2a1f201e2293e484e8,False,diffpir,sensitivity,0.375,0,5,0.03,0.03,0,0.25,5.47710971057,0.00432321465389,0.882410109043,0.410062044859,0.351479649544,-0.0585823953152,reconstructions/d4edbcc97ec00f079508e13004cf8c0e01806e2a1c89e0eb93c0e8df45158196/diffpir-sensitivity-0.375-0-5.pt
d4edbcc97ec00f079508e13004cf8c0e01806e2a1c89e0eb93c0e8df45158196,3edb09d41378dfae155626fe72b75a2c4bde6a58,cff553233941e75169564d196f318bbdd728713e0809f049f5ada55d92b57e1e,7e25783c0a7c26e9b9f205121679098986989cb4fa109a54923972afe75d60ce,ac6168d8c51a9220ff3b88b5de5c6038c357dcd1c8a36c2a1f201e2293e484e8,False,pigdm,sensitivity,0.375,0,5,0.03,0.03,0,0.25,20.7300835278,0.543481436797,0.203787773848,0.254399031401,0.0791958272457,-0.175203204155,reconstructions/d4edbcc97ec00f079508e13004cf8c0e01806e2a1c89e0eb93c0e8df45158196/pigdm-sensitivity-0.375-0-5.pt
d4edbcc97ec00f079508e13004cf8c0e01806e2a1c89e0eb93c0e8df45158196,3edb09d41378dfae155626fe72b75a2c4bde6a58,cff553233941e75169564d196f318bbdd728713e0809f049f5ada55d92b57e1e,7e25783c0a7c26e9b9f205121679098986989cb4fa109a54923972afe75d60ce,ac6168d8c51a9220ff3b88b5de5c6038c357dcd1c8a36c2a1f201e2293e484e8,False,zero_filled,sensitivity,0.375,0,6,0.03,0.03,0,0.25,17.8729220667,0.500603528298,0.279992640018,0.293282091618,0.107974462211,-0.185307629406,reconstructions/d4edbcc97ec00f079508e13004cf8c0e01806e2a1c89e0eb93c0e8df45158196/zero_filled-sensitivity-0.375-0-6.pt
d4edbcc97ec00f079508e13004cf8c0e01806e2a1c89e0eb93c0e8df45158196,3edb09d41378dfae155626fe72b75a2c4bde6a58,cff553233941e75169564d196f318bbdd728713e0809f049f5ada55d92b57e1e,7e25783c0a7c26e9b9f205121679098986989cb4fa109a54923972afe75d60ce,ac6168d8c51a9220ff3b88b5de5c6038c357dcd1c8a36c2a1f201e2293e484e8,False,tv,sensitivity,0.375,0,6,0.03,0.03,0,0.25,20.94050929,0.681938146399,0.0716106966138,0.285780310631,0.0857911556959,-0.199989154935,reconstructions/d4edbcc97ec00f079508e13004cf8c0e01806e2a1c89e0eb93c0e8df45158196/tv-sensitivity-0.375-0-6.pt
d4edbcc97ec00f079508e13004cf8c0e01806e2a1c89e0eb93c0e8df45158196,3edb09d41378dfae155626fe72b75a2c4bde6a58,cff553233941e75169564d196f318bbdd728713e0809f049f5ada55d92b57e1e,7e25783c0a7c26e9b9f205121679098986989cb4fa109a54923972afe75d60ce,ac6168d8c51a9220ff3b88b5de5c6038c357dcd1c8a36c2a1f201e2293e484e8,False,dps,sensitivity,0.375,0,6,0.03,0.03,0,0.25,8.34890123198,0.00869815807119,0.53575694561,0.913294970989,0.87518286705,-0.0381121039391,reconstructions/d4edbcc97ec00f079508e13004cf8c0e01806e2a1c89e0eb93c0e8df45158196/dps-sensitivity-0.375-0-6.pt
d4edbcc97ec00f079508e13004cf8c0e01806e2a1c89e0eb93c0e8df45158196,3edb09d41378dfae155626fe72b75a2c4bde6a58,cff553233941e75169564d196f318bbdd728713e0809f049f5ada55d92b57e1e,7e25783c0a7c26e9b9f205121679098986989cb4fa109a54923972afe75d60ce,ac6168d8c51a9220ff3b88b5de5c6038c357dcd1c8a36c2a1f201e2293e484e8,False,diffpir,sensitivity,0.375,0,6,0.03,0.03,0,0.25,4.23366870853,-0.000358806994286,0.886578500271,0.967344582081,0.922904491425,-0.0444400906563,reconstructions/d4edbcc97ec00f079508e13004cf8c0e01806e2a1c89e0eb93c0e8df45158196/diffpir-sensitivity-0.375-0-6.pt
d4edbcc97ec00f079508e13004cf8c0e01806e2a1c89e0eb93c0e8df45158196,3edb09d41378dfae155626fe72b75a2c4bde6a58,cff553233941e75169564d196f318bbdd728713e0809f049f5ada55d92b57e1e,7e25783c0a7c26e9b9f205121679098986989cb4fa109a54923972afe75d60ce,ac6168d8c51a9220ff3b88b5de5c6038c357dcd1c8a36c2a1f201e2293e484e8,False,pigdm,sensitivity,0.375,0,6,0.03,0.03,0,0.25,16.1661889222,0.499559983713,0.185764208436,0.398537099361,0.278107523918,-0.120429575443,reconstructions/d4edbcc97ec00f079508e13004cf8c0e01806e2a1c89e0eb93c0e8df45158196/pigdm-sensitivity-0.375-0-6.pt
d4edbcc97ec00f079508e13004cf8c0e01806e2a1c89e0eb93c0e8df45158196,3edb09d41378dfae155626fe72b75a2c4bde6a58,cff553233941e75169564d196f318bbdd728713e0809f049f5ada55d92b57e1e,7e25783c0a7c26e9b9f205121679098986989cb4fa109a54923972afe75d60ce,ac6168d8c51a9220ff3b88b5de5c6038c357dcd1c8a36c2a1f201e2293e484e8,False,zero_filled,sensitivity,0.375,0,7,0.03,0.03,0,0.25,20.2359409086,0.574741921748,0.200469002128,0.230163693428,0.0917121693492,-0.138451524079,reconstructions/d4edbcc97ec00f079508e13004cf8c0e01806e2a1c89e0eb93c0e8df45158196/zero_filled-sensitivity-0.375-0-7.pt
d4edbcc97ec00f079508e13004cf8c0e01806e2a1c89e0eb93c0e8df45158196,3edb09d41378dfae155626fe72b75a2c4bde6a58,cff553233941e75169564d196f318bbdd728713e0809f049f5ada55d92b57e1e,7e25783c0a7c26e9b9f205121679098986989cb4fa109a54923972afe75d60ce,ac6168d8c51a9220ff3b88b5de5c6038c357dcd1c8a36c2a1f201e2293e484e8,False,tv,sensitivity,0.375,0,7,0.03,0.03,0,0.25,23.0197389777,0.693808538167,0.0593571439385,0.223792538047,0.0801704525948,-0.143622085452,reconstructions/d4edbcc97ec00f079508e13004cf8c0e01806e2a1c89e0eb93c0e8df45158196/tv-sensitivity-0.375-0-7.pt
d4edbcc97ec00f079508e13004cf8c0e01806e2a1c89e0eb93c0e8df45158196,3edb09d41378dfae155626fe72b75a2c4bde6a58,cff553233941e75169564d196f318bbdd728713e0809f049f5ada55d92b57e1e,7e25783c0a7c26e9b9f205121679098986989cb4fa109a54923972afe75d60ce,ac6168d8c51a9220ff3b88b5de5c6038c357dcd1c8a36c2a1f201e2293e484e8,False,dps,sensitivity,0.375,0,7,0.03,0.03,0,0.25,6.76288425485,-0.0398140978577,0.373495340347,1.00770366192,0.988189518452,-0.0195141434669,reconstructions/d4edbcc97ec00f079508e13004cf8c0e01806e2a1c89e0eb93c0e8df45158196/dps-sensitivity-0.375-0-7.pt
d4edbcc97ec00f079508e13004cf8c0e01806e2a1c89e0eb93c0e8df45158196,3edb09d41378dfae155626fe72b75a2c4bde6a58,cff553233941e75169564d196f318bbdd728713e0809f049f5ada55d92b57e1e,7e25783c0a7c26e9b9f205121679098986989cb4fa109a54923972afe75d60ce,ac6168d8c51a9220ff3b88b5de5c6038c357dcd1c8a36c2a1f201e2293e484e8,False,diffpir,sensitivity,0.375,0,7,0.03,0.03,0,0.25,4.69609356885,0.00388429534937,1.00917363167,0.795726120472,0.763733446598,-0.0319926738739,reconstructions/d4edbcc97ec00f079508e13004cf8c0e01806e2a1c89e0eb93c0e8df45158196/diffpir-sensitivity-0.375-0-7.pt
d4edbcc97ec00f079508e13004cf8c0e01806e2a1c89e0eb93c0e8df45158196,3edb09d41378dfae155626fe72b75a2c4bde6a58,cff553233941e75169564d196f318bbdd728713e0809f049f5ada55d92b57e1e,7e25783c0a7c26e9b9f205121679098986989cb4fa109a54923972afe75d60ce,ac6168d8c51a9220ff3b88b5de5c6038c357dcd1c8a36c2a1f201e2293e484e8,False,pigdm,sensitivity,0.375,0,7,0.03,0.03,0,0.25,19.4302962239,0.527281842487,0.166400641203,0.277830541134,0.179592594504,-0.0982379466295,reconstructions/d4edbcc97ec00f079508e13004cf8c0e01806e2a1c89e0eb93c0e8df45158196/pigdm-sensitivity-0.375-0-7.pt
d4edbcc97ec00f079508e13004cf8c0e01806e2a1c89e0eb93c0e8df45158196,3edb09d41378dfae155626fe72b75a2c4bde6a58,cff553233941e75169564d196f318bbdd728713e0809f049f5ada55d92b57e1e,7e25783c0a7c26e9b9f205121679098986989cb4fa109a54923972afe75d60ce,ac6168d8c51a9220ff3b88b5de5c6038c357dcd1c8a36c2a1f201e2293e484e8,False,zero_filled,sensitivity,0.375,1,0,0.03,0.03,0,0.25,21.4027431722,0.629206750446,0.293904900551,0.244572281837,0.0639941617846,-0.180578120053,reconstructions/d4edbcc97ec00f079508e13004cf8c0e01806e2a1c89e0eb93c0e8df45158196/zero_filled-sensitivity-0.375-1-0.pt
d4edbcc97ec00f079508e13004cf8c0e01806e2a1c89e0eb93c0e8df45158196,3edb09d41378dfae155626fe72b75a2c4bde6a58,cff553233941e75169564d196f318bbdd728713e0809f049f5ada55d92b57e1e,7e25783c0a7c26e9b9f205121679098986989cb4fa109a54923972afe75d60ce,ac6168d8c51a9220ff3b88b5de5c6038c357dcd1c8a36c2a1f201e2293e484e8,False,tv,sensitivity,0.375,1,0,0.03,0.03,0,0.25,21.9868410295,0.634228770382,0.125802323222,0.244493424892,0.0675239190459,-0.176969505847,reconstructions/d4edbcc97ec00f079508e13004cf8c0e01806e2a1c89e0eb93c0e8df45158196/tv-sensitivity-0.375-1-0.pt
d4edbcc97ec00f079508e13004cf8c0e01806e2a1c89e0eb93c0e8df45158196,3edb09d41378dfae155626fe72b75a2c4bde6a58,cff553233941e75169564d196f318bbdd728713e0809f049f5ada55d92b57e1e,7e25783c0a7c26e9b9f205121679098986989cb4fa109a54923972afe75d60ce,ac6168d8c51a9220ff3b88b5de5c6038c357dcd1c8a36c2a1f201e2293e484e8,False,dps,sensitivity,0.375,1,0,0.03,0.03,0,0.25,10.1598703711,0.11246048324,0.335495352745,0.532544195652,0.491231262684,-0.0413129329681,reconstructions/d4edbcc97ec00f079508e13004cf8c0e01806e2a1c89e0eb93c0e8df45158196/dps-sensitivity-0.375-1-0.pt
d4edbcc97ec00f079508e13004cf8c0e01806e2a1c89e0eb93c0e8df45158196,3edb09d41378dfae155626fe72b75a2c4bde6a58,cff553233941e75169564d196f318bbdd728713e0809f049f5ada55d92b57e1e,7e25783c0a7c26e9b9f205121679098986989cb4fa109a54923972afe75d60ce,ac6168d8c51a9220ff3b88b5de5c6038c357dcd1c8a36c2a1f201e2293e484e8,False,diffpir,sensitivity,0.375,1,0,0.03,0.03,0,0.25,5.80857877169,0.00320021499204,1.00178158283,0.380425363779,0.311580657959,-0.0688447058201,reconstructions/d4edbcc97ec00f079508e13004cf8c0e01806e2a1c89e0eb93c0e8df45158196/diffpir-sensitivity-0.375-1-0.pt
d4edbcc97ec00f079508e13004cf8c0e01806e2a1c89e0eb93c0e8df45158196,3edb09d41378dfae155626fe72b75a2c4bde6a58,cff553233941e75169564d196f318bbdd728713e0809f049f5ada55d92b57e1e,7e25783c0a7c26e9b9f205121679098986989cb4fa109a54923972afe75d60ce,ac6168d8c51a9220ff3b88b5de5c6038c357dcd1c8a36c2a1f201e2293e484e8,False,pigdm,sensitivity,0.375,1,0,0.03,0.03,0,0.25,20.6557553921,0.540915734217,0.127179965377,0.247217163444,0.0750926285982,-0.172124534845,reconstructions/d4edbcc97ec00f079508e13004cf8c0e01806e2a1c89e0eb93c0e8df45158196/pigdm-sensitivity-0.375-1-0.pt
d4edbcc97ec00f079508e13004cf8c0e01806e2a1c89e0eb93c0e8df45158196,3edb09d41378dfae155626fe72b75a2c4bde6a58,cff553233941e75169564d196f318bbdd728713e0809f049f5ada55d92b57e1e,7e25783c0a7c26e9b9f205121679098986989cb4fa109a54923972afe75d60ce,ac6168d8c51a9220ff3b88b5de5c6038c357dcd1c8a36c2a1f201e2293e484e8,False,zero_filled,sensitivity,0.375,1,1,0.03,0.03,0,0.25,23.8745161485,0.654819309529,0.407597482204,0.267870247364,0.0677575916052,-0.200112655759,reconstructions/d4edbcc97ec00f079508e13004cf8c0e01806e2a1c89e0eb93c0e8df45158196/zero_filled-sensitivity-0.375-1-1.pt
d4edbcc97ec00f079508e13004cf8c0e01806e2a1c89e0eb93c0e8df45158196,3edb09d41378dfae155626fe72b75a2c4bde6a58,cff553233941e75169564d196f318bbdd728713e0809f049f5ada55d92b57e1e,7e25783c0a7c26e9b9f205121679098986989cb4fa109a54923972afe75d60ce,ac6168d8c51a9220ff3b88b5de5c6038c357dcd1c8a36c2a1f201e2293e484e8,False,tv,sensitivity,0.375,1,1,0.03,0.03,0,0.25,24.2288258142,0.598438439114,0.317884087563,0.26879760623,0.0783914104104,-0.190406195819,reconstructions/d4edbcc97ec00f079508e13004cf8c0e01806e2a1c89e0eb93c0e8df45158196/tv-sensitivity-0.375-1-1.pt
d4edbcc97ec00f079508e13004cf8c0e01806e2a1c89e0eb93c0e8df45158196,3edb09d41378dfae155626fe72b75a2c4bde6a58,cff553233941e75169564d196f318bbdd728713e0809f049f5ada55d92b57e1e,7e25783c0a7c26e9b9f205121679098986989cb4fa109a54923972afe75d60ce,ac6168d8c51a9220ff3b88b5de5c6038c357dcd1c8a36c2a1f201e2293e484e8,False,dps,sensitivity,0.375,1,1,0.03,0.03,0,0.25,7.95499508131,0.0211649586528,0.587066531181,0.796085000038,0.775287151337,-0.0207978487015,reconstructions/d4edbcc97ec00f079508e13004cf8c0e01806e2a1c89e0eb93c0e8df45158196/dps-sensitivity-0.375-1-1.pt
d4edbcc97ec00f079508e13004cf8c0e01806e2a1c89e0eb93c0e8df45158196,3edb09d41378dfae155626fe72b75a2c4bde6a58,cff553233941e75169564d196f318bbdd728713e0809f049f5ada55d92b57e1e,7e25783c0a7c26e9b9f205121679098986989cb4fa109a54923972afe75d60ce,ac6168d8c51a9220ff3b88b5de5c6038c357dcd1c8a36c2a1f201e2293e484e8,False,diffpir,sensitivity,0.375,1,1,0.03,0.03,0,0.25,6.14355602083,0.00583788724152,0.789068102837,0.408274382353,0.312568366528,-0.0957060158253,reconstructions/d4edbcc97ec00f079508e13004cf8c0e01806e2a1c89e0eb93c0e8df45158196/diffpir-sensitivity-0.375-1-1.pt
d4edbcc97ec00f079508e13004cf8c0e01806e2a1c89e0eb93c0e8df45158196,3edb09d41378dfae155626fe72b75a2c4bde6a58,cff553233941e75169564d196f318bbdd728713e0809f049f5ada55d92b57e1e,7e25783c0a7c26e9b9f205121679098986989cb4fa109a54923972afe75d60ce,ac6168d8c51a9220ff3b88b5de5c6038c357dcd1c8a36c2a1f201e2293e484e8,False,pigdm,sensitivity,0.375,1,1,0.03,0.03,0,0.25,22.8918673666,0.528280309294,0.274436622858,0.272771835327,0.0887809470296,-0.183990888298,reconstructions/d4edbcc97ec00f079508e13004cf8c0e01806e2a1c89e0eb93c0e8df45158196/pigdm-sensitivity-0.375-1-1.pt
d4edbcc97ec00f079508e13004cf8c0e01806e2a1c89e0eb93c0e8df45158196,3edb09d41378dfae155626fe72b75a2c4bde6a58,cff553233941e75169564d196f318bbdd728713e0809f049f5ada55d92b57e1e,7e25783c0a7c26e9b9f205121679098986989cb4fa109a54923972afe75d60ce,ac6168d8c51a9220ff3b88b5de5c6038c357dcd1c8a36c2a1f201e2293e484e8,False,zero_filled,sensitivity,0.375,1,2,0.03,0.03,0,0.25,18.8704613855,0.545713768542,0.22667080164,0.302434533834,0.0910884290934,-0.211346104741,reconstructions/d4edbcc97ec00f079508e13004cf8c0e01806e2a1c89e0eb93c0e8df45158196/zero_filled-sensitivity-0.375-1-2.pt
d4edbcc97ec00f079508e13004cf8c0e01806e2a1c89e0eb93c0e8df45158196,3edb09d41378dfae155626fe72b75a2c4bde6a58,cff553233941e75169564d196f318bbdd728713e0809f049f5ada55d92b57e1e,7e25783c0a7c26e9b9f205121679098986989cb4fa109a54923972afe75d60ce,ac6168d8c51a9220ff3b88b5de5c6038c357dcd1c8a36c2a1f201e2293e484e8,False,tv,sensitivity,0.375,1,2,0.03,0.03,0,0.25,21.2574536492,0.763986047035,0.0582345351577,0.298683047295,0.0850448682904,-0.213638179004,reconstructions/d4edbcc97ec00f079508e13004cf8c0e01806e2a1c89e0eb93c0e8df45158196/tv-sensitivity-0.375-1-2.pt
d4edbcc97ec00f079508e13004cf8c0e01806e2a1c89e0eb93c0e8df45158196,3edb09d41378dfae155626fe72b75a2c4bde6a58,cff553233941e75169564d196f318bbdd728713e0809f049f5ada55d92b57e1e,7e25783c0a7c26e9b9f205121679098986989cb4fa109a54923972afe75d60ce,ac6168d8c51a9220ff3b88b5de5c6038c357dcd1c8a36c2a1f201e2293e484e8,False,dps,sensitivity,0.375,1,2,0.03,0.03,0,0.25,9.37548642365,0.0627397861559,0.289578169584,0.770234763622,0.738181769848,-0.0320529937744,reconstructions/d4edbcc97ec00f079508e13004cf8c0e01806e2a1c89e0eb93c0e8df45158196/dps-sensitivity-0.375-1-2.pt
d4edbcc97ec00f079508e13004cf8c0e01806e2a1c89e0eb93c0e8df45158196,3edb09d41378dfae155626fe72b75a2c4bde6a58,cff553233941e75169564d196f318bbdd728713e0809f049f5ada55d92b57e1e,7e25783c0a7c26e9b9f205121679098986989cb4fa109a54923972afe75d60ce,ac6168d8c51a9220ff3b88b5de5c6038c357dcd1c8a36c2a1f201e2293e484e8,False,diffpir,sensitivity,0.375,1,2,0.03,0.03,0,0.25,4.45651160099,0.01488817939,0.987905025482,0.886360883713,0.831626355648,-0.0547345280647,reconstructions/d4edbcc97ec00f079508e13004cf8c0e01806e2a1c89e0eb93c0e8df45158196/diffpir-sensitivity-0.375-1-2.pt
d4edbcc97ec00f079508e13004cf8c0e01806e2a1c89e0eb93c0e8df45158196,3edb09d41378dfae155626fe72b75a2c4bde6a58,cff553233941e75169564d196f318bbdd728713e0809f049f5ada55d92b57e1e,7e25783c0a7c26e9b9f205121679098986989cb4fa109a54923972afe75d60ce,ac6168d8c51a9220ff3b88b5de5c6038c357dcd1c8a36c2a1f201e2293e484e8,False,pigdm,sensitivity,0.375,1,2,0.03,0.03,0,0.25,16.3640406682,0.504806163818,0.133894249797,0.394979000092,0.261006623507,-0.133972376585,reconstructions/d4edbcc97ec00f079508e13004cf8c0e01806e2a1c89e0eb93c0e8df45158196/pigdm-sensitivity-0.375-1-2.pt
d4edbcc97ec00f079508e13004cf8c0e01806e2a1c89e0eb93c0e8df45158196,3edb09d41378dfae155626fe72b75a2c4bde6a58,cff553233941e75169564d196f318bbdd728713e0809f049f5ada55d92b57e1e,7e25783c0a7c26e9b9f205121679098986989cb4fa109a54923972afe75d60ce,ac6168d8c51a9220ff3b88b5de5c6038c357dcd1c8a36c2a1f201e2293e484e8,False,zero_filled,sensitivity,0.375,1,3,0.03,0.03,0,0.25,20.8276763644,0.590262073729,0.257457882166,0.253660619259,0.0696147307754,-0.184045888484,reconstructions/d4edbcc97ec00f079508e13004cf8c0e01806e2a1c89e0eb93c0e8df45158196/zero_filled-sensitivity-0.375-1-3.pt
d4edbcc97ec00f079508e13004cf8c0e01806e2a1c89e0eb93c0e8df45158196,3edb09d41378dfae155626fe72b75a2c4bde6a58,cff553233941e75169564d196f318bbdd728713e0809f049f5ada55d92b57e1e,7e25783c0a7c26e9b9f205121679098986989cb4fa109a54923972afe75d60ce,ac6168d8c51a9220ff3b88b5de5c6038c357dcd1c8a36c2a1f201e2293e484e8,False,tv,sensitivity,0.375,1,3,0.03,0.03,0,0.25,23.9865854121,0.728990465544,0.168457776308,0.252595961094,0.0669588968158,-0.185637064278,reconstructions/d4edbcc97ec00f079508e13004cf8c0e01806e2a1c89e0eb93c0e8df45158196/tv-sensitivity-0.375-1-3.pt
d4edbcc97ec00f079508e13004cf8c0e01806e2a1c89e0eb93c0e8df45158196,3edb09d41378dfae155626fe72b75a2c4bde6a58,cff553233941e75169564d196f318bbdd728713e0809f049f5ada55d92b57e1e,7e25783c0a7c26e9b9f205121679098986989cb4fa109a54923972afe75d60ce,ac6168d8c51a9220ff3b88b5de5c6038c357dcd1c8a36c2a1f201e2293e484e8,False,dps,sensitivity,0.375,1,3,0.03,0.03,0,0.25,11.6975077663,0.138446827467,0.397038042545,0.442507147789,0.3825494349,-0.0599577128887,reconstructions/d4edbcc97ec00f079508e13004cf8c0e01806e2a1c89e0eb93c0e8df45158196/dps-sensitivity-0.375-1-3.pt
d4edbcc97ec00f079508e13004cf8c0e01806e2a1c89e0eb93c0e8df45158196,3edb09d41378dfae155626fe72b75a2c4bde6a58,cff553233941e75169564d196f318bbdd728713e0809f049f5ada55d92b57e1e,7e25783c0a7c26e9b9f205121679098986989cb4fa109a54923972afe75d60ce,ac6168d8c51a9220ff3b88b5de5c6038c357dcd1c8a36c2a1f201e2293e484e8,False,diffpir,sensitivity,0.375,1,3,0.03,0.03,0,0.25,5.53180382564,0.00345121671244,0.970131278038,0.428368628025,0.380061298609,-0.0483073294163,reconstructions/d4edbcc97ec00f079508e13004cf8c0e01806e2a1c89e0eb93c0e8df45158196/diffpir-sensitivity-0.375-1-3.pt
d4edbcc97ec00f079508e13004cf8c0e01806e2a1c89e0eb93c0e8df45158196,3edb09d41378dfae155626fe72b75a2c4bde6a58,cff553233941e75169564d196f318bbdd728713e0809f049f5ada55d92b57e1e,7e25783c0a7c26e9b9f205121679098986989cb4fa109a54923972afe75d60ce,ac6168d8c51a9220ff3b88b5de5c6038c357dcd1c8a36c2a1f201e2293e484e8,False,pigdm,sensitivity,0.375,1,3,0.03,0.03,0,0.25,22.5190584228,0.692587982034,0.13536606729,0.256828218699,0.0790873989463,-0.177740819752,reconstructions/d4edbcc97ec00f079508e13004cf8c0e01806e2a1c89e0eb93c0e8df45158196/pigdm-sensitivity-0.375-1-3.pt
d4edbcc97ec00f079508e13004cf8c0e01806e2a1c89e0eb93c0e8df45158196,3edb09d41378dfae155626fe72b75a2c4bde6a58,cff553233941e75169564d196f318bbdd728713e0809f049f5ada55d92b57e1e,7e25783c0a7c26e9b9f205121679098986989cb4fa109a54923972afe75d60ce,ac6168d8c51a9220ff3b88b5de5c6038c357dcd1c8a36c2a1f201e2293e484e8,False,zero_filled,sensitivity,0.375,1,4,0.03,0.03,0,0.25,20.4127698461,0.69689633792,0.184330672026,0.209217384458,0.0658392012119,-0.143378183246,reconstructions/d4edbcc97ec00f079508e13004cf8c0e01806e2a1c89e0eb93c0e8df45158196/zero_filled-sensitivity-0.375-1-4.pt
d4edbcc97ec00f079508e13004cf8c0e01806e2a1c89e0eb93c0e8df45158196,3edb09d41378dfae155626fe72b75a2c4bde6a58,cff553233941e75169564d196f318bbdd728713e0809f049f5ada55d92b57e1e,7e25783c0a7c26e9b9f205121679098986989cb4fa109a54923972afe75d60ce,ac6168d8c51a9220ff3b88b5de5c6038c357dcd1c8a36c2a1f201e2293e484e8,False,tv,sensitivity,0.375,1,4,0.03,0.03,0,0.25,20.9631543509,0.720452235047,0.0830131173134,0.207656726241,0.0664183869958,-0.141238339245,reconstructions/d4edbcc97ec00f079508e13004cf8c0e01806e2a1c89e0eb93c0e8df45158196/tv-sensitivity-0.375-1-4.pt
d4edbcc97ec00f079508e13004cf8c0e01806e2a1c89e0eb93c0e8df45158196,3edb09d41378dfae155626fe72b75a2c4bde6a58,cff553233941e75169564d196f318bbdd728713e0809f049f5ada55d92b57e1e,7e25783c0a7c26e9b9f205121679098986989cb4fa109a54923972afe75d60ce,ac6168d8c51a9220ff3b88b5de5c6038c357dcd1c8a36c2a1f201e2293e484e8,False,dps,sensitivity,0.375,1,4,0.03,0.03,0,0.25,8.09456433727,0.0967330938395,0.473559379578,0.589466452599,0.578208327293,-0.0112581253052,reconstructions/d4edbcc97ec00f079508e13004cf8c0e01806e2a1c89e0eb93c0e8df45158196/dps-sensitivity-0.375-1-4.pt
d4edbcc97ec00f079508e13004cf8c0e01806e2a1c89e0eb93c0e8df45158196,3edb09d41378dfae155626fe72b75a2c4bde6a58,cff553233941e75169564d196f318bbdd728713e0809f049f5ada55d92b57e1e,7e25783c0a7c26e9b9f205121679098986989cb4fa109a54923972afe75d60ce,ac6168d8c51a9220ff3b88b5de5c6038c357dcd1c8a36c2a1f201e2293e484e8,False,diffpir,sensitivity,0.375,1,4,0.03,0.03,0,0.25,5.24582134421,0.0175654564632,0.983889341354,0.446736425161,0.421779990196,-0.0249564349651,reconstructions/d4edbcc97ec00f079508e13004cf8c0e01806e2a1c89e0eb93c0e8df45158196/diffpir-sensitivity-0.375-1-4.pt
d4edbcc97ec00f079508e13004cf8c0e01806e2a1c89e0eb93c0e8df45158196,3edb09d41378dfae155626fe72b75a2c4bde6a58,cff553233941e75169564d196f318bbdd728713e0809f049f5ada55d92b57e1e,7e25783c0a7c26e9b9f205121679098986989cb4fa109a54923972afe75d60ce,ac6168d8c51a9220ff3b88b5de5c6038c357dcd1c8a36c2a1f201e2293e484e8,False,pigdm,sensitivity,0.375,1,4,0.03,0.03,0,0.25,21.217178248,0.70020924854,0.082026578486,0.210005998611,0.0737344250083,-0.136271573603,reconstructions/d4edbcc97ec00f079508e13004cf8c0e01806e2a1c89e0eb93c0e8df45158196/pigdm-sensitivity-0.375-1-4.pt
d4edbcc97ec00f079508e13004cf8c0e01806e2a1c89e0eb93c0e8df45158196,3edb09d41378dfae155626fe72b75a2c4bde6a58,cff553233941e75169564d196f318bbdd728713e0809f049f5ada55d92b57e1e,7e25783c0a7c26e9b9f205121679098986989cb4fa109a54923972afe75d60ce,ac6168d8c51a9220ff3b88b5de5c6038c357dcd1c8a36c2a1f201e2293e484e8,False,zero_filled,sensitivity,0.375,1,5,0.03,0.03,0,0.25,20.4882521974,0.607929366058,0.342472136021,0.251018106937,0.0652696788311,-0.185748428106,reconstructions/d4edbcc97ec00f079508e13004cf8c0e01806e2a1c89e0eb93c0e8df45158196/zero_filled-sensitivity-0.375-1-5.pt
d4edbcc97ec00f079508e13004cf8c0e01806e2a1c89e0eb93c0e8df45158196,3edb09d41378dfae155626fe72b75a2c4bde6a58,cff553233941e75169564d196f318bbdd728713e0809f049f5ada55d92b57e1e,7e25783c0a7c26e9b9f205121679098986989cb4fa109a54923972afe75d60ce,ac6168d8c51a9220ff3b88b5de5c6038c357dcd1c8a36c2a1f201e2293e484e8,False,tv,sensitivity,0.375,1,5,0.03,0.03,0,0.25,20.7639079469,0.573951350972,0.24828261137,0.251877784729,0.069555491209,-0.18232229352,reconstructions/d4edbcc97ec00f079508e13004cf8c0e01806e2a1c89e0eb93c0e8df45158196/tv-sensitivity-0.375-1-5.pt
d4edbcc97ec00f079508e13004cf8c0e01806e2a1c89e0eb93c0e8df45158196,3edb09d41378dfae155626fe72b75a2c4bde6a58,cff553233941e75169564d196f318bbdd728713e0809f049f5ada55d92b57e1e,7e25783c0a7c26e9b9f205121679098986989cb4fa109a54923972afe75d60ce,ac6168d8c51a9220ff3b88b5de5c6038c357dcd1c8a36c2a1f201e2293e484e8,False,dps,sensitivity,0.375,1,5,0.03,0.03,0,0.25,8.29898416461,0.0522044147728,0.451266974211,0.557512760162,0.522328972816,-0.0351837873459,reconstructions/d4edbcc97ec00f079508e13004cf8c0e01806e2a1c89e0eb93c0e8df45158196/dps-sensitivity-0.375-1-5.pt
d4edbcc97ec00f079508e13004cf8c0e01806e2a1c89e0eb93c0e8df45158196,3edb09d41378dfae155626fe72b75a2c4bde6a58,cff553233941e75169564d196f318bbdd728713e0809f049f5ada55d92b57e1e,7e25783c0a7c26e9b9f205121679098986989cb4fa109a54923972afe75d60ce,ac6168d8c51a9220ff3b88b5de5c6038c357dcd1c8a36c2a1f201e2293e484e8,False,diffpir,sensitivity,0.375,1,5,0.03,0.03,0,0.25,5.57047255286,0.0178775492364,0.840252816677,0.401712208986,0.343326032162,-0.0583861768246,reconstructions/d4edbcc97ec00f079508e13004cf8c0e01806e2a1c89e0eb93c0e8df45158196/diffpir-sensitivity-0.375-1-5.pt
d4edbcc97ec00f079508e13004cf8c0e01806e2a1c89e0eb93c0e8df45158196,3edb09d41378dfae155626fe72b75a2c4bde6a58,cff553233941e75169564d196f318bbdd728713e0809f049f5ada55d92b57e1e,7e25783c0a7c26e9b9f205121679098986989cb4fa109a54923972afe75d60ce,ac6168d8c51a9220ff3b88b5de5c6038c357dcd1c8a36c2a1f201e2293e484e8,False,pigdm,sensitivity,0.375,1,5,0.03,0.03,0,0.25,19.213623906,0.472269092989,0.13152307272,0.253513813019,0.076302357018,-0.177211456001,reconstructions/d4edbcc97ec00f079508e13004cf8c0e01806e2a1c89e0eb93c0e8df45158196/pigdm-sensitivity-0.375-1-5.pt
d4edbcc97ec00f079508e13004cf8c0e01806e2a1c89e0eb93c0e8df45158196,3edb09d41378dfae155626fe72b75a2c4bde6a58,cff553233941e75169564d196f318bbdd728713e0809f049f5ada55d92b57e1e,7e25783c0a7c26e9b9f205121679098986989cb4fa109a54923972afe75d60ce,ac6168d8c51a9220ff3b88b5de5c6038c357dcd1c8a36c2a1f201e2293e484e8,False,zero_filled,sensitivity,0.375,1,6,0.03,0.03,0,0.25,17.6666016218,0.481520158617,0.280300021172,0.293861955404,0.104015678167,-0.189846277237,reconstructions/d4edbcc97ec00f079508e13004cf8c0e01806e2a1c89e0eb93c0e8df45158196/zero_filled-sensitivity-0.375-1-6.pt
d4edbcc97ec00f079508e13004cf8c0e01806e2a1c89e0eb93c0e8df45158196,3edb09d41378dfae155626fe72b75a2c4bde6a58,cff553233941e75169564d196f318bbdd728713e0809f049f5ada55d92b57e1e,7e25783c0a7c26e9b9f205121679098986989cb4fa109a54923972afe75d60ce,ac6168d8c51a9220ff3b88b5de5c6038c357dcd1c8a36c2a1f201e2293e484e8,False,tv,sensitivity,0.375,1,6,0.03,0.03,0,0.25,20.6633685963,0.693236692015,0.0789853855968,0.288758963346,0.0887288227677,-0.200030140579,reconstructions/d4edbcc97ec00f079508e13004cf8c0e01806e2a1c89e0eb93c0e8df45158196/tv-sensitivity-0.375-1-6.pt
d4edbcc97ec00f079508e13004cf8c0e01806e2a1c89e0eb93c0e8df45158196,3edb09d41378dfae155626fe72b75a2c4bde6a58,cff553233941e75169564d196f318bbdd728713e0809f049f5ada55d92b57e1e,7e25783c0a7c26e9b9f205121679098986989cb4fa109a54923972afe75d60ce,ac6168d8c51a9220ff3b88b5de5c6038c357dcd1c8a36c2a1f201e2293e484e8,False,dps,sensitivity,0.375,1,6,0.03,0.03,0,0.25,5.70562824422,-0.0315861241946,0.499273240566,1.23933744431,1.18892192841,-0.0504155158997,reconstructions/d4edbcc97ec00f079508e13004cf8c0e01806e2a1c89e0eb93c0e8df45158196/dps-sensitivity-0.375-1-6.pt
d4edbcc97ec00f079508e13004cf8c0e01806e2a1c89e0eb93c0e8df45158196,3edb09d41378dfae155626fe72b75a2c4bde6a58,cff553233941e75169564d196f318bbdd728713e0809f049f5ada55d92b57e1e,7e25783c0a7c26e9b9f205121679098986989cb4fa109a54923972afe75d60ce,ac6168d8c51a9220ff3b88b5de5c6038c357dcd1c8a36c2a1f201e2293e484e8,False,diffpir,sensitivity,0.375,1,6,0.03,0.03,0,0.25,4.3878477822,0.0135678171844,0.885968506336,0.938518226147,0.890900731087,-0.04761749506,reconstructions/d4edbcc97ec00f079508e13004cf8c0e01806e2a1c89e0eb93c0e8df45158196/diffpir-sensitivity-0.375-1-6.pt
d4edbcc97ec00f079508e13004cf8c0e01806e2a1c89e0eb93c0e8df45158196,3edb09d41378dfae155626fe72b75a2c4bde6a58,cff553233941e75169564d196f318bbdd728713e0809f049f5ada55d92b57e1e,7e25783c0a7c26e9b9f205121679098986989cb4fa109a54923972afe75d60ce,ac6168d8c51a9220ff3b88b5de5c6038c357dcd1c8a36c2a1f201e2293e484e8,False,pigdm,sensitivity,0.375,1,6,0.03,0.03,0,0.25,17.3830959187,0.465402235085,0.0923579186201,0.31734123826,0.157126367092,-0.160214871168,reconstructions/d4edbcc97ec00f079508e13004cf8c0e01806e2a1c89e0eb93c0e8df45158196/pigdm-sensitivity-0.375-1-6.pt
d4edbcc97ec00f079508e13004cf8c0e01806e2a1c89e0eb93c0e8df45158196,3edb09d41378dfae155626fe72b75a2c4bde6a58,cff553233941e75169564d196f318bbdd728713e0809f049f5ada55d92b57e1e,7e25783c0a7c26e9b9f205121679098986989cb4fa109a54923972afe75d60ce,ac6168d8c51a9220ff3b88b5de5c6038c357dcd1c8a36c2a1f201e2293e484e8,False,zero_filled,sensitivity,0.375,1,7,0.03,0.03,0,0.25,19.9083741346,0.577423082838,0.238236382604,0.229014411569,0.0858846977353,-0.143129713833,reconstructions/d4edbcc97ec00f079508e13004cf8c0e01806e2a1c89e0eb93c0e8df45158196/zero_filled-sensitivity-0.375-1-7.pt
d4edbcc97ec00f079508e13004cf8c0e01806e2a1c89e0eb93c0e8df45158196,3edb09d41378dfae155626fe72b75a2c4bde6a58,cff553233941e75169564d196f318bbdd728713e0809f049f5ada55d92b57e1e,7e25783c0a7c26e9b9f205121679098986989cb4fa109a54923972afe75d60ce,ac6168d8c51a9220ff3b88b5de5c6038c357dcd1c8a36c2a1f201e2293e484e8,False,tv,sensitivity,0.375,1,7,0.03,0.03,0,0.25,22.6649443436,0.709518253271,0.0607052668929,0.224730908871,0.0798693671823,-0.144861541688,reconstructions/d4edbcc97ec00f079508e13004cf8c0e01806e2a1c89e0eb93c0e8df45158196/tv-sensitivity-0.375-1-7.pt
d4edbcc97ec00f079508e13004cf8c0e01806e2a1c89e0eb93c0e8df45158196,3edb09d41378dfae155626fe72b75a2c4bde6a58,cff553233941e75169564d196f318bbdd728713e0809f049f5ada55d92b57e1e,7e25783c0a7c26e9b9f205121679098986989cb4fa109a54923972afe75d60ce,ac6168d8c51a9220ff3b88b5de5c6038c357dcd1c8a36c2a1f201e2293e484e8,False,dps,sensitivity,0.375,1,7,0.03,0.03,0,0.25,4.93734179601,0.008531169067,0.44981610775,1.3038854599,1.25760483742,-0.0462806224823,reconstructions/d4edbcc97ec00f079508e13004cf8c0e01806e2a1c89e0eb93c0e8df45158196/dps-sensitivity-0.375-1-7.pt
d4edbcc97ec00f079508e13004cf8c0e01806e2a1c89e0eb93c0e8df45158196,3edb09d41378dfae155626fe72b75a2c4bde6a58,cff553233941e75169564d196f318bbdd728713e0809f049f5ada55d92b57e1e,7e25783c0a7c26e9b9f205121679098986989cb4fa109a54923972afe75d60ce,ac6168d8c51a9220ff3b88b5de5c6038c357dcd1c8a36c2a1f201e2293e484e8,False,diffpir,sensitivity,0.375,1,7,0.03,0.03,0,0.25,4.79797072881,-0.000596106704783,0.985110223293,0.767919421196,0.736013412476,-0.0319060087204,reconstructions/d4edbcc97ec00f079508e13004cf8c0e01806e2a1c89e0eb93c0e8df45158196/diffpir-sensitivity-0.375-1-7.pt
d4edbcc97ec00f079508e13004cf8c0e01806e2a1c89e0eb93c0e8df45158196,3edb09d41378dfae155626fe72b75a2c4bde6a58,cff553233941e75169564d196f318bbdd728713e0809f049f5ada55d92b57e1e,7e25783c0a7c26e9b9f205121679098986989cb4fa109a54923972afe75d60ce,ac6168d8c51a9220ff3b88b5de5c6038c357dcd1c8a36c2a1f201e2293e484e8,False,pigdm,sensitivity,0.375,1,7,0.03,0.03,0,0.25,18.358854961,0.439522716194,0.269331544638,0.279336839914,0.182237312198,-0.0970995277166,reconstructions/d4edbcc97ec00f079508e13004cf8c0e01806e2a1c89e0eb93c0e8df45158196/pigdm-sensitivity-0.375-1-7.pt
d4edbcc97ec00f079508e13004cf8c0e01806e2a1c89e0eb93c0e8df45158196,3edb09d41378dfae155626fe72b75a2c4bde6a58,cff553233941e75169564d196f318bbdd728713e0809f049f5ada55d92b57e1e,7e25783c0a7c26e9b9f205121679098986989cb4fa109a54923972afe75d60ce,ac6168d8c51a9220ff3b88b5de5c6038c357dcd1c8a36c2a1f201e2293e484e8,False,zero_filled,sensitivity,0.375,2,0,0.03,0.03,0,0.25,21.1472215614,0.598398336441,0.32848277688,0.243626430631,0.0615524724126,-0.182073958218,reconstructions/d4edbcc97ec00f079508e13004cf8c0e01806e2a1c89e0eb93c0e8df45158196/zero_filled-sensitivity-0.375-2-0.pt
d4edbcc97ec00f079508e13004cf8c0e01806e2a1c89e0eb93c0e8df45158196,3edb09d41378dfae155626fe72b75a2c4bde6a58,cff553233941e75169564d196f318bbdd728713e0809f049f5ada55d92b57e1e,7e25783c0a7c26e9b9f205121679098986989cb4fa109a54923972afe75d60ce,ac6168d8c51a9220ff3b88b5de5c6038c357dcd1c8a36c2a1f201e2293e484e8,False,tv,sensitivity,0.375,2,0,0.03,0.03,0,0.25,21.5790425712,0.603013198113,0.155703514814,0.243931591511,0.0662842988968,-0.177647292614,reconstructions/d4edbcc97ec00f079508e13004cf8c0e01806e2a1c89e0eb93c0e8df45158196/tv-sensitivity-0.375-2-0.pt
d4edbcc97ec00f079508e13004cf8c0e01806e2a1c89e0eb93c0e8df45158196,3edb09d41378dfae155626fe72b75a2c4bde6a58,cff553233941e75169564d196f318bbdd728713e0809f049f5ada55d92b57e1e,7e25783c0a7c26e9b9f205121679098986989cb4fa109a54923972afe75d60ce,ac6168d8c51a9220ff3b88b5de5c6038c357dcd1c8a36c2a1f201e2293e484e8,False,dps,sensitivity,0.375,2,0,0.03,0.03,0,0.25,9.97635190019,0.066447012415,0.305424451828,0.532350540161,0.474007189274,-0.0583433508873,reconstructions/d4edbcc97ec00f079508e13004cf8c0e01806e2a1c89e0eb93c0e8df45158196/dps-sensitivity-0.375-2-0.pt
d4edbcc97ec00f079508e13004cf8c0e01806e2a1c89e0eb93c0e8df45158196,3edb09d41378dfae155626fe72b75a2c4bde6a58,cff553233941e75169564d196f318bbdd728713e0809f049f5ada55d92b57e1e,7e25783c0a7c26e9b9f205121679098986989cb4fa109a54923972afe75d60ce,ac6168d8c51a9220ff3b88b5de5c6038c357dcd1c8a36c2a1f201e2293e484e8,False,diffpir,sensitivity,0.375,2,0,0.03,0.03,0,0.25,5.78598887982,0.011514227052,0.869953751564,0.383780777454,0.317466050386,-0.0663147270679,reconstructions/d4edbcc97ec00f079508e13004cf8c0e01806e2a1c89e0eb93c0e8df45158196/diffpir-sensitivity-0.375-2-0.pt
d4edbcc97ec00f079508e13004cf8c0e01806e2a1c89e0eb93c0e8df45158196,3edb09d41378dfae155626fe72b75a2c4bde6a58,cff553233941e75169564d196f318bbdd728713e0809f049f5ada55d92b57e1e,7e25783c0a7c26e9b9f205121679098986989cb4fa109a54923972afe75d60ce,ac6168d8c51a9220ff3b88b5de5c6038c357dcd1c8a36c2a1f201e2293e484e8,False,pigdm,sensitivity,0.375,2,0,0.03,0.03,0,0.25,19.8893190006,0.481923145535,0.160189285874,0.246199309826,0.0729186311364,-0.173280678689,reconstructions/d4edbcc97ec00f079508e13004cf8c0e01806e2a1c89e0eb93c0e8df45158196/pigdm-sensitivity-0.375-2-0.pt
d4edbcc97ec00f079508e13004cf8c0e01806e2a1c89e0eb93c0e8df45158196,3edb09d41378dfae155626fe72b75a2c4bde6a58,cff553233941e75169564d196f318bbdd728713e0809f049f5ada55d92b57e1e,7e25783c0a7c26e9b9f205121679098986989cb4fa109a54923972afe75d60ce,ac6168d8c51a9220ff3b88b5de5c6038c357dcd1c8a36c2a1f201e2293e484e8,False,zero_filled,sensitivity,0.375,2,1,0.03,0.03,0,0.25,23.4202353012,0.616909792576,0.449590414762,0.269425243139,0.0664965882897,-0.20292865485,reconstructions/d4edbcc97ec00f079508e13004cf8c0e01806e2a1c89e0eb93c0e8df45158196/zero_filled-sensitivity-0.375-2-1.pt
d4edbcc97ec00f079508e13004cf8c0e01806e2a1c89e0eb93c0e8df45158196,3edb09d41378dfae155626fe72b75a2c4bde6a58,cff553233941e75169564d196f318bbdd728713e0809f049f5ada55d92b57e1e,7e25783c0a7c26e9b9f205121679098986989cb4fa109a54923972afe75d60ce,ac6168d8c51a9220ff3b88b5de5c6038c357dcd1c8a36c2a1f201e2293e484e8,False,tv,sensitivity,0.375,2,1,0.03,0.03,0,0.25,23.2099327818,0.542552418996,0.32590419054,0.270688742399,0.0781874284148,-0.192501313984,reconstructions/d4edbcc97ec00f079508e13004cf8c0e01806e2a1c89e0eb93c0e8df45158196/tv-sensitivity-0.375-2-1.pt
d4edbcc97ec00f079508e13004cf8c0e01806e2a1c89e0eb93c0e8df45158196,3edb09d41378dfae155626fe72b75a2c4bde6a58,cff553233941e75169564d196f318bbdd728713e0809f049f5ada55d92b57e1e,7e25783c0a7c26e9b9f205121679098986989cb4fa109a54923972afe75d60ce,ac6168d8c51a9220ff3b88b5de5c6038c357dcd1c8a36c2a1f201e2293e484e8,False,dps,sensitivity,0.375,2,1,0.03,0.03,0,0.25,12.5806850125,0.198312445639,0.51449149847,0.505677938461,0.463175058365,-0.0425028800964,reconstructions/d4edbcc97ec00f079508e13004cf8c0e01806e2a1c89e0eb93c0e8df45158196/dps-sensitivity-0.375-2-1.pt
d4edbcc97ec00f079508e13004cf8c0e01806e2a1c89e0eb93c0e8df45158196,3edb09d41378dfae155626fe72b75a2c4bde6a58,cff553233941e75169564d196f318bbdd728713e0809f049f5ada55d92b57e1e,7e25783c0a7c26e9b9f205121679098986989cb4fa109a54923972afe75d60ce,ac6168d8c51a9220ff3b88b5de5c6038c357dcd1c8a36c2a1f201e2293e484e8,False,diffpir,sensitivity,0.375,2,1,0.03,0.03,0,0.25,6.07666677898,0.000363214583518,0.797613620758,0.416204839945,0.324589401484,-0.0916154384613,reconstructions/d4edbcc97ec00f079508e13004cf8c0e01806e2a1c89e0eb93c0e8df45158196/diffpir-sensitivity-0.375-2-1.pt
d4edbcc97ec00f079508e13004cf8c0e01806e2a1c89e0eb93c0e8df45158196,3edb09d41378dfae155626fe72b75a2c4bde6a58,cff553233941e75169564d196f318bbdd728713e0809f049f5ada55d92b57e1e,7e25783c0a7c26e9b9f205121679098986989cb4fa109a54923972afe75d60ce,ac6168d8c51a9220ff3b88b5de5c6038c357dcd1c8a36c2a1f201e2293e484e8,False,pigdm,sensitivity,0.375,2,1,0.03,0.03,0,0.25,22.9323904427,0.488367965319,0.331187129021,0.274702131748,0.087849535048,-0.1868525967,reconstructions/d4edbcc97ec00f079508e13004cf8c0e01806e2a1c89e0eb93c0e8df45158196/pigdm-sensitivity-0.375-2-1.pt
d4edbcc97ec00f079508e13004cf8c0e01806e2a1c89e0eb93c0e8df45158196,3edb09d41378dfae155626fe72b75a2c4bde6a58,cff553233941e75169564d196f318bbdd728713e0809f049f5ada55d92b57e1e,7e25783c0a7c26e9b9f205121679098986989cb4fa109a54923972afe75d60ce,ac6168d8c51a9220ff3b88b5de5c6038c357dcd1c8a36c2a1f201e2293e484e8,False,zero_filled,sensitivity,0.375,2,2,0.03,0.03,0,0.25,18.536209892,0.526335359877,0.240399613976,0.299465715885,0.0828662142158,-0.216599501669,reconstructions/d4edbcc97ec00f079508e13004cf8c0e01806e2a1c89e0eb93c0e8df45158196/zero_filled-sensitivity-0.375-2-2.pt
d4edbcc97ec00f079508e13004cf8c0e01806e2a1c89e0eb93c0e8df45158196,3edb09d41378dfae155626fe72b75a2c4bde6a58,cff553233941e75169564d196f318bbdd728713e0809f049f5ada55d92b57e1e,7e25783c0a7c26e9b9f205121679098986989cb4fa109a54923972afe75d60ce,ac6168d8c51a9220ff3b88b5de5c6038c357dcd1c8a36c2a1f201e2293e484e8,False,tv,sensitivity,0.375,2,2,0.03,0.03,0,0.25,20.2879474611,0.728005595779,0.0806480869651,0.297562032938,0.0821001753211,-0.215461857617,reconstructions/d4edbcc97ec00f079508e13004cf8c0e01806e2a1c89e0eb93c0e8df45158196/tv-sensitivity-0.375-2-2.pt
d4edbcc97ec00f079508e13004cf8c0e01806e2a1c89e0eb93c0e8df45158196,3edb09d41378dfae155626fe72b75a2c4bde6a58,cff553233941e75169564d196f318bbdd728713e0809f049f5ada55d92b57e1e,7e25783c0a7c26e9b9f205121679098986989cb4fa109a54923972afe75d60ce,ac6168d8c51a9220ff3b88b5de5c6038c357dcd1c8a36c2a1f201e2293e484e8,False,dps,sensitivity,0.375,2,2,0.03,0.03,0,0.25,7.49621582167,0.0114018940906,0.421769797802,0.977930307388,0.93199044466,-0.0459398627281,reconstructions/d4edbcc97ec00f079508e13004cf8c0e01806e2a1c89e0eb93c0e8df45158196/dps-sensitivity-0.375-2-2.pt
d4edbcc97ec00f079508e13004cf8c0e01806e2a1c89e0eb93c0e8df45158196,3edb09d41378dfae155626fe72b75a2c4bde6a58,cff553233941e75169564d196f318bbdd728713e0809f049f5ada55d92b57e1e,7e25783c0a7c26e9b9f205121679098986989cb4fa109a54923972afe75d60ce,ac6168d8c51a9220ff3b88b5de5c6038c357dcd1c8a36c2a1f201e2293e484e8,False,diffpir,sensitivity,0.375,2,2,0.03,0.03,0,0.25,4.29874180853,0.000189655248366,0.85498213768,0.899377405643,0.849807918072,-0.0495694875717,reconstructions/d4edbcc97ec00f079508e13004cf8c0e01806e2a1c89e0eb93c0e8df45158196/diffpir-sensitivity-0.375-2-2.pt
d4edbcc97ec00f079508e13004cf8c0e01806e2a1c89e0eb93c0e8df45158196,3edb09d41378dfae155626fe72b75a2c4bde6a58,cff553233941e75169564d196f318bbdd728713e0809f049f5ada55d92b57e1e,7e25783c0a7c26e9b9f205121679098986989cb4fa109a54923972afe75d60ce,ac6168d8c51a9220ff3b88b5de5c6038c357dcd1c8a36c2a1f201e2293e484e8,False,pigdm,sensitivity,0.375,2,2,0.03,0.03,0,0.25,17.8509807695,0.515178711731,0.109716124833,0.327242523432,0.162350177765,-0.164892345667,reconstructions/d4edbcc97ec00f079508e13004cf8c0e01806e2a1c89e0eb93c0e8df45158196/pigdm-sensitivity-0.375-2-2.pt
d4edbcc97ec00f079508e13004cf8c0e01806e2a1c89e0eb93c0e8df45158196,3edb09d41378dfae155626fe72b75a2c4bde6a58,cff553233941e75169564d196f318bbdd728713e0809f049f5ada55d92b57e1e,7e25783c0a7c26e9b9f205121679098986989cb4fa109a54923972afe75d60ce,ac6168d8c51a9220ff3b88b5de5c6038c357dcd1c8a36c2a1f201e2293e484e8,False,zero_filled,sensitivity,0.375,2,3,0.03,0.03,0,0.25,20.5682348073,0.593160034743,0.282033085823,0.252620249987,0.0669760257006,-0.185644224286,reconstructions/d4edbcc97ec00f079508e13004cf8c0e01806e2a1c89e0eb93c0e8df45158196/zero_filled-sensitivity-0.375-2-3.pt
d4edbcc97ec00f079508e13004cf8c0e01806e2a1c89e0eb93c0e8df45158196,3edb09d41378dfae155626fe72b75a2c4bde6a58,cff553233941e75169564d196f318bbdd728713e0809f049f5ada55d92b57e1e,7e25783c0a7c26e9b9f205121679098986989cb4fa109a54923972afe75d60ce,ac6168d8c51a9220ff3b88b5de5c6038c357dcd1c8a36c2a1f201e2293e484e8,False,tv,sensitivity,0.375,2,3,0.03,0.03,0,0.25,22.9014582596,0.708751422015,0.173715949059,0.252067536116,0.0665172040462,-0.185550332069,reconstructions/d4edbcc97ec00f079508e13004cf8c0e01806e2a1c89e0eb93c0e8df45158196/tv-sensitivity-0.375-2-3.pt
d4edbcc97ec00f079508e13004cf8c0e01806e2a1c89e0eb93c0e8df45158196,3edb09d41378dfae155626fe72b75a2c4bde6a58,cff553233941e75169564d196f318bbdd728713e0809f049f5ada55d92b57e1e,7e25783c0a7c26e9b9f205121679098986989cb4fa109a54923972afe75d60ce,ac6168d8c51a9220ff3b88b5de5c6038c357dcd1c8a36c2a1f201e2293e484e8,False,dps,sensitivity,0.375,2,3,0.03,0.03,0,0.25,9.56870970762,0.0824507848554,0.523927330971,0.541791081429,0.517432570457,-0.0243585109711,reconstructions/d4edbcc97ec00f079508e13004cf8c0e01806e2a1c89e0eb93c0e8df45158196/dps-sensitivity-0.375-2-3.pt
d4edbcc97ec00f079508e13004cf8c0e01806e2a1c89e0eb93c0e8df45158196,3edb09d41378dfae155626fe72b75a2c4bde6a58,cff553233941e75169564d196f318bbdd728713e0809f049f5ada55d92b57e1e,7e25783c0a7c26e9b9f205121679098986989cb4fa109a54923972afe75d60ce,ac6168d8c51a9220ff3b88b5de5c6038c357dcd1c8a36c2a1f201e2293e484e8,False,diffpir,sensitivity,0.375,2,3,0.03,0.03,0,0.25,5.34255666042,-0.00422270911284,0.986387133598,0.448487281799,0.406852662563,-0.041634619236,reconstructions/d4edbcc97ec00f079508e13004cf8c0e01806e2a1c89e0eb93c0e8df45158196/diffpir-sensitivity-0.375-2-3.pt
d4edbcc97ec00f079508e13004cf8c0e01806e2a1c89e0eb93c0e8df45158196,3edb09d41378dfae155626fe72b75a2c4bde6a58,cff553233941e75169564d196f318bbdd728713e0809f049f5ada55d92b57e1e,7e25783c0a7c26e9b9f205121679098986989cb4fa109a54923972afe75d60ce,ac6168d8c51a9220ff3b88b5de5c6038c357dcd1c8a36c2a1f201e2293e484e8,False,pigdm,sensitivity,0.375,2,3,0.03,0.03,0,0.25,19.9693311784,0.576475975104,0.182165041566,0.260596811771,0.0962262377143,-0.164370574057,reconstructions/d4edbcc97ec00f079508e13004cf8c0e01806e2a1c89e0eb93c0e8df45158196/pigdm-sensitivity-0.375-2-3.pt
d4edbcc97ec00f079508e13004cf8c0e01806e2a1c89e0eb93c0e8df45158196,3edb09d41378dfae155626fe72b75a2c4bde6a58,cff553233941e75169564d196f318bbdd728713e0809f049f5ada55d92b57e1e,7e25783c0a7c26e9b9f205121679098986989cb4fa109a54923972afe75d60ce,ac6168d8c51a9220ff3b88b5de5c6038c357dcd1c8a36c2a1f201e2293e484e8,False,zero_filled,sensitivity,0.375,2,4,0.03,0.03,0,0.25,20.1538907112,0.688016313544,0.240119829774,0.209304079413,0.0616608522832,-0.14764322713,reconstructions/d4edbcc97ec00f079508e13004cf8c0e01806e2a1c89e0eb93c0e8df45158196/zero_filled-sensitivity-0.375-2-4.pt
d4edbcc97ec00f079508e13004cf8c0e01806e2a1c89e0eb93c0e8df45158196,3edb09d41378dfae155626fe72b75a2c4bde6a58,cff553233941e75169564d196f318bbdd728713e0809f049f5ada55d92b57e1e,7e25783c0a7c26e9b9f205121679098986989cb4fa109a54923972afe75d60ce,ac6168d8c51a9220ff3b88b5de5c6038c357dcd1c8a36c2a1f201e2293e484e8,False,tv,sensitivity,0.375,2,4,0.03,0.03,0,0.25,20.3022955868,0.691181565775,0.125650823116,0.208164155483,0.063657194376,-0.144506961107,reconstructions/d4edbcc97ec00f079508e13004cf8c0e01806e2a1c89e0eb93c0e8df45158196/tv-sensitivity-0.375-2-4.pt
d4edbcc97ec00f079508e13004cf8c0e01806e2a1c89e0eb93c0e8df45158196,3edb09d41378dfae155626fe72b75a2c4bde6a58,cff553233941e75169564d196f318bbdd728713e0809f049f5ada55d92b57e1e,7e25783c0a7c26e9b9f205121679098986989cb4fa109a54923972afe75d60ce,ac6168d8c51a9220ff3b88b5de5c6038c357dcd1c8a36c2a1f201e2293e484e8,False,dps,sensitivity,0.375,2,4,0.03,0.03,0,0.25,9.34210938773,0.0087728762107,0.235677987337,0.527456223965,0.496719062328,-0.0307371616364,reconstructions/d4edbcc97ec00f079508e13004cf8c0e01806e2a1c89e0eb93c0e8df45158196/dps-sensitivity-0.375-2-4.pt
d4edbcc97ec00f079508e13004cf8c0e01806e2a1c89e0eb93c0e8df45158196,3edb09d41378dfae155626fe72b75a2c4bde6a58,cff553233941e75169564d196f318bbdd728713e0809f049f5ada55d92b57e1e,7e25783c0a7c26e9b9f205121679098986989cb4fa109a54923972afe75d60ce,ac6168d8c51a9220ff3b88b5de5c6038c357dcd1c8a36c2a1f201e2293e484e8,False,diffpir,sensitivity,0.375,2,4,0.03,0.03,0,0.25,5.17865195149,0.0147318802058,0.962840795517,0.451532393694,0.427361637354,-0.02417075634,reconstructions/d4edbcc97ec00f079508e13004cf8c0e01806e2a1c89e0eb93c0e8df45158196/diffpir-sensitivity-0.375-2-4.pt
d4edbcc97ec00f079508e13004cf8c0e01806e2a1c89e0eb93c0e8df45158196,3edb09d41378dfae155626fe72b75a2c4bde6a58,cff553233941e75169564d196f318bbdd728713e0809f049f5ada55d92b57e1e,7e25783c0a7c26e9b9f205121679098986989cb4fa109a54923972afe75d60ce,ac6168d8c51a9220ff3b88b5de5c6038c357dcd1c8a36c2a1f201e2293e484e8,False,pigdm,sensitivity,0.375,2,4,0.03,0.03,0,0.25,19.8444224831,0.586504740998,0.0973885580897,0.210727080703,0.0700693577528,-0.14065772295,reconstructions/d4edbcc97ec00f079508e13004cf8c0e01806e2a1c89e0eb93c0e8df45158196/pigdm-sensitivity-0.375-2-4.pt
d4edbcc97ec00f079508e13004cf8c0e01806e2a1c89e0eb93c0e8df45158196,3edb09d41378dfae155626fe72b75a2c4bde6a58,cff553233941e75169564d196f318bbdd728713e0809f049f5ada55d92b57e1e,7e25783c0a7c26e9b9f205121679098986989cb4fa109a54923972afe75d60ce,ac6168d8c51a9220ff3b88b5de5c6038c357dcd1c8a36c2a1f201e2293e484e8,False,zero_filled,sensitivity,0.375,2,5,0.03,0.03,0,0.25,20.1347425111,0.561352487815,0.380869328976,0.25024279952,0.0620566159487,-0.188186183572,reconstructions/d4edbcc97ec00f079508e13004cf8c0e01806e2a1c89e0eb93c0e8df45158196/zero_filled-sensitivity-0.375-2-5.pt
d4edbcc97ec00f079508e13004cf8c0e01806e2a1c89e0eb93c0e8df45158196,3edb09d41378dfae155626fe72b75a2c4bde6a58,cff553233941e75169564d196f318bbdd728713e0809f049f5ada55d92b57e1e,7e25783c0a7c26e9b9f205121679098986989cb4fa109a54923972afe75d60ce,ac6168d8c51a9220ff3b88b5de5c6038c357dcd1c8a36c2a1f201e2293e484e8,False,tv,sensitivity,0.375,2,5,0.03,0.03,0,0.25,20.1872188795,0.515096929787,0.285847246647,0.251333624125,0.0674797520041,-0.18385387212,reconstructions/d4edbcc97ec00f079508e13004cf8c0e01806e2a1c89e0eb93c0e8df45158196/tv-sensitivity-0.375-2-5.pt
d4edbcc97ec00f079508e13004cf8c0e01806e2a1c89e0eb93c0e8df45158196,3edb09d41378dfae155626fe72b75a2c4bde6a58,cff553233941e75169564d196f318bbdd728713e0809f049f5ada55d92b57e1e,7e25783c0a7c26e9b9f205121679098986989cb4fa109a54923972afe75d60ce,ac6168d8c51a9220ff3b88b5de5c6038c357dcd1c8a36c2a1f201e2293e484e8,False,dps,sensitivity,0.375,2,5,0.03,0.03,0,0.25,9.81237888098,0.0803567636099,0.574750125408,0.519754886627,0.456664264202,-0.0630906224251,reconstructions/d4edbcc97ec00f079508e13004cf8c0e01806e2a1c89e0eb93c0e8df45158196/dps-sensitivity-0.375-2-5.pt
d4edbcc97ec00f079508e13004cf8c0e01806e2a1c89e0eb93c0e8df45158196,3edb09d41378dfae155626fe72b75a2c4bde6a58,cff553233941e75169564d196f318bbdd728713e0809f049f5ada55d92b57e1e,7e25783c0a7c26e9b9f205121679098986989cb4fa109a54923972afe75d60ce,ac6168d8c51a9220ff3b88b5de5c6038c357dcd1c8a36c2a1f201e2293e484e8,False,diffpir,sensitivity,0.375,2,5,0.03,0.03,0,0.25,5.49515606101,0.0112942158642,0.814215838909,0.40930506587,0.351809978485,-0.0574950873852,reconstructions/d4edbcc97ec00f079508e13004cf8c0e01806e2a1c89e0eb93c0e8df45158196/diffpir-sensitivity-0.375-2-5.pt
d4edbcc97ec00f079508e13004cf8c0e01806e2a1c89e0eb93c0e8df45158196,3edb09d41378dfae155626fe72b75a2c4bde6a58,cff553233941e75169564d196f318bbdd728713e0809f049f5ada55d92b57e1e,7e25783c0a7c26e9b9f205121679098986989cb4fa109a54923972afe75d60ce,ac6168d8c51a9220ff3b88b5de5c6038c357dcd1c8a36c2a1f201e2293e484e8,False,pigdm,sensitivity,0.375,2,5,0.03,0.03,0,0.25,19.1832426838,0.408117693045,0.240742951632,0.254586011171,0.0768534392118,-0.177732571959,reconstructions/d4edbcc97ec00f079508e13004cf8c0e01806e2a1c89e0eb93c0e8df45158196/pigdm-sensitivity-0.375-2-5.pt
d4edbcc97ec00f079508e13004cf8c0e01806e2a1c89e0eb93c0e8df45158196,3edb09d41378dfae155626fe72b75a2c4bde6a58,cff553233941e75169564d196f318bbdd728713e0809f049f5ada55d92b57e1e,7e25783c0a7c26e9b9f205121679098986989cb4fa109a54923972afe75d60ce,ac6168d8c51a9220ff3b88b5de5c6038c357dcd1c8a36c2a1f201e2293e484e8,False,zero_filled,sensitivity,0.375,2,6,0.03,0.03,0,0.25,17.2506935089,0.45538182669,0.308579623699,0.291257828474,0.0913730934262,-0.199884735048,reconstructions/d4edbcc97ec00f079508e13004cf8c0e01806e2a1c89e0eb93c0e8df45158196/zero_filled-sensitivity-0.375-2-6.pt
d4edbcc97ec00f079508e13004cf8c0e01806e2a1c89e0eb93c0e8df45158196,3edb09d41378dfae155626fe72b75a2c4bde6a58,cff553233941e75169564d196f318bbdd728713e0809f049f5ada55d92b57e1e,7e25783c0a7c26e9b9f205121679098986989cb4fa109a54923972afe75d60ce,ac6168d8c51a9220ff3b88b5de5c6038c357dcd1c8a36c2a1f201e2293e484e8,False,tv,sensitivity,0.375,2,6,0.03,0.03,0,0.25,19.0868893557,0.630999047329,0.128239631653,0.289174109697,0.0844954848289,-0.204678624868,reconstructions/d4edbcc97ec00f079508e13004cf8c0e01806e2a1c89e0eb93c0e8df45158196/tv-sensitivity-0.375-2-6.pt
d4edbcc97ec00f079508e13004cf8c0e01806e2a1c89e0eb93c0e8df45158196,3edb09d41378dfae155626fe72b75a2c4bde6a58,cff553233941e75169564d196f318bbdd728713e0809f049f5ada55d92b57e1e,7e25783c0a7c26e9b9f205121679098986989cb4fa109a54923972afe75d60ce,ac6168d8c51a9220ff3b88b5de5c6038c357dcd1c8a36c2a1f201e2293e484e8,False,dps,sensitivity,0.375,2,6,0.03,0.03,0,0.25,4.30811638735,-0.00885140152241,0.522688448429,1.48367762566,1.43431985378,-0.0493577718735,reconstructions/d4edbcc97ec00f079508e13004cf8c0e01806e2a1c89e0eb93c0e8df45158196/dps-sensitivity-0.375-2-6.pt
d4edbcc97ec00f079508e13004cf8c0e01806e2a1c89e0eb93c0e8df45158196,3edb09d41378dfae155626fe72b75a2c4bde6a58,cff553233941e75169564d196f318bbdd728713e0809f049f5ada55d92b57e1e,7e25783c0a7c26e9b9f205121679098986989cb4fa109a54923972afe75d60ce,ac6168d8c51a9220ff3b88b5de5c6038c357dcd1c8a36c2a1f201e2293e484e8,False,diffpir,sensitivity,0.375,2,6,0.03,0.03,0,0.25,4.28283190411,0.0150565218196,0.915136694908,0.953621566296,0.906303226948,-0.0473183393478,reconstructions/d4edbcc97ec00f079508e13004cf8c0e01806e2a1c89e0eb93c0e8df45158196/diffpir-sensitivity-0.375-2-6.pt
d4edbcc97ec00f079508e13004cf8c0e01806e2a1c89e0eb93c0e8df45158196,3edb09d41378dfae155626fe72b75a2c4bde6a58,cff553233941e75169564d196f318bbdd728713e0809f049f5ada55d92b57e1e,7e25783c0a7c26e9b9f205121679098986989cb4fa109a54923972afe75d60ce,ac6168d8c51a9220ff3b88b5de5c6038c357dcd1c8a36c2a1f201e2293e484e8,False,pigdm,sensitivity,0.375,2,6,0.03,0.03,0,0.25,17.494441151,0.464419087608,0.134566470981,0.312565088272,0.151181921363,-0.161383166909,reconstructions/d4edbcc97ec00f079508e13004cf8c0e01806e2a1c89e0eb93c0e8df45158196/pigdm-sensitivity-0.375-2-6.pt
d4edbcc97ec00f079508e13004cf8c0e01806e2a1c89e0eb93c0e8df45158196,3edb09d41378dfae155626fe72b75a2c4bde6a58,cff553233941e75169564d196f318bbdd728713e0809f049f5ada55d92b57e1e,7e25783c0a7c26e9b9f205121679098986989cb4fa109a54923972afe75d60ce,ac6168d8c51a9220ff3b88b5de5c6038c357dcd1c8a36c2a1f201e2293e484e8,False,zero_filled,sensitivity,0.375,2,7,0.03,0.03,0,0.25,19.5000077416,0.572486922521,0.265947014093,0.226391330361,0.079328134656,-0.147063195705,reconstructions/d4edbcc97ec00f079508e13004cf8c0e01806e2a1c89e0eb93c0e8df45158196/zero_filled-sensitivity-0.375-2-7.pt
d4edbcc97ec00f079508e13004cf8c0e01806e2a1c89e0eb93c0e8df45158196,3edb09d41378dfae155626fe72b75a2c4bde6a58,cff553233941e75169564d196f318bbdd728713e0809f049f5ada55d92b57e1e,7e25783c0a7c26e9b9f205121679098986989cb4fa109a54923972afe75d60ce,ac6168d8c51a9220ff3b88b5de5c6038c357dcd1c8a36c2a1f201e2293e484e8,False,tv,sensitivity,0.375,2,7,0.03,0.03,0,0.25,21.0941091789,0.694354106293,0.0970439016819,0.22411839664,0.0781794786453,-0.145938917994,reconstructions/d4edbcc97ec00f079508e13004cf8c0e01806e2a1c89e0eb93c0e8df45158196/tv-sensitivity-0.375-2-7.pt
d4edbcc97ec00f079508e13004cf8c0e01806e2a1c89e0eb93c0e8df45158196,3edb09d41378dfae155626fe72b75a2c4bde6a58,cff553233941e75169564d196f318bbdd728713e0809f049f5ada55d92b57e1e,7e25783c0a7c26e9b9f205121679098986989cb4fa109a54923972afe75d60ce,ac6168d8c51a9220ff3b88b5de5c6038c357dcd1c8a36c2a1f201e2293e484e8,False,dps,sensitivity,0.375,2,7,0.03,0.03,0,0.25,6.65735932017,0.074948047035,0.578130364418,1.07389438152,1.03532361984,-0.0385707616806,reconstructions/d4edbcc97ec00f079508e13004cf8c0e01806e2a1c89e0eb93c0e8df45158196/dps-sensitivity-0.375-2-7.pt
d4edbcc97ec00f079508e13004cf8c0e01806e2a1c89e0eb93c0e8df45158196,3edb09d41378dfae155626fe72b75a2c4bde6a58,cff553233941e75169564d196f318bbdd728713e0809f049f5ada55d92b57e1e,7e25783c0a7c26e9b9f205121679098986989cb4fa109a54923972afe75d60ce,ac6168d8c51a9220ff3b88b5de5c6038c357dcd1c8a36c2a1f201e2293e484e8,False,diffpir,sensitivity,0.375,2,7,0.03,0.03,0,0.25,4.67675384446,-0.00135016837384,0.934666514397,0.785917162895,0.753818571568,-0.0320985913277,reconstructions/d4edbcc97ec00f079508e13004cf8c0e01806e2a1c89e0eb93c0e8df45158196/diffpir-sensitivity-0.375-2-7.pt
d4edbcc97ec00f079508e13004cf8c0e01806e2a1c89e0eb93c0e8df45158196,3edb09d41378dfae155626fe72b75a2c4bde6a58,cff553233941e75169564d196f318bbdd728713e0809f049f5ada55d92b57e1e,7e25783c0a7c26e9b9f205121679098986989cb4fa109a54923972afe75d60ce,ac6168d8c51a9220ff3b88b5de5c6038c357dcd1c8a36c2a1f201e2293e484e8,False,pigdm,sensitivity,0.375,2,7,0.03,0.03,0,0.25,19.6736733701,0.523122438582,0.115509159863,0.255284070969,0.145691230893,-0.109592840075,reconstructions/d4edbcc97ec00f079508e13004cf8c0e01806e2a1c89e0eb93c0e8df45158196/pigdm-sensitivity-0.375-2-7.pt
d4edbcc97ec00f079508e13004cf8c0e01806e2a1c89e0eb93c0e8df45158196,3edb09d41378dfae155626fe72b75a2c4bde6a58,cff553233941e75169564d196f318bbdd728713e0809f049f5ada55d92b57e1e,7e25783c0a7c26e9b9f205121679098986989cb4fa109a54923972afe75d60ce,ac6168d8c51a9220ff3b88b5de5c6038c357dcd1c8a36c2a1f201e2293e484e8,False,zero_filled,sensitivity,0.5,0,0,0.03,0.03,0,0.25,20.8929561678,0.63903167768,0.243092045188,0.323351234198,0.0907994359732,-0.232551798224,reconstructions/d4edbcc97ec00f079508e13004cf8c0e01806e2a1c89e0eb93c0e8df45158196/zero_filled-sensitivity-0.5-0-0.pt
d4edbcc97ec00f079508e13004cf8c0e01806e2a1c89e0eb93c0e8df45158196,3edb09d41378dfae155626fe72b75a2c4bde6a58,cff553233941e75169564d196f318bbdd728713e0809f049f5ada55d92b57e1e,7e25783c0a7c26e9b9f205121679098986989cb4fa109a54923972afe75d60ce,ac6168d8c51a9220ff3b88b5de5c6038c357dcd1c8a36c2a1f201e2293e484e8,False,tv,sensitivity,0.5,0,0,0.03,0.03,0,0.25,21.0371603259,0.643736805116,0.136903762817,0.322223693132,0.0948185026646,-0.227405190468,reconstructions/d4edbcc97ec00f079508e13004cf8c0e01806e2a1c89e0eb93c0e8df45158196/tv-sensitivity-0.5-0-0.pt
d4edbcc97ec00f079508e13004cf8c0e01806e2a1c89e0eb93c0e8df45158196,3edb09d41378dfae155626fe72b75a2c4bde6a58,cff553233941e75169564d196f318bbdd728713e0809f049f5ada55d92b57e1e,7e25783c0a7c26e9b9f205121679098986989cb4fa109a54923972afe75d60ce,ac6168d8c51a9220ff3b88b5de5c6038c357dcd1c8a36c2a1f201e2293e484e8,False,dps,sensitivity,0.5,0,0,0.03,0.03,0,0.25,7.62706671568,0.0616859069476,0.40369528532,0.683514118195,0.648401081562,-0.0351130366325,reconstructions/d4edbcc97ec00f079508e13004cf8c0e01806e2a1c89e0eb93c0e8df45158196/dps-sensitivity-0.5-0-0.pt
d4edbcc97ec00f079508e13004cf8c0e01806e2a1c89e0eb93c0e8df45158196,3edb09d41378dfae155626fe72b75a2c4bde6a58,cff553233941e75169564d196f318bbdd728713e0809f049f5ada55d92b57e1e,7e25783c0a7c26e9b9f205121679098986989cb4fa109a54923972afe75d60ce,ac6168d8c51a9220ff3b88b5de5c6038c357dcd1c8a36c2a1f201e2293e484e8,False,diffpir,sensitivity,0.5,0,0,0.03,0.03,0,0.25,5.79499116232,0.0162382465362,0.999784052372,0.434726834297,0.325974166393,-0.108752667904,reconstructions/d4edbcc97ec00f079508e13004cf8c0e01806e2a1c89e0eb93c0e8df45158196/diffpir-sensitivity-0.5-0-0.pt
d4edbcc97ec00f079508e13004cf8c0e01806e2a1c89e0eb93c0e8df45158196,3edb09d41378dfae155626fe72b75a2c4bde6a58,cff553233941e75169564d196f318bbdd728713e0809f049f5ada55d92b57e1e,7e25783c0a7c26e9b9f205121679098986989cb4fa109a54923972afe75d60ce,ac6168d8c51a9220ff3b88b5de5c6038c357dcd1c8a36c2a1f201e2293e484e8,False,pigdm,sensitivity,0.5,0,0,0.03,0.03,0,0.25,20.3266511062,0.575797660984,0.154572859406,0.325020223856,0.101541355252,-0.223478868604,reconstructions/d4edbcc97ec00f079508e13004cf8c0e01806e2a1c89e0eb93c0e8df45158196/pigdm-sensitivity-0.5-0-0.pt
d4edbcc97ec00f079508e13004cf8c0e01806e2a1c89e0eb93c0e8df45158196,3edb09d41378dfae155626fe72b75a2c4bde6a58,cff553233941e75169564d196f318bbdd728713e0809f049f5ada55d92b57e1e,7e25783c0a7c26e9b9f205121679098986989cb4fa109a54923972afe75d60ce,ac6168d8c51a9220ff3b88b5de5c6038c357dcd1c8a36c2a1f201e2293e484e8,False,zero_filled,sensitivity,0.5,0,1,0.03,0.03,0,0.25,22.8997232229,0.63187571979,0.512972533703,0.352403670549,0.0986706018448,-0.253733068705,reconstructions/d4edbcc97ec00f079508e13004cf8c0e01806e2a1c89e0eb93c0e8df45158196/zero_filled-sensitivity-0.5-0-1.pt
d4edbcc97ec00f079508e13004cf8c0e01806e2a1c89e0eb93c0e8df45158196,3edb09d41378dfae155626fe72b75a2c4bde6a58,cff553233941e75169564d196f318bbdd728713e0809f049f5ada55d92b57e1e,7e25783c0a7c26e9b9f205121679098986989cb4fa109a54923972afe75d60ce,ac6168d8c51a9220ff3b88b5de5c6038c357dcd1c8a36c2a1f201e2293e484e8,False,tv,sensitivity,0.5,0,1,0.03,0.03,0,0.25,22.7930333639,0.57174387444,0.423766374588,0.351895838976,0.108906544745,-0.242989294231,reconstructions/d4edbcc97ec00f079508e13004cf8c0e01806e2a1c89e0eb93c0e8df45158196/tv-sensitivity-0.5-0-1.pt
d4edbcc97ec00f079508e13004cf8c0e01806e2a1c89e0eb93c0e8df45158196,3edb09d41378dfae155626fe72b75a2c4bde6a58,cff553233941e75169564d196f318bbdd728713e0809f049f5ada55d92b57e1e,7e25783c0a7c26e9b9f205121679098986989cb4fa109a54923972afe75d60ce,ac6168d8c51a9220ff3b88b5de5c6038c357dcd1c8a36c2a1f201e2293e484e8,False,dps,sensitivity,0.5,0,1,0.03,0.03,0,0.25,12.9070434062,0.1168203135,0.526933789253,0.551274001598,0.432224929333,-0.119049072266,reconstructions/d4edbcc97ec00f079508e13004cf8c0e01806e2a1c89e0eb93c0e8df45158196/dps-sensitivity-0.5-0-1.pt
d4edbcc97ec00f079508e13004cf8c0e01806e2a1c89e0eb93c0e8df45158196,3edb09d41378dfae155626fe72b75a2c4bde6a58,cff553233941e75169564d196f318bbdd728713e0809f049f5ada55d92b57e1e,7e25783c0a7c26e9b9f205121679098986989cb4fa109a54923972afe75d60ce,ac6168d8c51a9220ff3b88b5de5c6038c357dcd1c8a36c2a1f201e2293e484e8,False,diffpir,sensitivity,0.5,0,1,0.03,0.03,0,0.25,6.12127642282,0.00829474295527,0.745443642139,0.47620716691,0.322416365147,-0.153790801764,reconstructions/d4edbcc97ec00f079508e13004cf8c0e01806e2a1c89e0eb93c0e8df45158196/diffpir-sensitivity-0.5-0-1.pt
d4edbcc97ec00f079508e13004cf8c0e01806e2a1c89e0eb93c0e8df45158196,3edb09d41378dfae155626fe72b75a2c4bde6a58,cff553233941e75169564d196f318bbdd728713e0809f049f5ada55d92b57e1e,7e25783c0a7c26e9b9f205121679098986989cb4fa109a54923972afe75d60ce,ac6168d8c51a9220ff3b88b5de5c6038c357dcd1c8a36c2a1f201e2293e484e8,False,pigdm,sensitivity,0.5,0,1,0.03,0.03,0,0.25,22.4375917406,0.48957157716,0.404341936111,0.356994509697,0.111477784812,-0.245516724885,reconstructions/d4edbcc97ec00f079508e13004cf8c0e01806e2a1c89e0eb93c0e8df45158196/pigdm-sensitivity-0.5-0-1.pt
d4edbcc97ec00f079508e13004cf8c0e01806e2a1c89e0eb93c0e8df45158196,3edb09d41378dfae155626fe72b75a2c4bde6a58,cff553233941e75169564d196f318bbdd728713e0809f049f5ada55d92b57e1e,7e25783c0a7c26e9b9f205121679098986989cb4fa109a54923972afe75d60ce,ac6168d8c51a9220ff3b88b5de5c6038c357dcd1c8a36c2a1f201e2293e484e8,False,zero_filled,sensitivity,0.5,0,2,0.03,0.03,0,0.25,18.9490298528,0.557322128793,0.220915406942,0.391386628151,0.129350095987,-0.262036532164,reconstructions/d4edbcc97ec00f079508e13004cf8c0e01806e2a1c89e0eb93c0e8df45158196/zero_filled-sensitivity-0.5-0-2.pt
d4edbcc97ec00f079508e13004cf8c0e01806e2a1c89e0eb93c0e8df45158196,3edb09d41378dfae155626fe72b75a2c4bde6a58,cff553233941e75169564d196f318bbdd728713e0809f049f5ada55d92b57e1e,7e25783c0a7c26e9b9f205121679098986989cb4fa109a54923972afe75d60ce,ac6168d8c51a9220ff3b88b5de5c6038c357dcd1c8a36c2a1f201e2293e484e8,False,tv,sensitivity,0.5,0,2,0.03,0.03,0,0.25,20.7276701693,0.739662444825,0.0577616468072,0.386285364628,0.122760005295,-0.263525359333,reconstructions/d4edbcc97ec00f079508e13004cf8c0e01806e2a1c89e0eb93c0e8df45158196/tv-sensitivity-0.5-0-2.pt
d4edbcc97ec00f079508e13004cf8c0e01806e2a1c89e0eb93c0e8df45158196,3edb09d41378dfae155626fe72b75a2c4bde6a58,cff553233941e75169564d196f318bbdd728713e0809f049f5ada55d92b57e1e,7e25783c0a7c26e9b9f205121679098986989cb4fa109a54923972afe75d60ce,ac6168d8c51a9220ff3b88b5de5c6038c357dcd1c8a36c2a1f201e2293e484e8,False,dps,sensitivity,0.5,0,2,0.03,0.03,0,0.25,11.2926405988,0.172179159632,0.144095942378,0.645820081234,0.570802211761,-0.0750178694725,reconstructions/d4edbcc97ec00f079508e13004cf8c0e01806e2a1c89e0eb93c0e8df45158196/dps-sensitivity-0.5-0-2.pt
d4edbcc97ec00f079508e13004cf8c0e01806e2a1c89e0eb93c0e8df45158196,3edb09d41378dfae155626fe72b75a2c4bde6a58,cff553233941e75169564d196f318bbdd728713e0809f049f5ada55d92b57e1e,7e25783c0a7c26e9b9f205121679098986989cb4fa109a54923972afe75d60ce,ac6168d8c51a9220ff3b88b5de5c6038c357dcd1c8a36c2a1f201e2293e484e8,False,diffpir,sensitivity,0.5,0,2,0.03,0.03,0,0.25,4.38671834012,0.0172960388697,0.968395650387,0.928715646267,0.846653938293,-0.0820617079735,reconstructions/d4edbcc97ec00f079508e13004cf8c0e01806e2a1c89e0eb93c0e8df45158196/diffpir-sensitivity-0.5-0-2.pt
d4edbcc97ec00f079508e13004cf8c0e01806e2a1c89e0eb93c0e8df45158196,3edb09d41378dfae155626fe72b75a2c4bde6a58,cff553233941e75169564d196f318bbdd728713e0809f049f5ada55d92b57e1e,7e25783c0a7c26e9b9f205121679098986989cb4fa109a54923972afe75d60ce,ac6168d8c51a9220ff3b88b5de5c6038c357dcd1c8a36c2a1f201e2293e484e8,False,pigdm,sensitivity,0.5,0,2,0.03,0.03,0,0.25,15.9177918048,0.48127809321,0.202087372541,0.452242285013,0.258401125669,-0.193841159344,reconstructions/d4edbcc97ec00f079508e13004cf8c0e01806e2a1c89e0eb93c0e8df45158196/pigdm-sensitivity-0.5-0-2.pt
d4edbcc97ec00f079508e13004cf8c0e01806e2a1c89e0eb93c0e8df45158196,3edb09d41378dfae155626fe72b75a2c4bde6a58,cff553233941e75169564d196f318bbdd728713e0809f049f5ada55d92b57e1e,7e25783c0a7c26e9b9f205121679098986989cb4fa109a54923972afe75d60ce,ac6168d8c51a9220ff3b88b5de5c6038c357dcd1c8a36c2a1f201e2293e484e8,False,zero_filled,sensitivity,0.5,0,3,0.03,0.03,0,0.25,20.2190410996,0.574320418754,0.303383648396,0.333172827959,0.102302990854,-0.230869837105,reconstructions/d4edbcc97ec00f079508e13004cf8c0e01806e2a1c89e0eb93c0e8df45158196/zero_filled-sensitivity-0.5-0-3.pt
d4edbcc97ec00f079508e13004cf8c0e01806e2a1c89e0eb93c0e8df45158196,3edb09d41378dfae155626fe72b75a2c4bde6a58,cff553233941e75169564d196f318bbdd728713e0809f049f5ada55d92b57e1e,7e25783c0a7c26e9b9f205121679098986989cb4fa109a54923972afe75d60ce,ac6168d8c51a9220ff3b88b5de5c6038c357dcd1c8a36c2a1f201e2293e484e8,False,tv,sensitivity,0.5,0,3,0.03,0.03,0,0.25,22.0776138712,0.68932102544,0.165725648403,0.331627130508,0.0990182757378,-0.232608854771,reconstructions/d4edbcc97ec00f079508e13004cf8c0e01806e2a1c89e0eb93c0e8df45158196/tv-sensitivity-0.5-0-3.pt
d4edbcc97ec00f079508e13004cf8c0e01806e2a1c89e0eb93c0e8df45158196,3edb09d41378dfae155626fe72b75a2c4bde6a58,cff553233941e75169564d196f318bbdd728713e0809f049f5ada55d92b57e1e,7e25783c0a7c26e9b9f205121679098986989cb4fa109a54923972afe75d60ce,ac6168d8c51a9220ff3b88b5de5c6038c357dcd1c8a36c2a1f201e2293e484e8,False,dps,sensitivity,0.5,0,3,0.03,0.03,0,0.25,5.54408898827,0.0364542182979,0.594981908798,0.867409169674,0.863809049129,-0.00360012054443,reconstructions/d4edbcc97ec00f079508e13004cf8c0e01806e2a1c89e0eb93c0e8df45158196/dps-sensitivity-0.5-0-3.pt
d4edbcc97ec00f079508e13004cf8c0e01806e2a1c89e0eb93c0e8df45158196,3edb09d41378dfae155626fe72b75a2c4bde6a58,cff553233941e75169564d196f318bbdd728713e0809f049f5ada55d92b57e1e,7e25783c0a7c26e9b9f205121679098986989cb4fa109a54923972afe75d60ce,ac6168d8c51a9220ff3b88b5de5c6038c357dcd1c8a36c2a1f201e2293e484e8,False,diffpir,sensitivity,0.5,0,3,0.03,0.03,0,0.25,5.4649731737,0.00428460696371,1.00091600418,0.493929892778,0.418451309204,-0.0754785835743,reconstructions/d4edbcc97ec00f079508e13004cf8c0e01806e2a1c89e0eb93c0e8df45158196/diffpir-sensitivity-0.5-0-3.pt
d4edbcc97ec00f079508e13004cf8c0e01806e2a1c89e0eb93c0e8df45158196,3edb09d41378dfae155626fe72b75a2c4bde6a58,cff553233941e75169564d196f318bbdd728713e0809f049f5ada55d92b57e1e,7e25783c0a7c26e9b9f205121679098986989cb4fa109a54923972afe75d60ce,ac6168d8c51a9220ff3b88b5de5c6038c357dcd1c8a36c2a1f201e2293e484e8,False,pigdm,sensitivity,0.5,0,3,0.03,0.03,0,0.25,20.0431794952,0.532844135455,0.239593282342,0.337883323431,0.120126627386,-0.217756696045,reconstructions/d4edbcc97ec00f079508e13004cf8c0e01806e2a1c89e0eb93c0e8df45158196/pigdm-sensitivity-0.5-0-3.pt
d4edbcc97ec00f079508e13004cf8c0e01806e2a1c89e0eb93c0e8df45158196,3edb09d41378dfae155626fe72b75a2c4bde6a58,cff553233941e75169564d196f318bbdd728713e0809f049f5ada55d92b57e1e,7e25783c0a7c26e9b9f205121679098986989cb4fa109a54923972afe75d60ce,ac6168d8c51a9220ff3b88b5de5c6038c357dcd1c8a36c2a1f201e2293e484e8,False,zero_filled,sensitivity,0.5,0,4,0.03,0.03,0,0.25,20.1778607311,0.720446300409,0.158836036921,0.275402605534,0.09091501683,-0.184487588704,reconstructions/d4edbcc97ec00f079508e13004cf8c0e01806e2a1c89e0eb93c0e8df45158196/zero_filled-sensitivity-0.5-0-4.pt
d4edbcc97ec00f079508e13004cf8c0e01806e2a1c89e0eb93c0e8df45158196,3edb09d41378dfae155626fe72b75a2c4bde6a58,cff553233941e75169564d196f318bbdd728713e0809f049f5ada55d92b57e1e,7e25783c0a7c26e9b9f205121679098986989cb4fa109a54923972afe75d60ce,ac6168d8c51a9220ff3b88b5de5c6038c357dcd1c8a36c2a1f201e2293e484e8,False,tv,sensitivity,0.5,0,4,0.03,0.03,0,0.25,20.710452413,0.743914149636,0.0791821107268,0.27292022109,0.0916457027197,-0.181274518371,reconstructions/d4edbcc97ec00f079508e13004cf8c0e01806e2a1c89e0eb93c0e8df45158196/tv-sensitivity-0.5-0-4.pt
d4edbcc97ec00f079508e13004cf8c0e01806e2a1c89e0eb93c0e8df45158196,3edb09d41378dfae155626fe72b75a2c4bde6a58,cff553233941e75169564d196f318bbdd728713e0809f049f5ada55d92b57e1e,7e25783c0a7c26e9b9f205121679098986989cb4fa109a54923972afe75d60ce,ac6168d8c51a9220ff3b88b5de5c6038c357dcd1c8a36c2a1f201e2293e484e8,False,dps,sensitivity,0.5,0,4,0.03,0.03,0,0.25,10.8868327581,0.109068629003,0.21671757102,0.515871226788,0.427676081657,-0.0881951451302,reconstructions/d4edbcc97ec00f079508e13004cf8c0e01806e2a1c89e0eb93c0e8df45158196/dps-sensitivity-0.5-0-4.pt
d4edbcc97ec00f079508e13004cf8c0e01806e2a1c89e0eb93c0e8df45158196,3edb09d41378dfae155626fe72b75a2c4bde6a58,cff553233941e75169564d196f318bbdd728713e0809f049f5ada55d92b57e1e,7e25783c0a7c26e9b9f205121679098986989cb4fa109a54923972afe75d60ce,ac6168d8c51a9220ff3b88b5de5c6038c357dcd1c8a36c2a1f201e2293e484e8,False,diffpir,sensitivity,0.5,0,4,0.03,0.03,0,0.25,5.21745908531,0.011262062093,0.989708900452,0.476163327694,0.424477815628,-0.0516855120659,reconstructions/d4edbcc97ec00f079508e13004cf8c0e01806e2a1c89e0eb93c0e8df45158196/diffpir-sensitivity-0.5-0-4.pt
d4edbcc97ec00f079508e13004cf8c0e01806e2a1c89e0eb93c0e8df45158196,3edb09d41378dfae155626fe72b75a2c4bde6a58,cff553233941e75169564d196f318bbdd728713e0809f049f5ada55d92b57e1e,7e25783c0a7c26e9b9f205121679098986989cb4fa109a54923972afe75d60ce,ac6168d8c51a9220ff3b88b5de5c6038c357dcd1c8a36c2a1f201e2293e484e8,False,pigdm,sensitivity,0.5,0,4,0.03,0.03,0,0.25,20.8365595819,0.728170318016,0.07283770293,0.275286734104,0.0942432433367,-0.181043490767,reconstructions/d4edbcc97ec00f079508e13004cf8c0e01806e2a1c89e0eb93c0e8df45158196/pigdm-sensitivity-0.5-0-4.pt
d4edbcc97ec00f079508e13004cf8c0e01806e2a1c89e0eb93c0e8df45158196,3edb09d41378dfae155626fe72b75a2c4bde6a58,cff553233941e75169564d196f318bbdd728713e0809f049f5ada55d92b57e1e,7e25783c0a7c26e9b9f205121679098986989cb4fa109a54923972afe75d60ce,ac6168d8c51a9220ff3b88b5de5c6038c357dcd1c8a36c2a1f201e2293e484e8,False,zero_filled,sensitivity,0.5,0,5,0.03,0.03,0,0.25,20.0355807131,0.60869733586,0.384206652641,0.330256611109,0.0967548564076,-0.233501754701,reconstructions/d4edbcc97ec00f079508e13004cf8c0e01806e2a1c89e0eb93c0e8df45158196/zero_filled-sensitivity-0.5-0-5.pt
d4edbcc97ec00f079508e13004cf8c0e01806e2a1c89e0eb93c0e8df45158196,3edb09d41378dfae155626fe72b75a2c4bde6a58,cff553233941e75169564d196f318bbdd728713e0809f049f5ada55d92b57e1e,7e25783c0a7c26e9b9f205121679098986989cb4fa109a54923972afe75d60ce,ac6168d8c51a9220ff3b88b5de5c6038c357dcd1c8a36c2a1f201e2293e484e8,False,tv,sensitivity,0.5,0,5,0.03,0.03,0,0.25,20.215284347,0.589364612722,0.255081176758,0.329642891884,0.0984391197562,-0.231203772128,reconstructions/d4edbcc97ec00f079508e13004cf8c0e01806e2a1c89e0eb93c0e8df45158196/tv-sensitivity-0.5-0-5.pt
d4edbcc97ec00f079508e13004cf8c0e01806e2a1c89e0eb93c0e8df45158196,3edb09d41378dfae155626fe72b75a2c4bde6a58,cff553233941e75169564d196f318bbdd728713e0809f049f5ada55d92b57e1e,7e25783c0a7c26e9b9f205121679098986989cb4fa109a54923972afe75d60ce,ac6168d8c51a9220ff3b88b5de5c6038c357dcd1c8a36c2a1f201e2293e484e8,False,dps,sensitivity,0.5,0,5,0.03,0.03,0,0.25,9.4361589991,0.0798128715499,0.638206064701,0.544390141964,0.482037007809,-0.0623531341553,reconstructions/d4edbcc97ec00f079508e13004cf8c0e01806e2a1c89e0eb93c0e8df45158196/dps-sensitivity-0.5-0-5.pt
d4edbcc97ec00f079508e13004cf8c0e01806e2a1c89e0eb93c0e8df45158196,3edb09d41378dfae155626fe72b75a2c4bde6a58,cff553233941e75169564d196f318bbdd728713e0809f049f5ada55d92b57e1e,7e25783c0a7c26e9b9f205121679098986989cb4fa109a54923972afe75d60ce,ac6168d8c51a9220ff3b88b5de5c6038c357dcd1c8a36c2a1f201e2293e484e8,False,diffpir,sensitivity,0.5,0,5,0.03,0.03,0,0.25,5.38857123468,0.00922615635448,0.876579165459,0.458428442478,0.366253614426,-0.0921748280525,reconstructions/d4edbcc97ec00f079508e13004cf8c0e01806e2a1c89e0eb93c0e8df45158196/diffpir-sensitivity-0.5-0-5.pt
d4edbcc97ec00f079508e13004cf8c0e01806e2a1c89e0eb93c0e8df45158196,3edb09d41378dfae155626fe72b75a2c4bde6a58,cff553233941e75169564d196f318bbdd728713e0809f049f5ada55d92b57e1e,7e25783c0a7c26e9b9f205121679098986989cb4fa109a54923972afe75d60ce,ac6168d8c51a9220ff3b88b5de5c6038c357dcd1c8a36c2a1f201e2293e484e8,False,pigdm,sensitivity,0.5,0,5,0.03,0.03,0,0.25,19.5945791504,0.518394277025,0.225527822971,0.332620739937,0.10606648773,-0.226554252207,reconstructions/d4edbcc97ec00f079508e13004cf8c0e01806e2a1c89e0eb93c0e8df45158196/pigdm-sensitivity-0.5-0-5.pt
d4edbcc97ec00f079508e13004cf8c0e01806e2a1c89e0eb93c0e8df45158196,3edb09d41378dfae155626fe72b75a2c4bde6a58,cff553233941e75169564d196f318bbdd728713e0809f049f5ada55d92b57e1e,7e25783c0a7c26e9b9f205121679098986989cb4fa109a54923972afe75d60ce,ac6168d8c51a9220ff3b88b5de5c6038c357dcd1c8a36c2a1f201e2293e484e8,False,zero_filled,sensitivity,0.5,0,6,0.03,0.03,0,0.25,17.5999096077,0.493338789335,0.280917853117,0.377151101828,0.134383037686,-0.242768064141,reconstructions/d4edbcc97ec00f079508e13004cf8c0e01806e2a1c89e0eb93c0e8df45158196/zero_filled-sensitivity-0.5-0-6.pt
d4edbcc97ec00f079508e13004cf8c0e01806e2a1c89e0eb93c0e8df45158196,3edb09d41378dfae155626fe72b75a2c4bde6a58,cff553233941e75169564d196f318bbdd728713e0809f049f5ada55d92b57e1e,7e25783c0a7c26e9b9f205121679098986989cb4fa109a54923972afe75d60ce,ac6168d8c51a9220ff3b88b5de5c6038c357dcd1c8a36c2a1f201e2293e484e8,False,tv,sensitivity,0.5,0,6,0.03,0.03,0,0.25,20.0871514213,0.648657980396,0.0742296054959,0.371403574944,0.120014332235,-0.251389242709,reconstructions/d4edbcc97ec00f079508e13004cf8c0e01806e2a1c89e0eb93c0e8df45158196/tv-sensitivity-0.5-0-6.pt
d4edbcc97ec00f079508e13004cf8c0e01806e2a1c89e0eb93c0e8df45158196,3edb09d41378dfae155626fe72b75a2c4bde6a58,cff553233941e75169564d196f318bbdd728713e0809f049f5ada55d92b57e1e,7e25783c0a7c26e9b9f205121679098986989cb4fa109a54923972afe75d60ce,ac6168d8c51a9220ff3b88b5de5c6038c357dcd1c8a36c2a1f201e2293e484e8,False,dps,sensitivity,0.5,0,6,0.03,0.03,0,0.25,8.33805288674,0.00848988106831,0.536419391632,0.931409239769,0.869663536549,-0.0617457032204,reconstructions/d4edbcc97ec00f079508e13004cf8c0e01806e2a1c89e0eb93c0e8df45158196/dps-sensitivity-0.5-0-6.pt
d4edbcc97ec00f079508e13004cf8c0e01806e2a1c89e0eb93c0e8df45158196,3edb09d41378dfae155626fe72b75a2c4bde6a58,cff553233941e75169564d196f318bbdd728713e0809f049f5ada55d92b57e1e,7e25783c0a7c26e9b9f205121679098986989cb4fa109a54923972afe75d60ce,ac6168d8c51a9220ff3b88b5de5c6038c357dcd1c8a36c2a1f201e2293e484e8,False,diffpir,sensitivity,0.5,0,6,0.03,0.03,0,0.25,4.27479162279,0.00366938870857,0.916887640953,0.959519088268,0.883754193783,-0.0757648944855,reconstructions/d4edbcc97ec00f079508e13004cf8c0e01806e2a1c89e0eb93c0e8df45158196/diffpir-sensitivity-0.5-0-6.pt
d4edbcc97ec00f079508e13004cf8c0e01806e2a1c89e0eb93c0e8df45158196,3edb09d41378dfae155626fe72b75a2c4bde6a58,cff553233941e75169564d196f318bbdd728713e0809f049f5ada55d92b57e1e,7e25783c0a7c26e9b9f205121679098986989cb4fa109a54923972afe75d60ce,ac6168d8c51a9220ff3b88b5de5c6038c357dcd1c8a36c2a1f201e2293e484e8,False,pigdm,sensitivity,0.5,0,6,0.03,0.03,0,0.25,16.4023609899,0.486649315887,0.192611441016,0.446751892567,0.260139942169,-0.186611950397,reconstructions/d4edbcc97ec00f079508e13004cf8c0e01806e2a1c89e0eb93c0e8df45158196/pigdm-sensitivity-0.5-0-6.pt
d4edbcc97ec00f079508e13004cf8c0e01806e2a1c89e0eb93c0e8df45158196,3edb09d41378dfae155626fe72b75a2c4bde6a58,cff553233941e75169564d196f318bbdd728713e0809f049f5ada55d92b57e1e,7e25783c0a7c26e9b9f205121679098986989cb4fa109a54923972afe75d60ce,ac6168d8c51a9220ff3b88b5de5c6038c357dcd1c8a36c2a1f201e2293e484e8,False,zero_filled,sensitivity,0.5,0,7,0.03,0.03,0,0.25,19.9100505448,0.565928070742,0.198254793882,0.298525214195,0.108433805406,-0.190091408789,reconstructions/d4edbcc97ec00f079508e13004cf8c0e01806e2a1c89e0eb93c0e8df45158196/zero_filled-sensitivity-0.5-0-7.pt
d4edbcc97ec00f079508e13004cf8c0e01806e2a1c89e0eb93c0e8df45158196,3edb09d41378dfae155626fe72b75a2c4bde6a58,cff553233941e75169564d196f318bbdd728713e0809f049f5ada55d92b57e1e,7e25783c0a7c26e9b9f205121679098986989cb4fa109a54923972afe75d60ce,ac6168d8c51a9220ff3b88b5de5c6038c357dcd1c8a36c2a1f201e2293e484e8,False,tv,sensitivity,0.5,0,7,0.03,0.03,0,0.25,22.025356112,0.642431244513,0.0652977004647,0.293433398008,0.101766236126,-0.191667161882,reconstructions/d4edbcc97ec00f079508e13004cf8c0e01806e2a1c89e0eb93c0e8df45158196/tv-sensitivity-0.5-0-7.pt
d4edbcc97ec00f079508e13004cf8c0e01806e2a1c89e0eb93c0e8df45158196,3edb09d41378dfae155626fe72b75a2c4bde6a58,cff553233941e75169564d196f318bbdd728713e0809f049f5ada55d92b57e1e,7e25783c0a7c26e9b9f205121679098986989cb4fa109a54923972afe75d60ce,ac6168d8c51a9220ff3b88b5de5c6038c357dcd1c8a36c2a1f201e2293e484e8,False,dps,sensitivity,0.5,0,7,0.03,0.03,0,0.25,6.76010882684,-0.0401770812189,0.371658027172,1.01444196701,0.983917534351,-0.0305244326591,reconstructions/d4edbcc97ec00f079508e13004cf8c0e01806e2a1c89e0eb93c0e8df45158196/dps-sensitivity-0.5-0-7.pt
d4edbcc97ec00f079508e13004cf8c0e01806e2a1c89e0eb93c0e8df45158196,3edb09d41378dfae155626fe72b75a2c4bde6a58,cff553233941e75169564d196f318bbdd728713e0809f049f5ada55d92b57e1e,7e25783c0a7c26e9b9f205121679098986989cb4fa109a54923972afe75d60ce,ac6168d8c51a9220ff3b88b5de5c6038c357dcd1c8a36c2a1f201e2293e484e8,False,diffpir,sensitivity,0.5,0,7,0.03,0.03,0,0.25,4.61809758253,0.00402749403091,0.982304275036,0.834687054157,0.7836176157,-0.0510694384575,reconstructions/d4edbcc97ec00f079508e13004cf8c0e01806e2a1c89e0eb93c0e8df45158196/diffpir-sensitivity-0.5-0-7.pt
d4edbcc97ec00f079508e13004cf8c0e01806e2a1c89e0eb93c0e8df45158196,3edb09d41378dfae155626fe72b75a2c4bde6a58,cff553233941e75169564d196f318bbdd728713e0809f049f5ada55d92b57e1e,7e25783c0a7c26e9b9f205121679098986989cb4fa109a54923972afe75d60ce,ac6168d8c51a9220ff3b88b5de5c6038c357dcd1c8a36c2a1f201e2293e484e8,False,pigdm,sensitivity,0.5,0,7,0.03,0.03,0,0.25,18.4975276736,0.497057165639,0.189210414886,0.345590293407,0.203902155161,-0.141688138247,reconstructions/d4edbcc97ec00f079508e13004cf8c0e01806e2a1c89e0eb93c0e8df45158196/pigdm-sensitivity-0.5-0-7.pt
d4edbcc97ec00f079508e13004cf8c0e01806e2a1c89e0eb93c0e8df45158196,3edb09d41378dfae155626fe72b75a2c4bde6a58,cff553233941e75169564d196f318bbdd728713e0809f049f5ada55d92b57e1e,7e25783c0a7c26e9b9f205121679098986989cb4fa109a54923972afe75d60ce,ac6168d8c51a9220ff3b88b5de5c6038c357dcd1c8a36c2a1f201e2293e484e8,False,zero_filled,sensitivity,0.5,1,0,0.03,0.03,0,0.25,20.5664205007,0.619625244554,0.306114763021,0.321972966194,0.0892575457692,-0.232715420425,reconstructions/d4edbcc97ec00f079508e13004cf8c0e01806e2a1c89e0eb93c0e8df45158196/zero_filled-sensitivity-0.5-1-0.pt
d4edbcc97ec00f079508e13004cf8c0e01806e2a1c89e0eb93c0e8df45158196,3edb09d41378dfae155626fe72b75a2c4bde6a58,cff553233941e75169564d196f318bbdd728713e0809f049f5ada55d92b57e1e,7e25783c0a7c26e9b9f205121679098986989cb4fa109a54923972afe75d60ce,ac6168d8c51a9220ff3b88b5de5c6038c357dcd1c8a36c2a1f201e2293e484e8,False,tv,sensitivity,0.5,1,0,0.03,0.03,0,0.25,20.8063821288,0.611748931443,0.148862108588,0.321745753288,0.0938528180122,-0.227892935276,reconstructions/d4edbcc97ec00f079508e13004cf8c0e01806e2a1c89e0eb93c0e8df45158196/tv-sensitivity-0.5-1-0.pt
d4edbcc97ec00f079508e13004cf8c0e01806e2a1c89e0eb93c0e8df45158196,3edb09d41378dfae155626fe72b75a2c4bde6a58,cff553233941e75169564d196f318bbdd728713e0809f049f5ada55d92b57e1e,7e25783c0a7c26e9b9f205121679098986989cb4fa109a54923972afe75d60ce,ac6168d8c51a9220ff3b88b5de5c6038c357dcd1c8a36c2a1f201e2293e484e8,False,dps,sensitivity,0.5,1,0,0.03,0.03,0,0.25,10.1311990374,0.112108122622,0.33379355073,0.570847094059,0.49876961112,-0.0720774829388,reconstructions/d4edbcc97ec00f079508e13004cf8c0e01806e2a1c89e0eb93c0e8df45158196/dps-sensitivity-0.5-1-0.pt
d4edbcc97ec00f079508e13004cf8c0e01806e2a1c89e0eb93c0e8df45158196,3edb09d41378dfae155626fe72b75a2c4bde6a58,cff553233941e75169564d196f318bbdd728713e0809f049f5ada55d92b57e1e,7e25783c0a7c26e9b9f205121679098986989cb4fa109a54923972afe75d60ce,ac6168d8c51a9220ff3b88b5de5c6038c357dcd1c8a36c2a1f201e2293e484e8,False,diffpir,sensitivity,0.5,1,0,0.03,0.03,0,0.25,5.79675141345,0.00878258744762,0.906941175461,0.43000587821,0.315917998552,-0.114087879658,reconstructions/d4edbcc97ec00f079508e13004cf8c0e01806e2a1c89e0eb93c0e8df45158196/diffpir-sensitivity-0.5-1-0.pt
d4edbcc97ec00f079508e13004cf8c0e01806e2a1c89e0eb93c0e8df45158196,3edb09d41378dfae155626fe72b75a2c4bde6a58,cff553233941e75169564d196f318bbdd728713e0809f049f5ada55d92b57e1e,7e25783c0a7c26e9b9f205121679098986989cb4fa109a54923972afe75d60ce,ac6168d8c51a9220ff3b88b5de5c6038c357dcd1c8a36c2a1f201e2293e484e8,False,pigdm,sensitivity,0.5,1,0,0.03,0.03,0,0.25,19.7726583072,0.525660144582,0.141489341855,0.323820918798,0.0989601314068,-0.224860787392,reconstructions/d4edbcc97ec00f079508e13004cf8c0e01806e2a1c89e0eb93c0e8df45158196/pigdm-sensitivity-0.5-1-0.pt
d4edbcc97ec00f079508e13004cf8c0e01806e2a1c89e0eb93c0e8df45158196,3edb09d41378dfae155626fe72b75a2c4bde6a58,cff553233941e75169564d196f318bbdd728713e0809f049f5ada55d92b57e1e,7e25783c0a7c26e9b9f205121679098986989cb4fa109a54923972afe75d60ce,ac6168d8c51a9220ff3b88b5de5c6038c357dcd1c8a36c2a1f201e2293e484e8,False,zero_filled,sensitivity,0.5,1,1,0.03,0.03,0,0.25,22.792752086,0.637258262923,0.419559568167,0.35130906105,0.097407951951,-0.253901109099,reconstructions/d4edbcc97ec00f079508e13004cf8c0e01806e2a1c89e0eb93c0e8df45158196/zero_filled-sensitivity-0.5-1-1.pt
d4edbcc97ec00f079508e13004cf8c0e01806e2a1c89e0eb93c0e8df45158196,3edb09d41378dfae155626fe72b75a2c4bde6a58,cff553233941e75169564d196f318bbdd728713e0809f049f5ada55d92b57e1e,7e25783c0a7c26e9b9f205121679098986989cb4fa109a54923972afe75d60ce,ac6168d8c51a9220ff3b88b5de5c6038c357dcd1c8a36c2a1f201e2293e484e8,False,tv,sensitivity,0.5,1,1,0.03,0.03,0,0.25,22.7295031585,0.574001601743,0.345074683428,0.351591795683,0.10776809603,-0.243823699653,reconstructions/d4edbcc97ec00f079508e13004cf8c0e01806e2a1c89e0eb93c0e8df45158196/tv-sensitivity-0.5-1-1.pt
d4edbcc97ec00f079508e13004cf8c0e01806e2a1c89e0eb93c0e8df45158196,3edb09d41378dfae155626fe72b75a2c4bde6a58,cff553233941e75169564d196f318bbdd728713e0809f049f5ada55d92b57e1e,7e25783c0a7c26e9b9f205121679098986989cb4fa109a54923972afe75d60ce,ac6168d8c51a9220ff3b88b5de5c6038c357dcd1c8a36c2a1f201e2293e484e8,False,dps,sensitivity,0.5,1,1,0.03,0.03,0,0.25,7.89116610908,0.0217428590728,0.578518509865,0.816171050072,0.779644191265,-0.0365268588066,reconstructions/d4edbcc97ec00f079508e13004cf8c0e01806e2a1c89e0eb93c0e8df45158196/dps-sensitivity-0.5-1-1.pt
d4edbcc97ec00f079508e13004cf8c0e01806e2a1c89e0eb93c0e8df45158196,3edb09d41378dfae155626fe72b75a2c4bde6a58,cff553233941e75169564d196f318bbdd728713e0809f049f5ada55d92b57e1e,7e25783c0a7c26e9b9f205121679098986989cb4fa109a54923972afe75d60ce,ac6168d8c51a9220ff3b88b5de5c6038c357dcd1c8a36c2a1f201e2293e484e8,False,diffpir,sensitivity,0.5,1,1,0.03,0.03,0,0.25,6.10675526436,0.00336403281791,0.725745856762,0.476247191429,0.331719905138,-0.144527286291,reconstructions/d4edbcc97ec00f079508e13004cf8c0e01806e2a1c89e0eb93c0e8df45158196/diffpir-sensitivity-0.5-1-1.pt
d4edbcc97ec00f079508e13004cf8c0e01806e2a1c89e0eb93c0e8df45158196,3edb09d41378dfae155626fe72b75a2c4bde6a58,cff553233941e75169564d196f318bbdd728713e0809f049f5ada55d92b57e1e,7e25783c0a7c26e9b9f205121679098986989cb4fa109a54923972afe75d60ce,ac6168d8c51a9220ff3b88b5de5c6038c357dcd1c8a36c2a1f201e2293e484e8,False,pigdm,sensitivity,0.5,1,1,0.03,0.03,0,0.25,21.6043214546,0.503885472414,0.312028229237,0.354981660843,0.11642409116,-0.238557569683,reconstructions/d4edbcc97ec00f079508e13004cf8c0e01806e2a1c89e0eb93c0e8df45158196/pigdm-sensitivity-0.5-1-1.pt
d4edbcc97ec00f079508e13004cf8c0e01806e2a1c89e0eb93c0e8df45158196,3edb09d41378dfae155626fe72b75a2c4bde6a58,cff553233941e75169564d196f318bbdd728713e0809f049f5ada55d92b57e1e,7e25783c0a7c26e9b9f205121679098986989cb4fa109a54923972afe75d60ce,ac6168d8c51a9220ff3b88b5de5c6038c357dcd1c8a36c2a1f201e2293e484e8,False,zero_filled,sensitivity,0.5,1,2,0.03,0.03,0,0.25,18.4888254524,0.54253200027,0.229180693626,0.390965878963,0.12281639874,-0.268149480224,reconstructions/d4edbcc97ec00f079508e13004cf8c0e01806e2a1c89e0eb93c0e8df45158196/zero_filled-sensitivity-0.5-1-2.pt
d4edbcc97ec00f079508e13004cf8c0e01806e2a1c89e0eb93c0e8df45158196,3edb09d41378dfae155626fe72b75a2c4bde6a58,cff553233941e75169564d196f318bbdd728713e0809f049f5ada55d92b57e1e,7e25783c0a7c26e9b9f205121679098986989cb4fa109a54923972afe75d60ce,ac6168d8c51a9220ff3b88b5de5c6038c357dcd1c8a36c2a1f201e2293e484e8,False,tv,sensitivity,0.5,1,2,0.03,0.03,0,0.25,20.2660950109,0.733618741863,0.0628472939134,0.387913912535,0.121592618525,-0.26632129401,reconstructions/d4edbcc97ec00f079508e13004cf8c0e01806e2a1c89e0eb93c0e8df45158196/tv-sensitivity-0.5-1-2.pt
d4edbcc97ec00f079508e13004cf8c0e01806e2a1c89e0eb93c0e8df45158196,3edb09d41378dfae155626fe72b75a2c4bde6a58,cff553233941e75169564d196f318bbdd728713e0809f049f5ada55d92b57e1e,7e25783c0a7c26e9b9f205121679098986989cb4fa109a54923972afe75d60ce,ac6168d8c51a9220ff3b88b5de5c6038c357dcd1c8a36c2a1f201e2293e484e8,False,dps,sensitivity,0.5,1,2,0.03,0.03,0,0.25,9.34162064984,0.0619703861222,0.290524989367,0.79386639595,0.738908588886,-0.0549578070641,reconstructions/d4edbcc97ec00f079508e13004cf8c0e01806e2a1c89e0eb93c0e8df45158196/dps-sensitivity-0.5-1-2.pt
d4edbcc97ec00f079508e13004cf8c0e01806e2a1c89e0eb93c0e8df45158196,3edb09d41378dfae155626fe72b75a2c4bde6a58,cff553233941e75169564d196f318bbdd728713e0809f049f5ada55d92b57e1e,7e25783c0a7c26e9b9f205121679098986989cb4fa109a54923972afe75d60ce,ac6168d8c51a9220ff3b88b5de5c6038c357dcd1c8a36c2a1f201e2293e484e8,False,diffpir,sensitivity,0.5,1,2,0.03,0.03,0,0.25,4.40564570032,0.0182912033839,0.895514130592,0.925853431225,0.842098712921,-0.0837547183037,reconstructions/d4edbcc97ec00f079508e13004cf8c0e01806e2a1c89e0eb93c0e8df45158196/diffpir-sensitivity-0.5-1-2.pt
d4edbcc97ec00f079508e13004cf8c0e01806e2a1c89e0eb93c0e8df45158196,3edb09d41378dfae155626fe72b75a2c4bde6a58,cff553233941e75169564d196f318bbdd728713e0809f049f5ada55d92b57e1e,7e25783c0a7c26e9b9f205121679098986989cb4fa109a54923972afe75d60ce,ac6168d8c51a9220ff3b88b5de5c6038c357dcd1c8a36c2a1f201e2293e484e8,False,pigdm,sensitivity,0.5,1,2,0.03,0.03,0,0.25,16.1087807641,0.482922812979,0.152080208063,0.462928205729,0.266767561436,-0.196160644293,reconstructions/d4edbcc97ec00f079508e13004cf8c0e01806e2a1c89e0eb93c0e8df45158196/pigdm-sensitivity-0.5-1-2.pt
d4edbcc97ec00f079508e13004cf8c0e01806e2a1c89e0eb93c0e8df45158196,3edb09d41378dfae155626fe72b75a2c4bde6a58,cff553233941e75169564d196f318bbdd728713e0809f049f5ada55d92b57e1e,7e25783c0a7c26e9b9f205121679098986989cb4fa109a54923972afe75d60ce,ac6168d8c51a9220ff3b88b5de5c6038c357dcd1c8a36c2a1f201e2293e484e8,False,zero_filled,sensitivity,0.5,1,3,0.03,0.03,0,0.25,19.9721998409,0.57880475482,0.267596691847,0.332752972841,0.0994026660919,-0.233350306749,reconstructions/d4edbcc97ec00f079508e13004cf8c0e01806e2a1c89e0eb93c0e8df45158196/zero_filled-sensitivity-0.5-1-3.pt
d4edbcc97ec00f079508e13004cf8c0e01806e2a1c89e0eb93c0e8df45158196,3edb09d41378dfae155626fe72b75a2c4bde6a58,cff553233941e75169564d196f318bbdd728713e0809f049f5ada55d92b57e1e,7e25783c0a7c26e9b9f205121679098986989cb4fa109a54923972afe75d60ce,ac6168d8c51a9220ff3b88b5de5c6038c357dcd1c8a36c2a1f201e2293e484e8,False,tv,sensitivity,0.5,1,3,0.03,0.03,0,0.25,21.9717171417,0.698075144291,0.16300009191,0.331911385059,0.098039098084,-0.233872286975,reconstructions/d4edbcc97ec00f079508e13004cf8c0e01806e2a1c89e0eb93c0e8df45158196/tv-sensitivity-0.5-1-3.pt
d4edbcc97ec00f079508e13004cf8c0e01806e2a1c89e0eb93c0e8df45158196,3edb09d41378dfae155626fe72b75a2c4bde6a58,cff553233941e75169564d196f318bbdd728713e0809f049f5ada55d92b57e1e,7e25783c0a7c26e9b9f205121679098986989cb4fa109a54923972afe75d60ce,ac6168d8c51a9220ff3b88b5de5c6038c357dcd1c8a36c2a1f201e2293e484e8,False,dps,sensitivity,0.5,1,3,0.03,0.03,0,0.25,11.5644752614,0.132665766246,0.39992582798,0.491731256247,0.391538709402,-0.100192546844,reconstructions/d4edbcc97ec00f079508e13004cf8c0e01806e2a1c89e0eb93c0e8df45158196/dps-sensitivity-0.5-1-3.pt
d4edbcc97ec00f079508e13004cf8c0e01806e2a1c89e0eb93c0e8df45158196,3edb09d41378dfae155626fe72b75a2c4bde6a58,cff553233941e75169564d196f318bbdd728713e0809f049f5ada55d92b57e1e,7e25783c0a7c26e9b9f205121679098986989cb4fa109a54923972afe75d60ce,ac6168d8c51a9220ff3b88b5de5c6038c357dcd1c8a36c2a1f201e2293e484e8,False,diffpir,sensitivity,0.5,1,3,0.03,0.03,0,0.25,5.53254956266,0.00959160809834,0.949862599373,0.474378794432,0.390152215958,-0.084226578474,reconstructions/d4edbcc97ec00f079508e13004cf8c0e01806e2a1c89e0eb93c0e8df45158196/diffpir-sensitivity-0.5-1-3.pt
d4edbcc97ec00f079508e13004cf8c0e01806e2a1c89e0eb93c0e8df45158196,3edb09d41378dfae155626fe72b75a2c4bde6a58,cff553233941e75169564d196f318bbdd728713e0809f049f5ada55d92b57e1e,7e25783c0a7c26e9b9f205121679098986989cb4fa109a54923972afe75d60ce,ac6168d8c51a9220ff3b88b5de5c6038c357dcd1c8a36c2a1f201e2293e484e8,False,pigdm,sensitivity,0.5,1,3,0.03,0.03,0,0.25,21.2330563046,0.674586274194,0.151323601604,0.335219830275,0.105587668717,-0.229632161558,reconstructions/d4edbcc97ec00f079508e13004cf8c0e01806e2a1c89e0eb93c0e8df45158196/pigdm-sensitivity-0.5-1-3.pt
d4edbcc97ec00f079508e13004cf8c0e01806e2a1c89e0eb93c0e8df45158196,3edb09d41378dfae155626fe72b75a2c4bde6a58,cff553233941e75169564d196f318bbdd728713e0809f049f5ada55d92b57e1e,7e25783c0a7c26e9b9f205121679098986989cb4fa109a54923972afe75d60ce,ac6168d8c51a9220ff3b88b5de5c6038c357dcd1c8a36c2a1f201e2293e484e8,False,zero_filled,sensitivity,0.5,1,4,0.03,0.03,0,0.25,19.7496481461,0.692907675172,0.18418379128,0.275087058544,0.0890663862228,-0.186020672321,reconstructions/d4edbcc97ec00f079508e13004cf8c0e01806e2a1c89e0eb93c0e8df45158196/zero_filled-sensitivity-0.5-1-4.pt
d4edbcc97ec00f079508e13004cf8c0e01806e2a1c89e0eb93c0e8df45158196,3edb09d41378dfae155626fe72b75a2c4bde6a58,cff553233941e75169564d196f318bbdd728713e0809f049f5ada55d92b57e1e,7e25783c0a7c26e9b9f205121679098986989cb4fa109a54923972afe75d60ce,ac6168d8c51a9220ff3b88b5de5c6038c357dcd1c8a36c2a1f201e2293e484e8,False,tv,sensitivity,0.5,1,4,0.03,0.03,0,0.25,19.9459452894,0.707519320731,0.086703106761,0.273711204529,0.0913966447115,-0.182314559817,reconstructions/d4edbcc97ec00f079508e13004cf8c0e01806e2a1c89e0eb93c0e8df45158196/tv-sensitivity-0.5-1-4.pt
d4edbcc97ec00f079508e13004cf8c0e01806e2a1c89e0eb93c0e8df45158196,3edb09d41378dfae155626fe72b75a2c4bde6a58,cff553233941e75169564d196f318bbdd728713e0809f049f5ada55d92b57e1e,7e25783c0a7c26e9b9f205121679098986989cb4fa109a54923972afe75d60ce,ac6168d8c51a9220ff3b88b5de5c6038c357dcd1c8a36c2a1f201e2293e484e8,False,dps,sensitivity,0.5,1,4,0.03,0.03,0,0.25,8.04538398846,0.0962821519726,0.475196659565,0.605128765106,0.580829381943,-0.0242993831635,reconstructions/d4edbcc97ec00f079508e13004cf8c0e01806e2a1c89e0eb93c0e8df45158196/dps-sensitivity-0.5-1-4.pt
d4edbcc97ec00f079508e13004cf8c0e01806e2a1c89e0eb93c0e8df45158196,3edb09d41378dfae155626fe72b75a2c4bde6a58,cff553233941e75169564d196f318bbdd728713e0809f049f5ada55d92b57e1e,7e25783c0a7c26e9b9f205121679098986989cb4fa109a54923972afe75d60ce,ac6168d8c51a9220ff3b88b5de5c6038c357dcd1c8a36c2a1f201e2293e484e8,False,diffpir,sensitivity,0.5,1,4,0.03,0.03,0,0.25,5.28640643889,0.024290433464,0.974945545197,0.474840432405,0.423294961452,-0.051545470953,reconstructions/d4edbcc97ec00f079508e13004cf8c0e01806e2a1c89e0eb93c0e8df45158196/diffpir-sensitivity-0.5-1-4.pt
d4edbcc97ec00f079508e13004cf8c0e01806e2a1c89e0eb93c0e8df45158196,3edb09d41378dfae155626fe72b75a2c4bde6a58,cff553233941e75169564d196f318bbdd728713e0809f049f5ada55d92b57e1e,7e25783c0a7c26e9b9f205121679098986989cb4fa109a54923972afe75d60ce,ac6168d8c51a9220ff3b88b5de5c6038c357dcd1c8a36c2a1f201e2293e484e8,False,pigdm,sensitivity,0.5,1,4,0.03,0.03,0,0.25,20.1640228487,0.682216314491,0.0984052419662,0.27568602562,0.0953477323055,-0.180338293314,reconstructions/d4edbcc97ec00f079508e13004cf8c0e01806e2a1c89e0eb93c0e8df45158196/pigdm-sensitivity-0.5-1-4.pt
d4edbcc97ec00f079508e13004cf8c0e01806e2a1c89e0eb93c0e8df45158196,3edb09d41378dfae155626fe72b75a2c4bde6a58,cff553233941e75169564d196f318bbdd728713e0809f049f5ada55d92b57e1e,7e25783c0a7c26e9b9f205121679098986989cb4fa109a54923972afe75d60ce,ac6168d8c51a9220ff3b88b5de5c6038c357dcd1c8a36c2a1f201e2293e484e8,False,zero_filled,sensitivity,0.5,1,5,0.03,0.03,0,0.25,19.583533408,0.596694838976,0.349487781525,0.330027967691,0.0948442071676,-0.235183760524,reconstructions/d4edbcc97ec00f079508e13004cf8c0e01806e2a1c89e0eb93c0e8df45158196/zero_filled-sensitivity-0.5-1-5.pt
d4edbcc97ec00f079508e13004cf8c0e01806e2a1c89e0eb93c0e8df45158196,3edb09d41378dfae155626fe72b75a2c4bde6a58,cff553233941e75169564d196f318bbdd728713e0809f049f5ada55d92b57e1e,7e25783c0a7c26e9b9f205121679098986989cb4fa109a54923972afe75d60ce,ac6168d8c51a9220ff3b88b5de5c6038c357dcd1c8a36c2a1f201e2293e484e8,False,tv,sensitivity,0.5,1,5,0.03,0.03,0,0.25,19.7169814366,0.562529300232,0.254532426596,0.330594629049,0.0986476019025,-0.231947027147,reconstructions/d4edbcc97ec00f079508e13004cf8c0e01806e2a1c89e0eb93c0e8df45158196/tv-sensitivity-0.5-1-5.pt
d4edbcc97ec00f079508e13004cf8c0e01806e2a1c89e0eb93c0e8df45158196,3edb09d41378dfae155626fe72b75a2c4bde6a58,cff553233941e75169564d196f318bbdd728713e0809f049f5ada55d92b57e1e,7e25783c0a7c26e9b9f205121679098986989cb4fa109a54923972afe75d60ce,ac6168d8c51a9220ff3b88b5de5c6038c357dcd1c8a36c2a1f201e2293e484e8,False,dps,sensitivity,0.5,1,5,0.03,0.03,0,0.25,7.93643844217,0.0357564509366,0.454588264227,0.601205229759,0.541986227036,-0.0592190027237,reconstructions/d4edbcc97ec00f079508e13004cf8c0e01806e2a1c89e0eb93c0e8df45158196/dps-sensitivity-0.5-1-5.pt
d4edbcc97ec00f079508e13004cf8c0e01806e2a1c89e0eb93c0e8df45158196,3edb09d41378dfae155626fe72b75a2c4bde6a58,cff553233941e75169564d196f318bbdd728713e0809f049f5ada55d92b57e1e,7e25783c0a7c26e9b9f205121679098986989cb4fa109a54923972afe75d60ce,ac6168d8c51a9220ff3b88b5de5c6038c357dcd1c8a36c2a1f201e2293e484e8,False,diffpir,sensitivity,0.5,1,5,0.03,0.03,0,0.25,5.49246663105,0.011298669208,0.837910711765,0.449603319168,0.351713418961,-0.0978899002075,reconstructions/d4edbcc97ec00f079508e13004cf8c0e01806e2a1c89e0eb93c0e8df45158196/diffpir-sensitivity-0.5-1-5.pt
d4edbcc97ec00f079508e13004cf8c0e01806e2a1c89e0eb93c0e8df45158196,3edb09d41378dfae155626fe72b75a2c4bde6a58,cff553233941e75169564d196f318bbdd728713e0809f049f5ada55d92b57e1e,7e25783c0a7c26e9b9f205121679098986989cb4fa109a54923972afe75d60ce,ac6168d8c51a9220ff3b88b5de5c6038c357dcd1c8a36c2a1f201e2293e484e8,False,pigdm,sensitivity,0.5,1,5,0.03,0.03,0,0.25,18.2974358713,0.45281126494,0.139581382275,0.331964552402,0.105016216636,-0.226948335767,reconstructions/d4edbcc97ec00f079508e13004cf8c0e01806e2a1c89e0eb93c0e8df45158196/pigdm-sensitivity-0.5-1-5.pt
d4edbcc97ec00f079508e13004cf8c0e01806e2a1c89e0eb93c0e8df45158196,3edb09d41378dfae155626fe72b75a2c4bde6a58,cff553233941e75169564d196f318bbdd728713e0809f049f5ada55d92b57e1e,7e25783c0a7c26e9b9f205121679098986989cb4fa109a54923972afe75d60ce,ac6168d8c51a9220ff3b88b5de5c6038c357dcd1c8a36c2a1f201e2293e484e8,False,zero_filled,sensitivity,0.5,1,6,0.03,0.03,0,0.25,17.4064688468,0.475214054485,0.280713587999,0.378341257572,0.131438925862,-0.24690233171,reconstructions/d4edbcc97ec00f079508e13004cf8c0e01806e2a1c89e0eb93c0e8df45158196/zero_filled-sensitivity-0.5-1-6.pt
d4edbcc97ec00f079508e13004cf8c0e01806e2a1c89e0eb93c0e8df45158196,3edb09d41378dfae155626fe72b75a2c4bde6a58,cff553233941e75169564d196f318bbdd728713e0809f049f5ada55d92b57e1e,7e25783c0a7c26e9b9f205121679098986989cb4fa109a54923972afe75d60ce,ac6168d8c51a9220ff3b88b5de5c6038c357dcd1c8a36c2a1f201e2293e484e8,False,tv,sensitivity,0.5,1,6,0.03,0.03,0,0.25,19.8278629015,0.667892803002,0.0840014517307,0.374554395676,0.122210465372,-0.252343930304,reconstructions/d4edbcc97ec00f079508e13004cf8c0e01806e2a1c89e0eb93c0e8df45158196/tv-sensitivity-0.5-1-6.pt
d4edbcc97ec00f079508e13004cf8c0e01806e2a1c89e0eb93c0e8df45158196,3edb09d41378dfae155626fe72b75a2c4bde6a58,cff553233941e75169564d196f318bbdd728713e0809f049f5ada55d92b57e1e,7e25783c0a7c26e9b9f205121679098986989cb4fa109a54923972afe75d60ce,ac6168d8c51a9220ff3b88b5de5c6038c357dcd1c8a36c2a1f201e2293e484e8,False,dps,sensitivity,0.5,1,6,0.03,0.03,0,0.25,5.66396539279,-0.0358408450051,0.513692498207,1.25357735157,1.17869853973,-0.0748788118362,reconstructions/d4edbcc97ec00f079508e13004cf8c0e01806e2a1c89e0eb93c0e8df45158196/dps-sensitivity-0.5-1-6.pt
d4edbcc97ec00f079508e13004cf8c0e01806e2a1c89e0eb93c0e8df45158196,3edb09d41378dfae155626fe72b75a2c4bde6a58,cff553233941e75169564d196f318bbdd728713e0809f049f5ada55d92b57e1e,7e25783c0a7c26e9b9f205121679098986989cb4fa109a54923972afe75d60ce,ac6168d8c51a9220ff3b88b5de5c6038c357dcd1c8a36c2a1f201e2293e484e8,False,diffpir,sensitivity,0.5,1,6,0.03,0.03,0,0.25,4.38750095968,0.0086810076387,0.89526194334,0.943047046661,0.864399075508,-0.0786479711533,reconstructions/d4edbcc97ec00f079508e13004cf8c0e01806e2a1c89e0eb93c0e8df45158196/diffpir-sensitivity-0.5-1-6.pt
d4edbcc97ec00f079508e13004cf8c0e01806e2a1c89e0eb93c0e8df45158196,3edb09d41378dfae155626fe72b75a2c4bde6a58,cff553233941e75169564d196f318bbdd728713e0809f049f5ada55d92b57e1e,7e25783c0a7c26e9b9f205121679098986989cb4fa109a54923972afe75d60ce,ac6168d8c51a9220ff3b88b5de5c6038c357dcd1c8a36c2a1f201e2293e484e8,False,pigdm,sensitivity,0.5,1,6,0.03,0.03,0,0.25,16.9095672476,0.449098263212,0.0956485271454,0.397564470768,0.179808616638,-0.21775585413,reconstructions/d4edbcc97ec00f079508e13004cf8c0e01806e2a1c89e0eb93c0e8df45158196/pigdm-sensitivity-0.5-1-6.pt
d4edbcc97ec00f079508e13004cf8c0e01806e2a1c89e0eb93c0e8df45158196,3edb09d41378dfae155626fe72b75a2c4bde6a58,cff553233941e75169564d196f318bbdd728713e0809f049f5ada55d92b57e1e,7e25783c0a7c26e9b9f205121679098986989cb4fa109a54923972afe75d60ce,ac6168d8c51a9220ff3b88b5de5c6038c357dcd1c8a36c2a1f201e2293e484e8,False,zero_filled,sensitivity,0.5,1,7,0.03,0.03,0,0.25,19.6341975783,0.566978745653,0.242045283318,0.297825217247,0.103137426078,-0.194687791169,reconstructions/d4edbcc97ec00f079508e13004cf8c0e01806e2a1c89e0eb93c0e8df45158196/zero_filled-sensitivity-0.5-1-7.pt
d4edbcc97ec00f079508e13004cf8c0e01806e2a1c89e0eb93c0e8df45158196,3edb09d41378dfae155626fe72b75a2c4bde6a58,cff553233941e75169564d196f318bbdd728713e0809f049f5ada55d92b57e1e,7e25783c0a7c26e9b9f205121679098986989cb4fa109a54923972afe75d60ce,ac6168d8c51a9220ff3b88b5de5c6038c357dcd1c8a36c2a1f201e2293e484e8,False,tv,sensitivity,0.5,1,7,0.03,0.03,0,0.25,21.8529272657,0.674222124949,0.0645074248314,0.294375568628,0.100751131773,-0.193624436855,reconstructions/d4edbcc97ec00f079508e13004cf8c0e01806e2a1c89e0eb93c0e8df45158196/tv-sensitivity-0.5-1-7.pt
d4edbcc97ec00f079508e13004cf8c0e01806e2a1c89e0eb93c0e8df45158196,3edb09d41378dfae155626fe72b75a2c4bde6a58,cff553233941e75169564d196f318bbdd728713e0809f049f5ada55d92b57e1e,7e25783c0a7c26e9b9f205121679098986989cb4fa109a54923972afe75d60ce,ac6168d8c51a9220ff3b88b5de5c6038c357dcd1c8a36c2a1f201e2293e484e8,False,dps,sensitivity,0.5,1,7,0.03,0.03,0,0.25,4.934581192,0.00843094735983,0.449965685606,1.31857335567,1.2482612133,-0.0703121423721,reconstructions/d4edbcc97ec00f079508e13004cf8c0e01806e2a1c89e0eb93c0e8df45158196/dps-sensitivity-0.5-1-7.pt
d4edbcc97ec00f079508e13004cf8c0e01806e2a1c89e0eb93c0e8df45158196,3edb09d41378dfae155626fe72b75a2c4bde6a58,cff553233941e75169564d196f318bbdd728713e0809f049f5ada55d92b57e1e,7e25783c0a7c26e9b9f205121679098986989cb4fa109a54923972afe75d60ce,ac6168d8c51a9220ff3b88b5de5c6038c357dcd1c8a36c2a1f201e2293e484e8,False,diffpir,sensitivity,0.5,1,7,0.03,0.03,0,0.25,4.67962981756,0.00911355923841,0.99004638195,0.82427740097,0.766917943954,-0.057359457016,reconstructions/d4edbcc97ec00f079508e13004cf8c0e01806e2a1c89e0eb93c0e8df45158196/diffpir-sensitivity-0.5-1-7.pt
d4edbcc97ec00f079508e13004cf8c0e01806e2a1c89e0eb93c0e8df45158196,3edb09d41378dfae155626fe72b75a2c4bde6a58,cff553233941e75169564d196f318bbdd728713e0809f049f5ada55d92b57e1e,7e25783c0a7c26e9b9f205121679098986989cb4fa109a54923972afe75d60ce,ac6168d8c51a9220ff3b88b5de5c6038c357dcd1c8a36c2a1f201e2293e484e8,False,pigdm,sensitivity,0.5,1,7,0.03,0.03,0,0.25,17.6265769024,0.416324374682,0.285424947739,0.345022261143,0.202844157815,-0.142178103328,reconstructions/d4edbcc97ec00f079508e13004cf8c0e01806e2a1c89e0eb93c0e8df45158196/pigdm-sensitivity-0.5-1-7.pt
d4edbcc97ec00f079508e13004cf8c0e01806e2a1c89e0eb93c0e8df45158196,3edb09d41378dfae155626fe72b75a2c4bde6a58,cff553233941e75169564d196f318bbdd728713e0809f049f5ada55d92b57e1e,7e25783c0a7c26e9b9f205121679098986989cb4fa109a54923972afe75d60ce,ac6168d8c51a9220ff3b88b5de5c6038c357dcd1c8a36c2a1f201e2293e484e8,False,zero_filled,sensitivity,0.5,2,0,0.03,0.03,0,0.25,20.3820398046,0.590464257546,0.341544300318,0.321201235056,0.0870173051953,-0.234183929861,reconstructions/d4edbcc97ec00f079508e13004cf8c0e01806e2a1c89e0eb93c0e8df45158196/zero_filled-sensitivity-0.5-2-0.pt
d4edbcc97ec00f079508e13004cf8c0e01806e2a1c89e0eb93c0e8df45158196,3edb09d41378dfae155626fe72b75a2c4bde6a58,cff553233941e75169564d196f318bbdd728713e0809f049f5ada55d92b57e1e,7e25783c0a7c26e9b9f205121679098986989cb4fa109a54923972afe75d60ce,ac6168d8c51a9220ff3b88b5de5c6038c357dcd1c8a36c2a1f201e2293e484e8,False,tv,sensitivity,0.5,2,0,0.03,0.03,0,0.25,20.5457455215,0.583665860012,0.169911697507,0.321284472942,0.0923300012946,-0.228954471648,reconstructions/d4edbcc97ec00f079508e13004cf8c0e01806e2a1c89e0eb93c0e8df45158196/tv-sensitivity-0.5-2-0.pt
d4edbcc97ec00f079508e13004cf8c0e01806e2a1c89e0eb93c0e8df45158196,3edb09d41378dfae155626fe72b75a2c4bde6a58,cff553233941e75169564d196f318bbdd728713e0809f049f5ada55d92b57e1e,7e25783c0a7c26e9b9f205121679098986989cb4fa109a54923972afe75d60ce,ac6168d8c51a9220ff3b88b5de5c6038c357dcd1c8a36c2a1f201e2293e484e8,False,dps,sensitivity,0.5,2,0,0.03,0.03,0,0.25,9.81494887645,0.067059568148,0.315751612186,0.58002692461,0.484538793564,-0.0954881310463,reconstructions/d4edbcc97ec00f079508e13004cf8c0e01806e2a1c89e0eb93c0e8df45158196/dps-sensitivity-0.5-2-0.pt
d4edbcc97ec00f079508e13004cf8c0e01806e2a1c89e0eb93c0e8df45158196,3edb09d41378dfae155626fe72b75a2c4bde6a58,cff553233941e75169564d196f318bbdd728713e0809f049f5ada55d92b57e1e,7e25783c0a7c26e9b9f205121679098986989cb4fa109a54923972afe75d60ce,ac6168d8c51a9220ff3b88b5de5c6038c357dcd1c8a36c2a1f201e2293e484e8,False,diffpir,sensitivity,0.5,2,0,0.03,0.03,0,0.25,5.80255066973,0.0126268885805,0.982045590878,0.437194138765,0.329214602709,-0.107979536057,reconstructions/d4edbcc97ec00f079508e13004cf8c0e01806e2a1c89e0eb93c0e8df45158196/diffpir-sensitivity-0.5-2-0.pt
d4edbcc97ec00f079508e13004cf8c0e01806e2a1c89e0eb93c0e8df45158196,3edb09d41378dfae155626fe72b75a2c4bde6a58,cff553233941e75169564d196f318bbdd728713e0809f049f5ada55d92b57e1e,7e25783c0a7c26e9b9f205121679098986989cb4fa109a54923972afe75d60ce,ac6168d8c51a9220ff3b88b5de5c6038c357dcd1c8a36c2a1f201e2293e484e8,False,pigdm,sensitivity,0.5,2,0,0.03,0.03,0,0.25,18.5999911236,0.422894723175,0.177864044905,0.32320868969,0.0988540872931,-0.224354602396,reconstructions/d4edbcc97ec00f079508e13004cf8c0e01806e2a1c89e0eb93c0e8df45158196/pigdm-sensitivity-0.5-2-0.pt
d4edbcc97ec00f079508e13004cf8c0e01806e2a1c89e0eb93c0e8df45158196,3edb09d41378dfae155626fe72b75a2c4bde6a58,cff553233941e75169564d196f318bbdd728713e0809f049f5ada55d92b57e1e,7e25783c0a7c26e9b9f205121679098986989cb4fa109a54923972afe75d60ce,ac6168d8c51a9220ff3b88b5de5c6038c357dcd1c8a36c2a1f201e2293e484e8,False,zero_filled,sensitivity,0.5,2,1,0.03,0.03,0,0.25,22.4041534771,0.602329725568,0.458233177662,0.353264629841,0.0970927476883,-0.256171882153,reconstructions/d4edbcc97ec00f079508e13004cf8c0e01806e2a1c89e0eb93c0e8df45158196/zero_filled-sensitivity-0.5-2-1.pt
d4edbcc97ec00f079508e13004cf8c0e01806e2a1c89e0eb93c0e8df45158196,3edb09d41378dfae155626fe72b75a2c4bde6a58,cff553233941e75169564d196f318bbdd728713e0809f049f5ada55d92b57e1e,7e25783c0a7c26e9b9f205121679098986989cb4fa109a54923972afe75d60ce,ac6168d8c51a9220ff3b88b5de5c6038c357dcd1c8a36c2a1f201e2293e484e8,False,tv,sensitivity,0.5,2,1,0.03,0.03,0,0.25,21.8384984221,0.521918340572,0.34032189846,0.35386261344,0.107556506991,-0.246306106448,reconstructions/d4edbcc97ec00f079508e13004cf8c0e01806e2a1c89e0eb93c0e8df45158196/tv-sensitivity-0.5-2-1.pt
d4edbcc97ec00f079508e13004cf8c0e01806e2a1c89e0eb93c0e8df45158196,3edb09d41378dfae155626fe72b75a2c4bde6a58,cff553233941e75169564d196f318bbdd728713e0809f049f5ada55d92b57e1e,7e25783c0a7c26e9b9f205121679098986989cb4fa109a54923972afe75d60ce,ac6168d8c51a9220ff3b88b5de5c6038c357dcd1c8a36c2a1f201e2293e484e8,False,dps,sensitivity,0.5,2,1,0.03,0.03,0,0.25,12.4549995148,0.191907582985,0.515316009521,0.542088747025,0.472794085741,-0.0692946612835,reconstructions/d4edbcc97ec00f079508e13004cf8c0e01806e2a1c89e0eb93c0e8df45158196/dps-sensitivity-0.5-2-1.pt
d4edbcc97ec00f079508e13004cf8c0e01806e2a1c89e0eb93c0e8df45158196,3edb09d41378dfae155626fe72b75a2c4bde6a58,cff553233941e75169564d196f318bbdd728713e0809f049f5ada55d92b57e1e,7e25783c0a7c26e9b9f205121679098986989cb4fa109a54923972afe75d60ce,ac6168d8c51a9220ff3b88b5de5c6038c357dcd1c8a36c2a1f201e2293e484e8,False,diffpir,sensitivity,0.5,2,1,0.03,0.03,0,0.25,6.06895395925,0.00714074499369,0.801977574825,0.471935391426,0.31983602047,-0.152099370956,reconstructions/d4edbcc97ec00f079508e13004cf8c0e01806e2a1c89e0eb93c0e8df45158196/diffpir-sensitivity-0.5-2-1.pt
d4edbcc97ec00f079508e13004cf8c0e01806e2a1c89e0eb93c0e8df45158196,3edb09d41378dfae155626fe72b75a2c4bde6a58,cff553233941e75169564d196f318bbdd728713e0809f049f5ada55d92b57e1e,7e25783c0a7c26e9b9f205121679098986989cb4fa109a54923972afe75d60ce,ac6168d8c51a9220ff3b88b5de5c6038c357dcd1c8a36c2a1f201e2293e484e8,False,pigdm,sensitivity,0.5,2,1,0.03,0.03,0,0.25,21.4596002387,0.464630088291,0.332974374294,0.357187151909,0.116399854422,-0.240787297487,reconstructions/d4edbcc97ec00f079508e13004cf8c0e01806e2a1c89e0eb93c0e8df45158196/pigdm-sensitivity-0.5-2-1.pt
d4edbcc97ec00f079508e13004cf8c0e01806e2a1c89e0eb93c0e8df45158196,3edb09d41378dfae155626fe72b75a2c4bde6a58,cff553233941e75169564d196f318bbdd728713e0809f049f5ada55d92b57e1e,7e25783c0a7c26e9b9f205121679098986989cb4fa109a54923972afe75d60ce,ac6168d8c51a9220ff3b88b5de5c6038c357dcd1c8a36c2a1f201e2293e484e8,False,zero_filled,sensitivity,0.5,2,2,0.03,0.03,0,0.25,18.2098860213,0.523875870321,0.243664249778,0.388913542032,0.115764729679,-0.273148812354,reconstructions/d4edbcc97ec00f079508e13004cf8c0e01806e2a1c89e0eb93c0e8df45158196/zero_filled-sensitivity-0.5-2-2.pt
d4edbcc97ec00f079508e13004cf8c0e01806e2a1c89e0eb93c0e8df45158196,3edb09d41378dfae155626fe72b75a2c4bde6a58,cff553233941e75169564d196f318bbdd728713e0809f049f5ada55d92b57e1e,7e25783c0a7c26e9b9f205121679098986989cb4fa109a54923972afe75d60ce,ac6168d8c51a9220ff3b88b5de5c6038c357dcd1c8a36c2a1f201e2293e484e8,False,tv,sensitivity,0.5,2,2,0.03,0.03,0,0.25,19.5910247994,0.706814699707,0.0826741755009,0.387283742428,0.118209712207,-0.269074030221,reconstructions/d4edbcc97ec00f079508e13004cf8c0e01806e2a1c89e0eb93c0e8df45158196/tv-sensitivity-0.5-2-2.pt
d4edbcc97ec00f079508e13004cf8c0e01806e2a1c89e0eb93c0e8df45158196,3edb09d41378dfae155626fe72b75a2c4bde6a58,cff553233941e75169564d196f318bbdd728713e0809f049f5ada55d92b57e1e,7e25783c0a7c26e9b9f205121679098986989cb4fa109a54923972afe75d60ce,ac6168d8c51a9220ff3b88b5de5c6038c357dcd1c8a36c2a1f201e2293e484e8,False,dps,sensitivity,0.5,2,2,0.03,0.03,0,0.25,7.4762630599,0.0114860031275,0.422297596931,1.00114953518,0.924836575985,-0.0763129591942,reconstructions/d4edbcc97ec00f079508e13004cf8c0e01806e2a1c89e0eb93c0e8df45158196/dps-sensitivity-0.5-2-2.pt
d4edbcc97ec00f079508e13004cf8c0e01806e2a1c89e0eb93c0e8df45158196,3edb09d41378dfae155626fe72b75a2c4bde6a58,cff553233941e75169564d196f318bbdd728713e0809f049f5ada55d92b57e1e,7e25783c0a7c26e9b9f205121679098986989cb4fa109a54923972afe75d60ce,ac6168d8c51a9220ff3b88b5de5c6038c357dcd1c8a36c2a1f201e2293e484e8,False,diffpir,sensitivity,0.5,2,2,0.03,0.03,0,0.25,4.39151133436,0.0165140702963,0.942975819111,0.91903424263,0.839070856571,-0.0799633860588,reconstructions/d4edbcc97ec00f079508e13004cf8c0e01806e2a1c89e0eb93c0e8df45158196/diffpir-sensitivity-0.5-2-2.pt
d4edbcc97ec00f079508e13004cf8c0e01806e2a1c89e0eb93c0e8df45158196,3edb09d41378dfae155626fe72b75a2c4bde6a58,cff553233941e75169564d196f318bbdd728713e0809f049f5ada55d92b57e1e,7e25783c0a7c26e9b9f205121679098986989cb4fa109a54923972afe75d60ce,ac6168d8c51a9220ff3b88b5de5c6038c357dcd1c8a36c2a1f201e2293e484e8,False,pigdm,sensitivity,0.5,2,2,0.03,0.03,0,0.25,17.4914403821,0.507670400305,0.133469313383,0.409853607416,0.179497763515,-0.230355843902,reconstructions/d4edbcc97ec00f079508e13004cf8c0e01806e2a1c89e0eb93c0e8df45158196/pigdm-sensitivity-0.5-2-2.pt
d4edbcc97ec00f079508e13004cf8c0e01806e2a1c89e0eb93c0e8df45158196,3edb09d41378dfae155626fe72b75a2c4bde6a58,cff553233941e75169564d196f318bbdd728713e0809f049f5ada55d92b57e1e,7e25783c0a7c26e9b9f205121679098986989cb4fa109a54923972afe75d60ce,ac6168d8c51a9220ff3b88b5de5c6038c357dcd1c8a36c2a1f201e2293e484e8,False,zero_filled,sensitivity,0.5,2,3,0.03,0.03,0,0.25,19.7706134141,0.585067282585,0.284034520388,0.331971168518,0.0973459035158,-0.234625265002,reconstructions/d4edbcc97ec00f079508e13004cf8c0e01806e2a1c89e0eb93c0e8df45158196/zero_filled-sensitivity-0.5-2-3.pt
d4edbcc97ec00f079508e13004cf8c0e01806e2a1c89e0eb93c0e8df45158196,3edb09d41378dfae155626fe72b75a2c4bde6a58,cff553233941e75169564d196f318bbdd728713e0809f049f5ada55d92b57e1e,7e25783c0a7c26e9b9f205121679098986989cb4fa109a54923972afe75d60ce,ac6168d8c51a9220ff3b88b5de5c6038c357dcd1c8a36c2a1f201e2293e484e8,False,tv,sensitivity,0.5,2,3,0.03,0.03,0,0.25,21.2766189054,0.684515941866,0.168309807777,0.331503987312,0.0975570902228,-0.233946897089,reconstructions/d4edbcc97ec00f079508e13004cf8c0e01806e2a1c89e0eb93c0e8df45158196/tv-sensitivity-0.5-2-3.pt
d4edbcc97ec00f079508e13004cf8c0e01806e2a1c89e0eb93c0e8df45158196,3edb09d41378dfae155626fe72b75a2c4bde6a58,cff553233941e75169564d196f318bbdd728713e0809f049f5ada55d92b57e1e,7e25783c0a7c26e9b9f205121679098986989cb4fa109a54923972afe75d60ce,ac6168d8c51a9220ff3b88b5de5c6038c357dcd1c8a36c2a1f201e2293e484e8,False,dps,sensitivity,0.5,2,3,0.03,0.03,0,0.25,9.51668860062,0.0815134114215,0.525445461273,0.569020807743,0.524924874306,-0.0440959334373,reconstructions/d4edbcc97ec00f079508e13004cf8c0e01806e2a1c89e0eb93c0e8df45158196/dps-sensitivity-0.5-2-3.pt
d4edbcc97ec00f079508e13004cf8c0e01806e2a1c89e0eb93c0e8df45158196,3edb09d41378dfae155626fe72b75a2c4bde6a58,cff553233941e75169564d196f318bbdd728713e0809f049f5ada55d92b57e1e,7e25783c0a7c26e9b9f205121679098986989cb4fa109a54923972afe75d60ce,ac6168d8c51a9220ff3b88b5de5c6038c357dcd1c8a36c2a1f201e2293e484e8,False,diffpir,sensitivity,0.5,2,3,0.03,0.03,0,0.25,5.52086094101,0.00449474960599,0.997197210789,0.475897818804,0.392505973577,-0.0833918452263,reconstructions/d4edbcc97ec00f079508e13004cf8c0e01806e2a1c89e0eb93c0e8df45158196/diffpir-sensitivity-0.5-2-3.pt
d4edbcc97ec00f079508e13004cf8c0e01806e2a1c89e0eb93c0e8df45158196,3edb09d41378dfae155626fe72b75a2c4bde6a58,cff553233941e75169564d196f318bbdd728713e0809f049f5ada55d92b57e1e,7e25783c0a7c26e9b9f205121679098986989cb4fa109a54923972afe75d60ce,ac6168d8c51a9220ff3b88b5de5c6038c357dcd1c8a36c2a1f201e2293e484e8,False,pigdm,sensitivity,0.5,2,3,0.03,0.03,0,0.25,18.9703651579,0.542826139409,0.197640061378,0.338325858116,0.121353439987,-0.216972418129,reconstructions/d4edbcc97ec00f079508e13004cf8c0e01806e2a1c89e0eb93c0e8df45158196/pigdm-sensitivity-0.5-2-3.pt
d4edbcc97ec00f079508e13004cf8c0e01806e2a1c89e0eb93c0e8df45158196,3edb09d41378dfae155626fe72b75a2c4bde6a58,cff553233941e75169564d196f318bbdd728713e0809f049f5ada55d92b57e1e,7e25783c0a7c26e9b9f205121679098986989cb4fa109a54923972afe75d60ce,ac6168d8c51a9220ff3b88b5de5c6038c357dcd1c8a36c2a1f201e2293e484e8,False,zero_filled,sensitivity,0.5,2,4,0.03,0.03,0,0.25,19.5517984375,0.686810271065,0.236333966255,0.27545696497,0.0853176042438,-0.190139360726,reconstructions/d4edbcc97ec00f079508e13004cf8c0e01806e2a1c89e0eb93c0e8df45158196/zero_filled-sensitivity-0.5-2-4.pt
d4edbcc97ec00f079508e13004cf8c0e01806e2a1c89e0eb93c0e8df45158196,3edb09d41378dfae155626fe72b75a2c4bde6a58,cff553233941e75169564d196f318bbdd728713e0809f049f5ada55d92b57e1e,7e25783c0a7c26e9b9f205121679098986989cb4fa109a54923972afe75d60ce,ac6168d8c51a9220ff3b88b5de5c6038c357dcd1c8a36c2a1f201e2293e484e8,False,tv,sensitivity,0.5,2,4,0.03,0.03,0,0.25,19.5716476836,0.683395618725,0.127141728997,0.274406820536,0.0884491354227,-0.185957685113,reconstructions/d4edbcc97ec00f079508e13004cf8c0e01806e2a1c89e0eb93c0e8df45158196/tv-sensitivity-0.5-2-4.pt
d4edbcc97ec00f079508e13004cf8c0e01806e2a1c89e0eb93c0e8df45158196,3edb09d41378dfae155626fe72b75a2c4bde6a58,cff553233941e75169564d196f318bbdd728713e0809f049f5ada55d92b57e1e,7e25783c0a7c26e9b9f205121679098986989cb4fa109a54923972afe75d60ce,ac6168d8c51a9220ff3b88b5de5c6038c357dcd1c8a36c2a1f201e2293e484e8,False,dps,sensitivity,0.5,2,4,0.03,0.03,0,0.25,9.32127190317,0.00781662034218,0.23682333529,0.561191022396,0.502713441849,-0.0584775805473,reconstructions/d4edbcc97ec00f079508e13004cf8c0e01806e2a1c89e0eb93c0e8df45158196/dps-sensitivity-0.5-2-4.pt
d4edbcc97ec00f079508e13004cf8c0e01806e2a1c89e0eb93c0e8df45158196,3edb09d41378dfae155626fe72b75a2c4bde6a58,cff553233941e75169564d196f318bbdd728713e0809f049f5ada55d92b57e1e,7e25783c0a7c26e9b9f205121679098986989cb4fa109a54923972afe75d60ce,ac6168d8c51a9220ff3b88b5de5c6038c357dcd1c8a36c2a1f201e2293e484e8,False,diffpir,sensitivity,0.5,2,4,0.03,0.03,0,0.25,5.15419640955,0.0137039565676,0.921470165253,0.483232021332,0.433932363987,-0.0492996573448,reconstructions/d4edbcc97ec00f079508e13004cf8c0e01806e2a1c89e0eb93c0e8df45158196/diffpir-sensitivity-0.5-2-4.pt
d4edbcc97ec00f079508e13004cf8c0e01806e2a1c89e0eb93c0e8df45158196,3edb09d41378dfae155626fe72b75a2c4bde6a58,cff553233941e75169564d196f318bbdd728713e0809f049f5ada55d92b57e1e,7e25783c0a7c26e9b9f205121679098986989cb4fa109a54923972afe75d60ce,ac6168d8c51a9220ff3b88b5de5c6038c357dcd1c8a36c2a1f201e2293e484e8,False,pigdm,sensitivity,0.5,2,4,0.03,0.03,0,0.25,19.2454163354,0.590421470172,0.110063537955,0.276404559612,0.0917090922594,-0.184695467353,reconstructions/d4edbcc97ec00f079508e13004cf8c0e01806e2a1c89e0eb93c0e8df45158196/pigdm-sensitivity-0.5-2-4.pt
d4edbcc97ec00f079508e13004cf8c0e01806e2a1c89e0eb93c0e8df45158196,3edb09d41378dfae155626fe72b75a2c4bde6a58,cff553233941e75169564d196f318bbdd728713e0809f049f5ada55d92b57e1e,7e25783c0a7c26e9b9f205121679098986989cb4fa109a54923972afe75d60ce,ac6168d8c51a9220ff3b88b5de5c6038c357dcd1c8a36c2a1f201e2293e484e8,False,zero_filled,sensitivity,0.5,2,5,0.03,0.03,0,0.25,19.3068251639,0.552085947253,0.384767234325,0.329449295998,0.0921715795994,-0.237277716398,reconstructions/d4edbcc97ec00f079508e13004cf8c0e01806e2a1c89e0eb93c0e8df45158196/zero_filled-sensitivity-0.5-2-5.pt
d4edbcc97ec00f079508e13004cf8c0e01806e2a1c89e0eb93c0e8df45158196,3edb09d41378dfae155626fe72b75a2c4bde6a58,cff553233941e75169564d196f318bbdd728713e0809f049f5ada55d92b57e1e,7e25783c0a7c26e9b9f205121679098986989cb4fa109a54923972afe75d60ce,ac6168d8c51a9220ff3b88b5de5c6038c357dcd1c8a36c2a1f201e2293e484e8,False,tv,sensitivity,0.5,2,5,0.03,0.03,0,0.25,19.2782721083,0.505023363984,0.287412673235,0.330199480057,0.0967096835375,-0.233489796519,reconstructions/d4edbcc97ec00f079508e13004cf8c0e01806e2a1c89e0eb93c0e8df45158196/tv-sensitivity-0.5-2-5.pt
d4edbcc97ec00f079508e13004cf8c0e01806e2a1c89e0eb93c0e8df45158196,3edb09d41378dfae155626fe72b75a2c4bde6a58,cff553233941e75169564d196f318bbdd728713e0809f049f5ada55d92b57e1e,7e25783c0a7c26e9b9f205121679098986989cb4fa109a54923972afe75d60ce,ac6168d8c51a9220ff3b88b5de5c6038c357dcd1c8a36c2a1f201e2293e484e8,False,dps,sensitivity,0.5,2,5,0.03,0.03,0,0.25,9.76618378445,0.0794857837926,0.576332688332,0.56413769722,0.465442985296,-0.0986947119236,reconstructions/d4edbcc97ec00f079508e13004cf8c0e01806e2a1c89e0eb93c0e8df45158196/dps-sensitivity-0.5-2-5.pt
d4edbcc97ec00f079508e13004cf8c0e01806e2a1c89e0eb93c0e8df45158196,3edb09d41378dfae155626fe72b75a2c4bde6a58,cff553233941e75169564d196f318bbdd728713e0809f049f5ada55d92b57e1e,7e25783c0a7c26e9b9f205121679098986989cb4fa109a54923972afe75d60ce,ac6168d8c51a9220ff3b88b5de5c6038c357dcd1c8a36c2a1f201e2293e484e8,False,diffpir,sensitivity,0.5,2,5,0.03,0.03,0,0.25,5.42109560747,0.0123470151473,0.82626414299,0.457379847765,0.363886922598,-0.0934929251671,reconstructions/d4edbcc97ec00f079508e13004cf8c0e01806e2a1c89e0eb93c0e8df45158196/diffpir-sensitivity-0.5-2-5.pt
d4edbcc97ec00f079508e13004cf8c0e01806e2a1c89e0eb93c0e8df45158196,3edb09d41378dfae155626fe72b75a2c4bde6a58,cff553233941e75169564d196f318bbdd728713e0809f049f5ada55d92b57e1e,7e25783c0a7c26e9b9f205121679098986989cb4fa109a54923972afe75d60ce,ac6168d8c51a9220ff3b88b5de5c6038c357dcd1c8a36c2a1f201e2293e484e8,False,pigdm,sensitivity,0.5,2,5,0.03,0.03,0,0.25,18.4530660501,0.399178797639,0.249263346195,0.332696229219,0.102972194552,-0.229724034667,reconstructions/d4edbcc97ec00f079508e13004cf8c0e01806e2a1c89e0eb93c0e8df45158196/pigdm-sensitivity-0.5-2-5.pt
d4edbcc97ec00f079508e13004cf8c0e01806e2a1c89e0eb93c0e8df45158196,3edb09d41378dfae155626fe72b75a2c4bde6a58,cff553233941e75169564d196f318bbdd728713e0809f049f5ada55d92b57e1e,7e25783c0a7c26e9b9f205121679098986989cb4fa109a54923972afe75d60ce,ac6168d8c51a9220ff3b88b5de5c6038c357dcd1c8a36c2a1f201e2293e484e8,False,zero_filled,sensitivity,0.5,2,6,0.03,0.03,0,0.25,17.0316969488,0.450410020692,0.309031456709,0.376870185137,0.12139493227,-0.255475252867,reconstructions/d4edbcc97ec00f079508e13004cf8c0e01806e2a1c89e0eb93c0e8df45158196/zero_filled-sensitivity-0.5-2-6.pt
d4edbcc97ec00f079508e13004cf8c0e01806e2a1c89e0eb93c0e8df45158196,3edb09d41378dfae155626fe72b75a2c4bde6a58,cff553233941e75169564d196f318bbdd728713e0809f049f5ada55d92b57e1e,7e25783c0a7c26e9b9f205121679098986989cb4fa109a54923972afe75d60ce,ac6168d8c51a9220ff3b88b5de5c6038c357dcd1c8a36c2a1f201e2293e484e8,False,tv,sensitivity,0.5,2,6,0.03,0.03,0,0.25,18.6050322677,0.609863259874,0.130438446999,0.375341743231,0.11826043576,-0.257081307471,reconstructions/d4edbcc97ec00f079508e13004cf8c0e01806e2a1c89e0eb93c0e8df45158196/tv-sensitivity-0.5-2-6.pt
d4edbcc97ec00f079508e13004cf8c0e01806e2a1c89e0eb93c0e8df45158196,3edb09d41378dfae155626fe72b75a2c4bde6a58,cff553233941e75169564d196f318bbdd728713e0809f049f5ada55d92b57e1e,7e25783c0a7c26e9b9f205121679098986989cb4fa109a54923972afe75d60ce,ac6168d8c51a9220ff3b88b5de5c6038c357dcd1c8a36c2a1f201e2293e484e8,False,dps,sensitivity,0.5,2,6,0.03,0.03,0,0.25,4.30526670118,-0.00889197249598,0.522604107857,1.48657608032,1.41484367847,-0.0717324018478,reconstructions/d4edbcc97ec00f079508e13004cf8c0e01806e2a1c89e0eb93c0e8df45158196/dps-sensitivity-0.5-2-6.pt
d4edbcc97ec00f079508e13004cf8c0e01806e2a1c89e0eb93c0e8df45158196,3edb09d41378dfae155626fe72b75a2c4bde6a58,cff553233941e75169564d196f318bbdd728713e0809f049f5ada55d92b57e1e,7e25783c0a7c26e9b9f205121679098986989cb4fa109a54923972afe75d60ce,ac6168d8c51a9220ff3b88b5de5c6038c357dcd1c8a36c2a1f201e2293e484e8,False,diffpir,sensitivity,0.5,2,6,0.03,0.03,0,0.25,4.1209099923,-0.00345048994267,0.900268733501,0.992760777473,0.918769419193,-0.0739913582802,reconstructions/d4edbcc97ec00f079508e13004cf8c0e01806e2a1c89e0eb93c0e8df45158196/diffpir-sensitivity-0.5-2-6.pt
d4edbcc97ec00f079508e13004cf8c0e01806e2a1c89e0eb93c0e8df45158196,3edb09d41378dfae155626fe72b75a2c4bde6a58,cff553233941e75169564d196f318bbdd728713e0809f049f5ada55d92b57e1e,7e25783c0a7c26e9b9f205121679098986989cb4fa109a54923972afe75d60ce,ac6168d8c51a9220ff3b88b5de5c6038c357dcd1c8a36c2a1f201e2293e484e8,False,pigdm,sensitivity,0.5,2,6,0.03,0.03,0,0.25,17.2077779118,0.458934664043,0.135944843292,0.39226898551,0.173715651035,-0.218553334475,reconstructions/d4edbcc97ec00f079508e13004cf8c0e01806e2a1c89e0eb93c0e8df45158196/pigdm-sensitivity-0.5-2-6.pt
d4edbcc97ec00f079508e13004cf8c0e01806e2a1c89e0eb93c0e8df45158196,3edb09d41378dfae155626fe72b75a2c4bde6a58,cff553233941e75169564d196f318bbdd728713e0809f049f5ada55d92b57e1e,7e25783c0a7c26e9b9f205121679098986989cb4fa109a54923972afe75d60ce,ac6168d8c51a9220ff3b88b5de5c6038c357dcd1c8a36c2a1f201e2293e484e8,False,zero_filled,sensitivity,0.5,2,7,0.03,0.03,0,0.25,19.2549449193,0.563777570347,0.271229445934,0.296075791121,0.0973971262574,-0.198678664863,reconstructions/d4edbcc97ec00f079508e13004cf8c0e01806e2a1c89e0eb93c0e8df45158196/zero_filled-sensitivity-0.5-2-7.pt
d4edbcc97ec00f079508e13004cf8c0e01806e2a1c89e0eb93c0e8df45158196,3edb09d41378dfae155626fe72b75a2c4bde6a58,cff553233941e75169564d196f318bbdd728713e0809f049f5ada55d92b57e1e,7e25783c0a7c26e9b9f205121679098986989cb4fa109a54923972afe75d60ce,ac6168d8c51a9220ff3b88b5de5c6038c357dcd1c8a36c2a1f201e2293e484e8,False,tv,sensitivity,0.5,2,7,0.03,0.03,0,0.25,20.6192479135,0.671762188562,0.100941412151,0.294235676527,0.0987888351083,-0.195446841419,reconstructions/d4edbcc97ec00f079508e13004cf8c0e01806e2a1c89e0eb93c0e8df45158196/tv-sensitivity-0.5-2-7.pt
d4edbcc97ec00f079508e13004cf8c0e01806e2a1c89e0eb93c0e8df45158196,3edb09d41378dfae155626fe72b75a2c4bde6a58,cff553233941e75169564d196f318bbdd728713e0809f049f5ada55d92b57e1e,7e25783c0a7c26e9b9f205121679098986989cb4fa109a54923972afe75d60ce,ac6168d8c51a9220ff3b88b5de5c6038c357dcd1c8a36c2a1f201e2293e484e8,False,dps,sensitivity,0.5,2,7,0.03,0.03,0,0.25,6.6515773042,0.0749347262419,0.578359246254,1.09346807003,1.02983295918,-0.0636351108551,reconstructions/d4edbcc97ec00f079508e13004cf8c0e01806e2a1c89e0eb93c0e8df45158196/dps-sensitivity-0.5-2-7.pt
d4edbcc97ec00f079508e13004cf8c0e01806e2a1c89e0eb93c0e8df45158196,3edb09d41378dfae155626fe72b75a2c4bde6a58,cff553233941e75169564d196f318bbdd728713e0809f049f5ada55d92b57e1e,7e25783c0a7c26e9b9f205121679098986989cb4fa109a54923972afe75d60ce,ac6168d8c51a9220ff3b88b5de5c6038c357dcd1c8a36c2a1f201e2293e484e8,False,diffpir,sensitivity,0.5,2,7,0.03,0.03,0,0.25,4.6213440328,0.0081024279129,0.964757800102,0.839971721172,0.785862326622,-0.0541093945503,reconstructions/d4edbcc97ec00f079508e13004cf8c0e01806e2a1c89e0eb93c0e8df45158196/diffpir-sensitivity-0.5-2-7.pt
d4edbcc97ec00f079508e13004cf8c0e01806e2a1c89e0eb93c0e8df45158196,3edb09d41378dfae155626fe72b75a2c4bde6a58,cff553233941e75169564d196f318bbdd728713e0809f049f5ada55d92b57e1e,7e25783c0a7c26e9b9f205121679098986989cb4fa109a54923972afe75d60ce,ac6168d8c51a9220ff3b88b5de5c6038c357dcd1c8a36c2a1f201e2293e484e8,False,pigdm,sensitivity,0.5,2,7,0.03,0.03,0,0.25,19.3022658574,0.514444523321,0.118555396795,0.320886313915,0.161882817745,-0.15900349617,reconstructions/d4edbcc97ec00f079508e13004cf8c0e01806e2a1c89e0eb93c0e8df45158196/pigdm-sensitivity-0.5-2-7.pt
